file,molecule,position,mol_pred_loaded,mol_cond_loaded,sanitization,inchi_convertible,all_atoms_connected,bond_lengths,bond_angles,internal_steric_clash,aromatic_ring_flatness,non-aromatic_ring_non-flatness,double_bond_flatness,internal_energy,protein-ligand_maximum_distance,minimum_distance_to_protein,minimum_distance_to_organic_cofactors,minimum_distance_to_inorganic_cofactors,minimum_distance_to_waters,volume_overlap_with_protein,volume_overlap_with_organic_cofactors,volume_overlap_with_inorganic_cofactors,volume_overlap_with_waters
/mnt/tank/scratch/okonovalova/AffiTox/analysis/excluding_2z5x_3mjg/tables/posebuster/sdf/4tz4/gnina/ligand_111.sdf,,0,True,True,True,True,True,True,True,True,True,True,True,True,True,True,True,True,True,True,True,True,True
/mnt/tank/scratch/okonovalova/AffiTox/analysis/excluding_2z5x_3mjg/tables/posebuster/sdf/4tz4/gnina/ligand_107.sdf,,0,True,True,True,True,True,True,True,True,True,True,True,True,True,True,True,True,True,True,True,True,True
/mnt/tank/scratch/okonovalova/AffiTox/analysis/excluding_2z5x_3mjg/tables/posebuster/sdf/4tz4/gnina/ligand_112.sdf,,0,True,True,True,True,True,True,True,True,True,True,True,True,True,True,True,True,True,True,True,True,True
/mnt/tank/scratch/okonovalova/AffiTox/analysis/excluding_2z5x_3mjg/tables/posebuster/sdf/4tz4/gnina/ligand_103.sdf,,0,True,True,True,True,True,True,True,True,True,True,True,True,True,True,True,True,True,True,True,True,True
/mnt/tank/scratch/okonovalova/AffiTox/analysis/excluding_2z5x_3mjg/tables/posebuster/sdf/4tz4/gnina/ligand_113.sdf,,0,True,True,True,True,True,True,True,True,True,True,True,True,True,True,True,True,True,True,True,True,True
/mnt/tank/scratch/okonovalova/AffiTox/analysis/excluding_2z5x_3mjg/tables/posebuster/sdf/4tz4/gnina/ligand_114.sdf,,0,True,True,True,True,True,True,True,True,True,True,True,True,True,True,True,True,True,True,True,True,True
/mnt/tank/scratch/okonovalova/AffiTox/analysis/excluding_2z5x_3mjg/tables/posebuster/sdf/4tz4/gnina/ligand_110.sdf,,0,True,True,True,True,True,True,True,True,True,True,True,True,True,True,True,True,True,True,True,True,True
/mnt/tank/scratch/okonovalova/AffiTox/analysis/excluding_2z5x_3mjg/tables/posebuster/sdf/4tz4/gnina/ligand_10.sdf,,0,True,True,True,True,True,True,True,True,True,True,True,False,True,True,True,True,True,True,True,True,True
/mnt/tank/scratch/okonovalova/AffiTox/analysis/excluding_2z5x_3mjg/tables/posebuster/sdf/4tz4/gnina/ligand_105.sdf,,0,True,True,True,True,True,True,True,True,True,True,True,True,True,True,True,True,True,True,True,True,True
/mnt/tank/scratch/okonovalova/AffiTox/analysis/excluding_2z5x_3mjg/tables/posebuster/sdf/4tz4/gnina/ligand_109.sdf,,0,True,True,True,True,True,True,True,True,True,True,True,True,True,True,True,True,True,True,True,True,True
/mnt/tank/scratch/okonovalova/AffiTox/analysis/excluding_2z5x_3mjg/tables/posebuster/sdf/4tz4/gnina/ligand_104.sdf,,0,True,True,True,True,True,True,True,True,True,True,True,True,True,True,True,True,True,True,True,True,True
/mnt/tank/scratch/okonovalova/AffiTox/analysis/excluding_2z5x_3mjg/tables/posebuster/sdf/4tz4/gnina/ligand_106.sdf,,0,True,True,True,True,True,True,True,True,True,True,True,True,True,True,True,True,True,True,True,True,True
/mnt/tank/scratch/okonovalova/AffiTox/analysis/excluding_2z5x_3mjg/tables/posebuster/sdf/4tz4/gnina/ligand_108.sdf,,0,True,True,True,True,True,True,True,True,True,True,True,True,True,True,True,True,True,True,True,True,True
/mnt/tank/scratch/okonovalova/AffiTox/analysis/excluding_2z5x_3mjg/tables/posebuster/sdf/4tz4/gnina/ligand_102.sdf,,0,True,True,True,True,True,True,True,True,True,True,True,True,True,True,True,True,True,True,True,True,True
/mnt/tank/scratch/okonovalova/AffiTox/analysis/excluding_2z5x_3mjg/tables/posebuster/sdf/4tz4/gnina/ligand_101.sdf,,0,True,True,True,True,True,True,True,True,True,True,True,True,True,True,True,True,True,True,True,True,True
/mnt/tank/scratch/okonovalova/AffiTox/analysis/excluding_2z5x_3mjg/tables/posebuster/sdf/4tz4/gnina/ligand_100.sdf,,0,True,True,True,True,True,True,True,True,True,True,True,True,True,True,True,True,True,True,True,True,True
/mnt/tank/scratch/okonovalova/AffiTox/analysis/excluding_2z5x_3mjg/tables/posebuster/sdf/4tz4/gnina/ligand_115.sdf,,0,True,True,True,True,True,True,True,True,True,True,True,True,True,True,True,True,True,True,True,True,True
/mnt/tank/scratch/okonovalova/AffiTox/analysis/excluding_2z5x_3mjg/tables/posebuster/sdf/4tz4/gnina/ligand_119.sdf,,0,True,True,True,True,True,True,True,True,True,True,True,True,True,True,True,True,True,True,True,True,True
/mnt/tank/scratch/okonovalova/AffiTox/analysis/excluding_2z5x_3mjg/tables/posebuster/sdf/4tz4/gnina/ligand_121.sdf,,0,True,True,True,True,True,True,True,True,True,True,True,True,True,True,True,True,True,True,True,True,True
/mnt/tank/scratch/okonovalova/AffiTox/analysis/excluding_2z5x_3mjg/tables/posebuster/sdf/4tz4/gnina/ligand_117.sdf,,0,True,True,True,True,True,True,True,True,True,True,True,True,True,True,True,True,True,True,True,True,True
/mnt/tank/scratch/okonovalova/AffiTox/analysis/excluding_2z5x_3mjg/tables/posebuster/sdf/4tz4/gnina/ligand_122.sdf,,0,True,True,True,True,True,True,True,True,True,True,True,True,True,True,True,True,True,True,True,True,True
/mnt/tank/scratch/okonovalova/AffiTox/analysis/excluding_2z5x_3mjg/tables/posebuster/sdf/4tz4/gnina/ligand_116.sdf,,0,True,True,True,True,True,True,True,True,True,True,True,True,True,True,True,True,True,True,True,True,True
/mnt/tank/scratch/okonovalova/AffiTox/analysis/excluding_2z5x_3mjg/tables/posebuster/sdf/4tz4/gnina/ligand_118.sdf,,0,True,True,True,True,True,True,True,True,True,True,True,True,True,True,True,True,True,True,True,True,True
/mnt/tank/scratch/okonovalova/AffiTox/analysis/excluding_2z5x_3mjg/tables/posebuster/sdf/4tz4/gnina/ligand_123.sdf,,0,True,True,True,True,True,True,True,True,True,True,True,True,True,True,True,True,True,True,True,True,True
/mnt/tank/scratch/okonovalova/AffiTox/analysis/excluding_2z5x_3mjg/tables/posebuster/sdf/4tz4/gnina/ligand_120.sdf,,0,True,True,True,True,True,True,True,True,True,True,True,True,True,True,True,True,True,True,True,True,True
/mnt/tank/scratch/okonovalova/AffiTox/analysis/excluding_2z5x_3mjg/tables/posebuster/sdf/4tz4/gnina/ligand_126.sdf,,0,True,True,True,True,True,True,True,True,True,True,True,True,True,True,True,True,True,True,True,True,True
/mnt/tank/scratch/okonovalova/AffiTox/analysis/excluding_2z5x_3mjg/tables/posebuster/sdf/4tz4/gnina/ligand_124.sdf,,0,True,True,True,True,True,True,True,True,True,True,True,True,True,True,True,True,True,True,True,True,True
/mnt/tank/scratch/okonovalova/AffiTox/analysis/excluding_2z5x_3mjg/tables/posebuster/sdf/4tz4/gnina/ligand_127.sdf,,0,True,True,True,True,True,True,True,True,True,True,True,True,True,True,True,True,True,True,True,True,True
/mnt/tank/scratch/okonovalova/AffiTox/analysis/excluding_2z5x_3mjg/tables/posebuster/sdf/4tz4/gnina/ligand_11.sdf,,0,True,True,True,True,True,True,True,True,True,True,True,True,True,True,True,True,True,True,True,True,True
/mnt/tank/scratch/okonovalova/AffiTox/analysis/excluding_2z5x_3mjg/tables/posebuster/sdf/4tz4/gnina/ligand_14.sdf,,0,True,True,True,True,True,True,True,True,True,True,True,True,True,True,True,True,True,True,True,True,True
/mnt/tank/scratch/okonovalova/AffiTox/analysis/excluding_2z5x_3mjg/tables/posebuster/sdf/4tz4/gnina/ligand_13.sdf,,0,True,True,True,True,True,True,True,True,True,True,True,True,True,True,True,True,True,True,True,True,True
/mnt/tank/scratch/okonovalova/AffiTox/analysis/excluding_2z5x_3mjg/tables/posebuster/sdf/4tz4/gnina/ligand_1.sdf,,0,True,True,True,True,True,True,True,True,True,True,True,True,True,True,True,True,True,True,True,True,True
/mnt/tank/scratch/okonovalova/AffiTox/analysis/excluding_2z5x_3mjg/tables/posebuster/sdf/4tz4/gnina/ligand_12.sdf,,0,True,True,True,True,True,True,True,True,True,True,True,True,True,True,True,True,True,True,True,True,True
/mnt/tank/scratch/okonovalova/AffiTox/analysis/excluding_2z5x_3mjg/tables/posebuster/sdf/4tz4/gnina/ligand_15.sdf,,0,True,True,True,True,True,True,True,True,True,True,True,True,True,True,True,True,True,True,True,True,True
/mnt/tank/scratch/okonovalova/AffiTox/analysis/excluding_2z5x_3mjg/tables/posebuster/sdf/4tz4/gnina/ligand_16.sdf,,0,True,True,True,True,True,True,True,True,True,True,True,True,True,True,True,True,True,True,True,True,True
/mnt/tank/scratch/okonovalova/AffiTox/analysis/excluding_2z5x_3mjg/tables/posebuster/sdf/4tz4/gnina/ligand_125.sdf,,0,True,True,True,True,True,True,True,True,True,True,True,True,True,True,True,True,True,True,True,True,True
/mnt/tank/scratch/okonovalova/AffiTox/analysis/excluding_2z5x_3mjg/tables/posebuster/sdf/4tz4/gnina/ligand_17.sdf,,0,True,True,True,True,True,True,True,True,True,True,True,True,True,True,True,True,True,True,True,True,True
/mnt/tank/scratch/okonovalova/AffiTox/analysis/excluding_2z5x_3mjg/tables/posebuster/sdf/4tz4/gnina/ligand_21.sdf,,0,True,True,True,True,True,True,True,True,True,True,True,True,True,True,True,True,True,True,True,True,True
/mnt/tank/scratch/okonovalova/AffiTox/analysis/excluding_2z5x_3mjg/tables/posebuster/sdf/4tz4/gnina/ligand_19.sdf,,0,True,True,True,True,True,True,True,True,True,True,True,True,True,True,True,True,True,True,True,True,True
/mnt/tank/scratch/okonovalova/AffiTox/analysis/excluding_2z5x_3mjg/tables/posebuster/sdf/4tz4/gnina/ligand_25.sdf,,0,True,True,True,True,True,True,True,True,True,True,True,True,True,True,True,True,True,True,True,True,True
/mnt/tank/scratch/okonovalova/AffiTox/analysis/excluding_2z5x_3mjg/tables/posebuster/sdf/4tz4/gnina/ligand_20.sdf,,0,True,True,True,True,True,True,True,True,True,True,True,True,True,True,True,True,True,True,True,True,True
/mnt/tank/scratch/okonovalova/AffiTox/analysis/excluding_2z5x_3mjg/tables/posebuster/sdf/4tz4/gnina/ligand_24.sdf,,0,True,True,True,True,True,True,True,True,True,True,True,True,True,True,True,True,True,True,True,True,True
/mnt/tank/scratch/okonovalova/AffiTox/analysis/excluding_2z5x_3mjg/tables/posebuster/sdf/4tz4/gnina/ligand_23.sdf,,0,True,True,True,True,True,True,True,True,True,True,True,True,True,True,True,True,True,True,True,True,True
/mnt/tank/scratch/okonovalova/AffiTox/analysis/excluding_2z5x_3mjg/tables/posebuster/sdf/4tz4/gnina/ligand_27.sdf,,0,True,True,True,True,True,True,True,True,True,True,True,True,True,True,True,True,True,True,True,True,True
/mnt/tank/scratch/okonovalova/AffiTox/analysis/excluding_2z5x_3mjg/tables/posebuster/sdf/4tz4/gnina/ligand_18.sdf,,0,True,True,True,True,True,True,True,True,True,True,True,True,True,True,True,True,True,True,True,True,True
/mnt/tank/scratch/okonovalova/AffiTox/analysis/excluding_2z5x_3mjg/tables/posebuster/sdf/4tz4/gnina/ligand_29.sdf,,0,True,True,True,True,True,True,True,True,True,True,True,True,True,True,True,True,True,True,True,True,True
/mnt/tank/scratch/okonovalova/AffiTox/analysis/excluding_2z5x_3mjg/tables/posebuster/sdf/4tz4/gnina/ligand_28.sdf,,0,True,True,True,True,True,True,True,True,True,True,True,True,True,True,True,True,True,True,True,True,True
/mnt/tank/scratch/okonovalova/AffiTox/analysis/excluding_2z5x_3mjg/tables/posebuster/sdf/4tz4/gnina/ligand_26.sdf,,0,True,True,True,True,True,True,True,True,True,True,True,True,True,True,True,True,True,True,True,True,True
/mnt/tank/scratch/okonovalova/AffiTox/analysis/excluding_2z5x_3mjg/tables/posebuster/sdf/4tz4/gnina/ligand_30.sdf,,0,True,True,True,True,True,True,True,True,True,True,True,False,True,True,True,True,True,True,True,True,True
/mnt/tank/scratch/okonovalova/AffiTox/analysis/excluding_2z5x_3mjg/tables/posebuster/sdf/4tz4/gnina/ligand_2.sdf,,0,True,True,True,True,True,True,True,True,True,True,True,True,True,True,True,True,True,True,True,True,True
/mnt/tank/scratch/okonovalova/AffiTox/analysis/excluding_2z5x_3mjg/tables/posebuster/sdf/4tz4/gnina/ligand_31.sdf,,0,True,True,True,True,True,True,True,True,True,True,True,True,True,True,True,True,True,True,True,True,True
/mnt/tank/scratch/okonovalova/AffiTox/analysis/excluding_2z5x_3mjg/tables/posebuster/sdf/4tz4/gnina/ligand_37.sdf,,0,True,True,True,True,True,True,True,True,True,True,True,False,True,True,True,True,True,True,True,True,True
/mnt/tank/scratch/okonovalova/AffiTox/analysis/excluding_2z5x_3mjg/tables/posebuster/sdf/4tz4/gnina/ligand_35.sdf,,0,True,True,True,True,True,True,True,True,True,True,True,True,True,True,True,True,True,True,True,True,True
/mnt/tank/scratch/okonovalova/AffiTox/analysis/excluding_2z5x_3mjg/tables/posebuster/sdf/4tz4/gnina/ligand_34.sdf,,0,True,True,True,True,True,True,True,True,True,True,True,True,True,True,True,True,True,True,True,True,True
/mnt/tank/scratch/okonovalova/AffiTox/analysis/excluding_2z5x_3mjg/tables/posebuster/sdf/4tz4/gnina/ligand_3.sdf,,0,True,True,True,True,True,True,True,True,True,True,True,True,True,True,True,True,True,True,True,True,True
/mnt/tank/scratch/okonovalova/AffiTox/analysis/excluding_2z5x_3mjg/tables/posebuster/sdf/4tz4/gnina/ligand_40.sdf,,0,True,True,True,True,True,True,True,True,True,True,True,True,True,True,True,True,True,True,True,True,True
/mnt/tank/scratch/okonovalova/AffiTox/analysis/excluding_2z5x_3mjg/tables/posebuster/sdf/4tz4/gnina/ligand_38.sdf,,0,True,True,True,True,True,True,True,True,True,True,True,True,True,True,True,True,True,True,True,True,True
/mnt/tank/scratch/okonovalova/AffiTox/analysis/excluding_2z5x_3mjg/tables/posebuster/sdf/4tz4/gnina/ligand_32.sdf,,0,True,True,True,True,True,True,True,True,True,True,True,True,True,True,True,True,True,True,True,True,True
/mnt/tank/scratch/okonovalova/AffiTox/analysis/excluding_2z5x_3mjg/tables/posebuster/sdf/4tz4/gnina/ligand_41.sdf,,0,True,True,True,True,True,True,True,True,True,True,True,True,True,True,True,True,True,True,True,True,True
/mnt/tank/scratch/okonovalova/AffiTox/analysis/excluding_2z5x_3mjg/tables/posebuster/sdf/4tz4/gnina/ligand_42.sdf,,0,True,True,True,True,True,True,True,True,True,True,True,True,True,True,True,True,True,True,True,True,True
/mnt/tank/scratch/okonovalova/AffiTox/analysis/excluding_2z5x_3mjg/tables/posebuster/sdf/4tz4/gnina/ligand_36.sdf,,0,True,True,True,True,True,True,True,True,True,True,True,True,True,True,True,True,True,True,True,True,True
/mnt/tank/scratch/okonovalova/AffiTox/analysis/excluding_2z5x_3mjg/tables/posebuster/sdf/4tz4/gnina/ligand_33.sdf,,0,True,True,True,True,True,True,True,True,True,True,True,True,True,True,True,True,True,True,True,True,True
/mnt/tank/scratch/okonovalova/AffiTox/analysis/excluding_2z5x_3mjg/tables/posebuster/sdf/4tz4/gnina/ligand_39.sdf,,0,True,True,True,True,True,True,True,True,True,True,True,True,True,True,True,True,True,True,True,True,True
/mnt/tank/scratch/okonovalova/AffiTox/analysis/excluding_2z5x_3mjg/tables/posebuster/sdf/4tz4/gnina/ligand_43.sdf,,0,True,True,True,True,True,True,True,True,True,True,True,True,True,True,True,True,True,True,True,True,True
/mnt/tank/scratch/okonovalova/AffiTox/analysis/excluding_2z5x_3mjg/tables/posebuster/sdf/4tz4/gnina/ligand_45.sdf,,0,True,True,True,True,True,True,True,True,True,True,True,True,True,True,True,True,True,True,True,True,True
/mnt/tank/scratch/okonovalova/AffiTox/analysis/excluding_2z5x_3mjg/tables/posebuster/sdf/4tz4/gnina/ligand_44.sdf,,0,True,True,True,True,True,True,True,True,True,True,True,True,True,True,True,True,True,True,True,True,True
/mnt/tank/scratch/okonovalova/AffiTox/analysis/excluding_2z5x_3mjg/tables/posebuster/sdf/4tz4/gnina/ligand_48.sdf,,0,True,True,True,True,True,True,True,True,True,True,True,True,True,True,True,True,True,True,True,True,True
/mnt/tank/scratch/okonovalova/AffiTox/analysis/excluding_2z5x_3mjg/tables/posebuster/sdf/4tz4/gnina/ligand_46.sdf,,0,True,True,True,True,True,True,True,True,True,True,True,True,True,True,True,True,True,True,True,True,True
/mnt/tank/scratch/okonovalova/AffiTox/analysis/excluding_2z5x_3mjg/tables/posebuster/sdf/4tz4/gnina/ligand_49.sdf,,0,True,True,True,True,True,True,True,True,True,True,True,True,True,True,True,True,True,True,True,True,True
/mnt/tank/scratch/okonovalova/AffiTox/analysis/excluding_2z5x_3mjg/tables/posebuster/sdf/4tz4/gnina/ligand_47.sdf,,0,True,True,True,True,True,True,True,True,True,True,True,True,True,True,True,True,True,True,True,True,True
/mnt/tank/scratch/okonovalova/AffiTox/analysis/excluding_2z5x_3mjg/tables/posebuster/sdf/4tz4/gnina/ligand_4.sdf,,0,True,True,True,True,True,True,True,True,True,True,True,True,True,True,True,True,True,True,True,True,True
/mnt/tank/scratch/okonovalova/AffiTox/analysis/excluding_2z5x_3mjg/tables/posebuster/sdf/4tz4/gnina/ligand_50.sdf,,0,True,True,True,True,True,True,True,True,True,True,True,True,True,True,True,True,True,True,True,True,True
/mnt/tank/scratch/okonovalova/AffiTox/analysis/excluding_2z5x_3mjg/tables/posebuster/sdf/4tz4/gnina/ligand_55.sdf,,0,True,True,True,True,True,True,True,True,True,True,True,True,True,True,True,True,True,True,True,True,True
/mnt/tank/scratch/okonovalova/AffiTox/analysis/excluding_2z5x_3mjg/tables/posebuster/sdf/4tz4/gnina/ligand_53.sdf,,0,True,True,True,True,True,True,True,True,True,True,True,True,True,True,True,True,True,True,True,True,True
/mnt/tank/scratch/okonovalova/AffiTox/analysis/excluding_2z5x_3mjg/tables/posebuster/sdf/4tz4/gnina/ligand_56.sdf,,0,True,True,True,True,True,True,True,True,True,True,True,True,True,True,True,True,True,True,True,True,True
/mnt/tank/scratch/okonovalova/AffiTox/analysis/excluding_2z5x_3mjg/tables/posebuster/sdf/4tz4/gnina/ligand_57.sdf,,0,True,True,True,True,True,True,True,True,True,True,True,True,True,True,True,True,True,True,True,True,True
/mnt/tank/scratch/okonovalova/AffiTox/analysis/excluding_2z5x_3mjg/tables/posebuster/sdf/4tz4/gnina/ligand_58.sdf,,0,True,True,True,True,True,True,True,True,True,True,True,True,True,True,True,True,True,True,True,True,True
/mnt/tank/scratch/okonovalova/AffiTox/analysis/excluding_2z5x_3mjg/tables/posebuster/sdf/4tz4/gnina/ligand_54.sdf,,0,True,True,True,True,True,True,True,True,True,True,True,True,True,True,True,True,True,True,True,True,True
/mnt/tank/scratch/okonovalova/AffiTox/analysis/excluding_2z5x_3mjg/tables/posebuster/sdf/4tz4/gnina/ligand_52.sdf,,0,True,True,True,True,True,True,True,True,True,True,True,True,True,True,True,True,True,True,True,True,True
/mnt/tank/scratch/okonovalova/AffiTox/analysis/excluding_2z5x_3mjg/tables/posebuster/sdf/4tz4/gnina/ligand_51.sdf,,0,True,True,True,True,True,True,True,True,True,True,True,True,True,True,True,True,True,True,True,True,True
/mnt/tank/scratch/okonovalova/AffiTox/analysis/excluding_2z5x_3mjg/tables/posebuster/sdf/4tz4/gnina/ligand_5.sdf,,0,True,True,True,True,True,True,True,True,True,True,True,True,True,True,True,True,True,True,True,True,True
/mnt/tank/scratch/okonovalova/AffiTox/analysis/excluding_2z5x_3mjg/tables/posebuster/sdf/4tz4/gnina/ligand_60.sdf,,0,True,True,True,True,True,True,True,True,True,True,True,True,True,True,True,True,True,True,True,True,True
/mnt/tank/scratch/okonovalova/AffiTox/analysis/excluding_2z5x_3mjg/tables/posebuster/sdf/4tz4/gnina/ligand_59.sdf,,0,True,True,True,True,True,True,True,True,True,True,True,True,True,True,True,True,True,True,True,True,True
/mnt/tank/scratch/okonovalova/AffiTox/analysis/excluding_2z5x_3mjg/tables/posebuster/sdf/4tz4/gnina/ligand_69.sdf,,0,True,True,True,True,True,True,True,True,True,True,True,True,True,True,True,True,True,True,True,True,True
/mnt/tank/scratch/okonovalova/AffiTox/analysis/excluding_2z5x_3mjg/tables/posebuster/sdf/4tz4/gnina/ligand_70.sdf,,0,True,True,True,True,True,True,True,True,True,True,True,True,True,True,True,True,True,True,True,True,True
/mnt/tank/scratch/okonovalova/AffiTox/analysis/excluding_2z5x_3mjg/tables/posebuster/sdf/4tz4/gnina/ligand_61.sdf,,0,True,True,True,True,True,True,True,True,True,True,True,True,True,True,True,True,True,True,True,True,True
/mnt/tank/scratch/okonovalova/AffiTox/analysis/excluding_2z5x_3mjg/tables/posebuster/sdf/4tz4/gnina/ligand_65.sdf,,0,True,True,True,True,True,True,True,True,True,True,True,True,True,True,True,True,True,True,True,True,True
/mnt/tank/scratch/okonovalova/AffiTox/analysis/excluding_2z5x_3mjg/tables/posebuster/sdf/4tz4/gnina/ligand_62.sdf,,0,True,True,True,True,True,True,True,True,True,True,True,True,True,True,True,True,True,True,True,True,True
/mnt/tank/scratch/okonovalova/AffiTox/analysis/excluding_2z5x_3mjg/tables/posebuster/sdf/4tz4/gnina/ligand_68.sdf,,0,True,True,True,True,True,True,True,True,True,True,True,True,True,True,True,True,True,True,True,True,True
/mnt/tank/scratch/okonovalova/AffiTox/analysis/excluding_2z5x_3mjg/tables/posebuster/sdf/4tz4/gnina/ligand_63.sdf,,0,True,True,True,True,True,True,True,True,True,True,True,True,True,True,True,True,True,True,True,True,True
/mnt/tank/scratch/okonovalova/AffiTox/analysis/excluding_2z5x_3mjg/tables/posebuster/sdf/4tz4/gnina/ligand_64.sdf,,0,True,True,True,True,True,True,True,True,True,True,True,True,True,True,True,True,True,True,True,True,True
/mnt/tank/scratch/okonovalova/AffiTox/analysis/excluding_2z5x_3mjg/tables/posebuster/sdf/4tz4/gnina/ligand_67.sdf,,0,True,True,True,True,True,True,True,True,True,True,True,True,True,True,True,True,True,True,True,True,True
/mnt/tank/scratch/okonovalova/AffiTox/analysis/excluding_2z5x_3mjg/tables/posebuster/sdf/4tz4/gnina/ligand_66.sdf,,0,True,True,True,True,True,True,True,True,True,True,True,True,True,True,True,True,True,True,True,True,True
/mnt/tank/scratch/okonovalova/AffiTox/analysis/excluding_2z5x_3mjg/tables/posebuster/sdf/4tz4/gnina/ligand_72.sdf,,0,True,True,True,True,True,True,True,True,True,True,True,True,True,True,True,True,True,True,True,True,True
/mnt/tank/scratch/okonovalova/AffiTox/analysis/excluding_2z5x_3mjg/tables/posebuster/sdf/4tz4/gnina/ligand_71.sdf,,0,True,True,True,True,True,True,True,True,True,True,True,True,True,True,True,True,True,True,True,True,True
/mnt/tank/scratch/okonovalova/AffiTox/analysis/excluding_2z5x_3mjg/tables/posebuster/sdf/4tz4/gnina/ligand_73.sdf,,0,True,True,True,True,True,True,True,True,True,True,True,True,True,True,True,True,True,True,True,True,True
/mnt/tank/scratch/okonovalova/AffiTox/analysis/excluding_2z5x_3mjg/tables/posebuster/sdf/4tz4/gnina/ligand_76.sdf,,0,True,True,True,True,True,True,True,True,True,True,True,True,True,True,True,True,True,True,True,True,True
/mnt/tank/scratch/okonovalova/AffiTox/analysis/excluding_2z5x_3mjg/tables/posebuster/sdf/4tz4/gnina/ligand_74.sdf,,0,True,True,True,True,True,True,True,True,True,True,True,True,True,True,True,True,True,True,True,True,True
/mnt/tank/scratch/okonovalova/AffiTox/analysis/excluding_2z5x_3mjg/tables/posebuster/sdf/4tz4/gnina/ligand_75.sdf,,0,True,True,True,True,True,True,True,True,True,True,True,True,True,True,True,True,True,True,True,True,True
/mnt/tank/scratch/okonovalova/AffiTox/analysis/excluding_2z5x_3mjg/tables/posebuster/sdf/4tz4/gnina/ligand_6.sdf,,0,True,True,True,True,True,True,True,True,True,True,True,True,True,True,True,True,True,True,True,True,True
/mnt/tank/scratch/okonovalova/AffiTox/analysis/excluding_2z5x_3mjg/tables/posebuster/sdf/4tz4/gnina/ligand_77.sdf,,0,True,True,True,True,True,True,True,True,True,True,True,True,True,True,True,True,True,True,True,True,True
/mnt/tank/scratch/okonovalova/AffiTox/analysis/excluding_2z5x_3mjg/tables/posebuster/sdf/4tz4/gnina/ligand_90.sdf,,0,True,True,True,True,True,True,True,True,True,True,True,True,True,True,True,True,True,True,True,True,True
/mnt/tank/scratch/okonovalova/AffiTox/analysis/excluding_2z5x_3mjg/tables/posebuster/sdf/4tz4/gnina/ligand_79.sdf,,0,True,True,True,True,True,True,True,True,True,True,True,True,True,True,True,True,True,True,True,True,True
/mnt/tank/scratch/okonovalova/AffiTox/analysis/excluding_2z5x_3mjg/tables/posebuster/sdf/4tz4/gnina/ligand_80.sdf,,0,True,True,True,True,True,True,True,True,True,True,True,True,True,True,True,True,True,True,True,True,True
/mnt/tank/scratch/okonovalova/AffiTox/analysis/excluding_2z5x_3mjg/tables/posebuster/sdf/4tz4/gnina/ligand_8.sdf,,0,True,True,True,True,True,True,True,True,True,True,True,True,True,True,True,True,True,True,True,True,True
/mnt/tank/scratch/okonovalova/AffiTox/analysis/excluding_2z5x_3mjg/tables/posebuster/sdf/4tz4/gnina/ligand_83.sdf,,0,True,True,True,True,True,True,True,True,True,True,True,True,True,True,True,True,True,True,True,True,True
/mnt/tank/scratch/okonovalova/AffiTox/analysis/excluding_2z5x_3mjg/tables/posebuster/sdf/4tz4/gnina/ligand_7.sdf,,0,True,True,True,True,True,True,True,True,True,True,True,True,True,True,True,True,True,True,True,True,True
/mnt/tank/scratch/okonovalova/AffiTox/analysis/excluding_2z5x_3mjg/tables/posebuster/sdf/4tz4/gnina/ligand_85.sdf,,0,True,True,True,True,True,True,True,False,True,True,True,True,True,True,True,True,True,True,True,True,True
/mnt/tank/scratch/okonovalova/AffiTox/analysis/excluding_2z5x_3mjg/tables/posebuster/sdf/4tz4/gnina/ligand_81.sdf,,0,True,True,True,True,True,True,True,True,True,True,True,True,True,True,True,True,True,True,True,True,True
/mnt/tank/scratch/okonovalova/AffiTox/analysis/excluding_2z5x_3mjg/tables/posebuster/sdf/4tz4/gnina/ligand_86.sdf,,0,True,True,True,True,True,True,True,True,True,True,True,True,True,True,True,True,True,True,True,True,True
/mnt/tank/scratch/okonovalova/AffiTox/analysis/excluding_2z5x_3mjg/tables/posebuster/sdf/4tz4/gnina/ligand_82.sdf,,0,True,True,True,True,True,True,True,True,True,True,True,True,True,True,True,True,True,True,True,True,True
/mnt/tank/scratch/okonovalova/AffiTox/analysis/excluding_2z5x_3mjg/tables/posebuster/sdf/4tz4/gnina/ligand_78.sdf,,0,True,True,True,True,True,True,True,True,True,True,True,True,True,True,True,True,True,True,True,True,True
/mnt/tank/scratch/okonovalova/AffiTox/analysis/excluding_2z5x_3mjg/tables/posebuster/sdf/4tz4/gnina/ligand_84.sdf,,0,True,True,True,True,True,True,True,True,True,True,True,True,True,True,True,True,True,True,True,True,True
/mnt/tank/scratch/okonovalova/AffiTox/analysis/excluding_2z5x_3mjg/tables/posebuster/sdf/4tz4/gnina/ligand_88.sdf,,0,True,True,True,True,True,True,True,True,True,True,True,True,True,True,True,True,True,True,True,True,True
/mnt/tank/scratch/okonovalova/AffiTox/analysis/excluding_2z5x_3mjg/tables/posebuster/sdf/4tz4/gnina/ligand_89.sdf,,0,True,True,True,True,True,True,True,True,True,True,True,True,True,True,True,True,True,True,True,True,True
/mnt/tank/scratch/okonovalova/AffiTox/analysis/excluding_2z5x_3mjg/tables/posebuster/sdf/4tz4/gnina/ligand_87.sdf,,0,True,True,True,True,True,True,True,True,True,True,True,True,True,True,True,True,True,True,True,True,True
/mnt/tank/scratch/okonovalova/AffiTox/analysis/excluding_2z5x_3mjg/tables/posebuster/sdf/4tz4/gnina/ligand_91.sdf,,0,True,True,True,True,True,True,True,True,True,True,True,True,True,True,True,True,True,True,True,True,True
/mnt/tank/scratch/okonovalova/AffiTox/analysis/excluding_2z5x_3mjg/tables/posebuster/sdf/4tz4/gnina/ligand_94.sdf,,0,True,True,True,True,True,True,True,True,True,True,True,True,True,True,True,True,True,True,True,True,True
/mnt/tank/scratch/okonovalova/AffiTox/analysis/excluding_2z5x_3mjg/tables/posebuster/sdf/4tz4/gnina/ligand_92.sdf,,0,True,True,True,True,True,True,True,True,True,True,True,True,True,True,True,True,True,True,True,True,True
/mnt/tank/scratch/okonovalova/AffiTox/analysis/excluding_2z5x_3mjg/tables/posebuster/sdf/4tz4/gnina/ligand_9.sdf,,0,True,True,True,True,True,True,True,True,True,True,True,True,True,True,True,True,True,True,True,True,True
/mnt/tank/scratch/okonovalova/AffiTox/analysis/excluding_2z5x_3mjg/tables/posebuster/sdf/4tz4/gnina/ligand_96.sdf,,0,True,True,True,True,True,True,True,True,True,True,True,True,True,True,True,True,True,True,True,True,True
/mnt/tank/scratch/okonovalova/AffiTox/analysis/excluding_2z5x_3mjg/tables/posebuster/sdf/4tz4/gnina/ligand_93.sdf,,0,True,True,True,True,True,True,True,True,True,True,True,True,True,True,True,True,True,True,True,True,True
/mnt/tank/scratch/okonovalova/AffiTox/analysis/excluding_2z5x_3mjg/tables/posebuster/sdf/4tz4/gnina/ligand_95.sdf,,0,True,True,True,True,True,True,True,True,True,True,True,True,True,True,True,True,True,True,True,True,True
/mnt/tank/scratch/okonovalova/AffiTox/analysis/excluding_2z5x_3mjg/tables/posebuster/sdf/4tz4/gnina/ligand_99.sdf,,0,True,True,True,True,True,True,True,True,True,True,True,True,True,True,True,True,True,True,True,True,True
/mnt/tank/scratch/okonovalova/AffiTox/analysis/excluding_2z5x_3mjg/tables/posebuster/sdf/4tz4/gnina/ligand_97.sdf,,0,True,True,True,True,True,True,True,True,True,True,True,True,True,True,True,True,True,True,True,True,True
/mnt/tank/scratch/okonovalova/AffiTox/analysis/excluding_2z5x_3mjg/tables/posebuster/sdf/4tz4/gnina/ligand_98.sdf,,0,True,True,True,True,True,True,True,True,True,True,True,True,True,True,True,True,True,True,True,True,True
