pdb_id,ligand_id,molecule_chembl_id,canonical_smiles,csv_row_1based,vina_legacy_id,dynamicbind_legacy_id,boltz_native_id,engine_native_id
4f65,ligand_0001,CHEMBL4068509,C=CC(=O)N1CCN(CCCn2c(=O)c(-c3c(Cl)c(OC)cc(OC)c3Cl)cc3cnc(NC)nc32)CC1,1,ligand_1,idx_0,CHEMBL4068509,ligand_0001
4f65,ligand_0002,CHEMBL4446835,C=CC(=O)Nc1ccc(-n2nc3c(=O)[nH]nc(N)c3c2-c2oc3ccc(C)cc3c2C)cc1,2,ligand_2,idx_1,CHEMBL4446835,ligand_0002
4f65,ligand_0003,CHEMBL189584,CCN(CC)CCCCNc1ncc2cc(-c3cc(OC)cc(OC)c3)c(NC(=O)NC(C)(C)C)nc2n1,3,ligand_3,idx_2,CHEMBL189584,ligand_0003
4f65,ligand_0004,CHEMBL189584,CCN(CC)CCCCNc1ncc2cc(-c3cc(OC)cc(OC)c3)c(NC(=O)NC(C)(C)C)nc2n1,4,ligand_4,idx_3,CHEMBL189584,ligand_0004
4f65,ligand_0005,CHEMBL5751745,CCN(OCCN1CCNCC1)C(=O)c1ccc(N/C(=C2\C(=O)Nc3cc(C(=O)OC)c(C)cc32)c2ccccc2)cc1,5,ligand_5,idx_4,CHEMBL5751745,ligand_0005
4f65,ligand_0006,CHEMBL5953091,CCN1CCN(CCONC(=O)c2ccc(N/C(=C3\C(=O)Nc4cc(C(=O)OC)c(C)cc43)c3ccccc3)cc2)CC1,6,ligand_6,idx_5,CHEMBL5953091,ligand_0006
4f65,ligand_0007,CHEMBL5945261,CNC(=O)CN(C)CCNC(=O)c1ccc(N/C(=C2\C(=O)Nc3cc(C(=O)OC)c(C)cc32)c2ccccc2)cc1,7,ligand_7,idx_6,CHEMBL5945261,ligand_0007
4f65,ligand_0008,CHEMBL5759219,CNC(=O)CN1CCN(C(=O)c2ccc(N/C(=C3\C(=O)Nc4cc(C(=O)OC)c(C)cc43)c3ccccc3)cc2)CC1,8,ligand_8,idx_7,CHEMBL5759219,ligand_0008
4f65,ligand_0009,CHEMBL6024653,CNC(=O)CN1CCN(CCON(C)C(=O)c2ccc(N/C(=C3\C(=O)Nc4cc(C(=O)OC)c(C)cc43)c3ccccc3)cc2)CC1,9,ligand_9,idx_8,CHEMBL6024653,ligand_0009
4f65,ligand_0010,CHEMBL5979151,CNC(=O)CN1CCN(CCON(C)C(=O)c2ccc(N/C(=C3\C(=O)Nc4cc(C(=O)OC)ccc43)c3ccccc3)cc2)CC1,10,ligand_10,idx_9,CHEMBL5979151,ligand_0010
4f65,ligand_0011,CHEMBL5752345,CNC(=O)CN1CCN(CCONC(=O)c2ccc(N/C(=C3\C(=O)Nc4cc(C(=O)OC)c(C)cc43)c3ccccc3)cc2)CC1,11,ligand_11,idx_10,CHEMBL5752345,ligand_0011
4f65,ligand_0012,CHEMBL5841760,CNC(=O)CN1CCN(CCONC(=O)c2ccc(N/C(=C3\C(=O)Nc4cc(C(=O)OC)ccc43)c3ccccc3)cc2)CC1,12,ligand_12,idx_11,CHEMBL5841760,ligand_0012
4f65,ligand_0013,CHEMBL6030373,COC(=O)Cc1cc(C)c(C(=O)OC)cc1[N+](=O)[O-],13,ligand_13,idx_12,CHEMBL6030373,ligand_0013
4f65,ligand_0014,CHEMBL5779248,COC(=O)c1cc2c(cc1C)/C(=C(/Nc1ccc(C(=O)N(C)C3CCN(CCO)CC3)cc1)c1ccccc1)C(=O)N2,14,ligand_14,idx_13,CHEMBL5779248,ligand_0014
4f65,ligand_0015,CHEMBL5960246,COC(=O)c1cc2c(cc1C)/C(=C(/Nc1ccc(C(=O)N(C)OCCN(C)CCO)cc1)c1ccccc1)C(=O)N2,15,ligand_15,idx_14,CHEMBL5960246,ligand_0015
4f65,ligand_0016,CHEMBL5826243,COC(=O)c1cc2c(cc1C)/C(=C(/Nc1ccc(C(=O)N(C)OCCN3C4CCC3CNC4)cc1)c1ccccc1)C(=O)N2,16,ligand_16,idx_15,CHEMBL5826243,ligand_0016
4f65,ligand_0017,CHEMBL5900483,COC(=O)c1cc2c(cc1C)/C(=C(/Nc1ccc(C(=O)N(C)OCCN3CC4CC(C3)N4)cc1)c1ccccc1)C(=O)N2,17,ligand_17,idx_16,CHEMBL5900483,ligand_0017
4f65,ligand_0018,CHEMBL6006379,COC(=O)c1cc2c(cc1C)/C(=C(/Nc1ccc(C(=O)N(C)OCCN3CC4CCC(C3)N4)cc1)c1ccccc1)C(=O)N2,18,ligand_18,idx_17,CHEMBL6006379,ligand_0018
4f65,ligand_0019,CHEMBL5934811,COC(=O)c1cc2c(cc1C)/C(=C(/Nc1ccc(C(=O)N(C)OCCN3CCN(CCO)CC3)cc1)c1ccccc1)C(=O)N2,19,ligand_19,idx_18,CHEMBL5934811,ligand_0019
4f65,ligand_0020,CHEMBL5963316,COC(=O)c1cc2c(cc1C)/C(=C(/Nc1ccc(C(=O)N(C)OCCN3CCNCC3)cc1)c1ccccc1)C(=O)N2,20,ligand_20,idx_19,CHEMBL5963316,ligand_0020
4f65,ligand_0021,CHEMBL5854515,COC(=O)c1cc2c(cc1C)/C(=C(/Nc1ccc(C(=O)N(C)OCCN3CCN[C@@H](C)C3)cc1)c1ccccc1)C(=O)N2,21,ligand_21,idx_20,CHEMBL5854515,ligand_0021
4f65,ligand_0022,CHEMBL6062938,COC(=O)c1cc2c(cc1C)/C(=C(/Nc1ccc(C(=O)N(C)OCCN3CCN[C@H](C)C3)cc1)c1ccccc1)C(=O)N2,22,ligand_22,idx_21,CHEMBL6062938,ligand_0022
4f65,ligand_0023,CHEMBL6046549,COC(=O)c1cc2c(cc1C)/C(=C(/Nc1ccc(C(=O)N(C)OCCN3C[C@@H]4C[C@H]3CN4)cc1)c1ccccc1)C(=O)N2,23,ligand_23,idx_22,CHEMBL6046549,ligand_0023
4f65,ligand_0024,CHEMBL6051668,COC(=O)c1cc2c(cc1C)/C(=C(/Nc1ccc(C(=O)N(C)[C@H]3CN(C)C[C@@H]3O)cc1)c1ccccc1)C(=O)N2,24,ligand_24,idx_23,CHEMBL6051668,ligand_0024
4f65,ligand_0025,CHEMBL5858912,COC(=O)c1cc2c(cc1C)/C(=C(/Nc1ccc(C(=O)N(CCO)CCN(C)C)cc1)c1ccccc1)C(=O)N2,25,ligand_25,idx_24,CHEMBL5858912,ligand_0025
4f65,ligand_0026,CHEMBL5740416,COC(=O)c1cc2c(cc1C)/C(=C(/Nc1ccc(C(=O)N(OC)C3CCN(C)CC3)c(C)c1)c1ccccc1)C(=O)N2,26,ligand_26,idx_25,CHEMBL5740416,ligand_0026
4f65,ligand_0027,CHEMBL5753399,COC(=O)c1cc2c(cc1C)/C(=C(/Nc1ccc(C(=O)N(OC)C3CCN(C)CC3)cc1)c1ccccc1)C(=O)N2,27,ligand_27,idx_26,CHEMBL5753399,ligand_0027
4f65,ligand_0028,CHEMBL6059845,COC(=O)c1cc2c(cc1C)/C(=C(/Nc1ccc(C(=O)N(OCCN3CCNCC3)C(C)C)cc1)c1ccccc1)C(=O)N2,28,ligand_28,idx_27,CHEMBL6059845,ligand_0028
4f65,ligand_0029,CHEMBL6051368,COC(=O)c1cc2c(cc1C)/C(=C(/Nc1ccc(C(=O)N3CCC(C(=O)NCCN(C)C)CC3)cc1)c1ccccc1)C(=O)N2,29,ligand_29,idx_28,CHEMBL6051368,ligand_0029
4f65,ligand_0030,CHEMBL5796144,COC(=O)c1cc2c(cc1C)/C(=C(/Nc1ccc(C(=O)N3CCC(C(N)=O)(N4CCCCC4)CC3)cc1)c1ccccc1)C(=O)N2,30,ligand_30,idx_29,CHEMBL5796144,ligand_0030
4f65,ligand_0031,CHEMBL5821394,COC(=O)c1cc2c(cc1C)/C(=C(/Nc1ccc(C(=O)N3CCC(CO)(CN(C)C)CC3)cc1)c1ccccc1)C(=O)N2,31,ligand_31,idx_30,CHEMBL5821394,ligand_0031
4f65,ligand_0032,CHEMBL5853674,COC(=O)c1cc2c(cc1C)/C(=C(/Nc1ccc(C(=O)N3CCC(O)(CN4CCCC4)CC3)cc1)c1ccccc1)C(=O)N2,32,ligand_32,idx_31,CHEMBL5853674,ligand_0032
4f65,ligand_0033,CHEMBL5947799,COC(=O)c1cc2c(cc1C)/C(=C(/Nc1ccc(C(=O)N3CCC(O)(CN4CCOCC4)CC3)cc1)c1ccccc1)C(=O)N2,33,ligand_33,idx_32,CHEMBL5947799,ligand_0033
4f65,ligand_0034,CHEMBL5973328,COC(=O)c1cc2c(cc1C)/C(=C(/Nc1ccc(C(=O)N3CCC4(CC3)C(=O)NCCCN4C)cc1)c1ccccc1)C(=O)N2,34,ligand_34,idx_33,CHEMBL5973328,ligand_0034
4f65,ligand_0035,CHEMBL6009160,COC(=O)c1cc2c(cc1C)/C(=C(/Nc1ccc(C(=O)N3CCC4(CC3)C(=O)NCCN4C)cc1)c1ccccc1)C(=O)N2,35,ligand_35,idx_34,CHEMBL6009160,ligand_0035
4f65,ligand_0036,CHEMBL5927685,COC(=O)c1cc2c(cc1C)/C(=C(/Nc1ccc(C(=O)N3CCCN(CCO)CC3)cc1)c1ccccc1)C(=O)N2,36,ligand_36,idx_35,CHEMBL5927685,ligand_0036
4f65,ligand_0037,CHEMBL6008313,COC(=O)c1cc2c(cc1C)/C(=C(/Nc1ccc(C(=O)N3CCN(C)CC3)cc1)c1ccccc1)C(=O)N2,37,ligand_37,idx_36,CHEMBL6008313,ligand_0037
4f65,ligand_0038,CHEMBL5794260,COC(=O)c1cc2c(cc1C)/C(=C(/Nc1ccc(C(=O)N3CCN(CC(=O)NCCO)CC3)cc1)c1ccccc1)C(=O)N2,38,ligand_38,idx_37,CHEMBL5794260,ligand_0038
4f65,ligand_0039,CHEMBL5929091,COC(=O)c1cc2c(cc1C)/C(=C(/Nc1ccc(C(=O)N3CCN(CC(=O)OC(C)(C)C)CC3)cc1)c1ccccc1)C(=O)N2C(C)=O,39,ligand_39,idx_38,CHEMBL5929091,ligand_0039
4f65,ligand_0040,CHEMBL6026951,COC(=O)c1cc2c(cc1C)/C(=C(/Nc1ccc(C(=O)N3CCN(CCO)CC3)cc1)c1ccccc1)C(=O)N2,40,ligand_40,idx_39,CHEMBL6026951,ligand_0040
4f65,ligand_0041,CHEMBL5907596,COC(=O)c1cc2c(cc1C)/C(=C(/Nc1ccc(C(=O)N3CC[C@@H](CN(C)C)[C@H](O)C3)cc1)c1ccccc1)C(=O)N2,41,ligand_41,idx_40,CHEMBL5907596,ligand_0041
4f65,ligand_0042,CHEMBL5915626,COC(=O)c1cc2c(cc1C)/C(=C(/Nc1ccc(C(=O)NC3CCN(C)CC3)cc1)c1ccccc1)C(=O)N2,42,ligand_42,idx_41,CHEMBL5915626,ligand_0042
4f65,ligand_0043,CHEMBL5770010,COC(=O)c1cc2c(cc1C)/C(=C(/Nc1ccc(C(=O)NC3CCN(CCO)CC3)cc1)c1ccccc1)C(=O)N2,43,ligand_43,idx_42,CHEMBL5770010,ligand_0043
4f65,ligand_0044,CHEMBL5782903,COC(=O)c1cc2c(cc1C)/C(=C(/Nc1ccc(C(=O)NCC(=O)N3CCN(C)CC3)cc1)c1ccccc1)C(=O)N2,44,ligand_44,idx_43,CHEMBL5782903,ligand_0044
4f65,ligand_0045,CHEMBL5785162,COC(=O)c1cc2c(cc1C)/C(=C(/Nc1ccc(C(=O)NCC(=O)N3CCN(CCO)CC3)cc1)c1ccccc1)C(=O)N2,45,ligand_45,idx_44,CHEMBL5785162,ligand_0045
4f65,ligand_0046,CHEMBL5771017,COC(=O)c1cc2c(cc1C)/C(=C(/Nc1ccc(C(=O)NCC3(N(C)C)CCC3)cc1)c1ccccc1)C(=O)N2,46,ligand_46,idx_45,CHEMBL5771017,ligand_0046
4f65,ligand_0047,CHEMBL5880580,COC(=O)c1cc2c(cc1C)/C(=C(/Nc1ccc(C(=O)NCC3(N(C)C)CCOCC3)cc1)c1ccccc1)C(=O)N2,47,ligand_47,idx_46,CHEMBL5880580,ligand_0047
4f65,ligand_0048,CHEMBL6028974,COC(=O)c1cc2c(cc1C)/C(=C(/Nc1ccc(C(=O)NCC3CCN(C)CC3)cc1)c1ccccc1)C(=O)N2,48,ligand_48,idx_47,CHEMBL6028974,ligand_0048
4f65,ligand_0049,CHEMBL5897053,COC(=O)c1cc2c(cc1C)/C(=C(/Nc1ccc(C(=O)NCC3CCN(CCO)CC3)cc1)c1ccccc1)C(=O)N2,49,ligand_49,idx_48,CHEMBL5897053,ligand_0049
4f65,ligand_0050,CHEMBL5983117,COC(=O)c1cc2c(cc1C)/C(=C(/Nc1ccc(C(=O)NCCC(=O)N3CCN(C)CC3)cc1)c1ccccc1)C(=O)N2,50,ligand_50,idx_49,CHEMBL5983117,ligand_0050
4f65,ligand_0051,CHEMBL5967591,COC(=O)c1cc2c(cc1C)/C(=C(/Nc1ccc(C(=O)NCCCN(C)C)cc1)c1ccccc1)C(=O)N2,51,ligand_51,idx_50,CHEMBL5967591,ligand_0051
4f65,ligand_0052,CHEMBL6018088,COC(=O)c1cc2c(cc1C)/C(=C(/Nc1ccc(C(=O)NCCCN3CCN(C)CC3)cc1)c1ccccc1)C(=O)N2,52,ligand_52,idx_51,CHEMBL6018088,ligand_0052
4f65,ligand_0053,CHEMBL5950967,COC(=O)c1cc2c(cc1C)/C(=C(/Nc1ccc(C(=O)NCCCN3CCOCC3)cc1)c1ccccc1)C(=O)N2,53,ligand_53,idx_52,CHEMBL5950967,ligand_0053
4f65,ligand_0054,CHEMBL5780945,COC(=O)c1cc2c(cc1C)/C(=C(/Nc1ccc(C(=O)NCCN(C)C)cc1)c1ccccc1)C(=O)N2,54,ligand_54,idx_53,CHEMBL5780945,ligand_0054
4f65,ligand_0055,CHEMBL5824959,COC(=O)c1cc2c(cc1C)/C(=C(/Nc1ccc(C(=O)NCCN(C)CCO)cc1)c1ccccc1)C(=O)N2,55,ligand_55,idx_54,CHEMBL5824959,ligand_0055
4f65,ligand_0056,CHEMBL5920854,COC(=O)c1cc2c(cc1C)/C(=C(/Nc1ccc(C(=O)NCCN3CCC(CO)CC3)cc1)c1ccccc1)C(=O)N2,56,ligand_56,idx_55,CHEMBL5920854,ligand_0056
4f65,ligand_0057,CHEMBL5742315,COC(=O)c1cc2c(cc1C)/C(=C(/Nc1ccc(C(=O)NCCN3CCC(F)(F)CC3)cc1)c1ccccc1)C(=O)N2,57,ligand_57,idx_56,CHEMBL5742315,ligand_0057
4f65,ligand_0058,CHEMBL6056846,COC(=O)c1cc2c(cc1C)/C(=C(/Nc1ccc(C(=O)NCCN3CCC(F)CC3)cc1)c1ccccc1)C(=O)N2,58,ligand_58,idx_57,CHEMBL6056846,ligand_0058
4f65,ligand_0059,CHEMBL5770439,COC(=O)c1cc2c(cc1C)/C(=C(/Nc1ccc(C(=O)NCCN3CCC(N(C)C)CC3)cc1)c1ccccc1)C(=O)N2,59,ligand_59,idx_58,CHEMBL5770439,ligand_0059
4f65,ligand_0060,CHEMBL6011659,COC(=O)c1cc2c(cc1C)/C(=C(/Nc1ccc(C(=O)NCCN3CCC(O)CC3)cc1)c1ccccc1)C(=O)N2,60,ligand_60,idx_59,CHEMBL6011659,ligand_0060
4f65,ligand_0061,CHEMBL5950008,COC(=O)c1cc2c(cc1C)/C(=C(/Nc1ccc(C(=O)NCCN3CCCN(C(C)=O)CC3)cc1)c1ccccc1)C(=O)N2,61,ligand_61,idx_60,CHEMBL5950008,ligand_0061
4f65,ligand_0062,CHEMBL6033462,COC(=O)c1cc2c(cc1C)/C(=C(/Nc1ccc(C(=O)NCCN3CCCN(C)CC3)cc1)c1ccccc1)C(=O)N2,62,ligand_62,idx_61,CHEMBL6033462,ligand_0062
4f65,ligand_0063,CHEMBL5901005,COC(=O)c1cc2c(cc1C)/C(=C(/Nc1ccc(C(=O)NCCN3CCCNC(=O)C3)cc1)c1ccccc1)C(=O)N2,63,ligand_63,idx_62,CHEMBL5901005,ligand_0063
4f65,ligand_0064,CHEMBL5969055,COC(=O)c1cc2c(cc1C)/C(=C(/Nc1ccc(C(=O)NCCN3CCN(C(C)=O)CC3)cc1)c1ccccc1)C(=O)N2,64,ligand_64,idx_63,CHEMBL5969055,ligand_0064
4f65,ligand_0065,CHEMBL6058213,COC(=O)c1cc2c(cc1C)/C(=C(/Nc1ccc(C(=O)NCCN3CCN(C)CC3)cc1)c1ccccc1)C(=O)N2,65,ligand_65,idx_64,CHEMBL6058213,ligand_0065
4f65,ligand_0066,CHEMBL5912525,COC(=O)c1cc2c(cc1C)/C(=C(/Nc1ccc(C(=O)NCCN3CCN(S(C)(=O)=O)CC3)cc1)c1ccccc1)C(=O)N2,66,ligand_66,idx_65,CHEMBL5912525,ligand_0066
4f65,ligand_0067,CHEMBL5798568,COC(=O)c1cc2c(cc1C)/C(=C(/Nc1ccc(C(=O)NCCN3CCNC(=O)C3)c(F)c1)c1ccccc1)C(=O)N2,67,ligand_67,idx_66,CHEMBL5798568,ligand_0067
4f65,ligand_0068,CHEMBL5851926,COC(=O)c1cc2c(cc1C)/C(=C(/Nc1ccc(C(=O)NCCN3CCNC(=O)C3)cc1)c1ccccc1)C(=O)N2,68,ligand_68,idx_67,CHEMBL5851926,ligand_0068
4f65,ligand_0069,CHEMBL6024138,COC(=O)c1cc2c(cc1C)/C(=C(/Nc1ccc(C(=O)NCCN3CCNC(=O)CC3)cc1)c1ccccc1)C(=O)N2,69,ligand_69,idx_68,CHEMBL6024138,ligand_0069
4f65,ligand_0070,CHEMBL5917385,COC(=O)c1cc2c(cc1C)/C(=C(/Nc1ccc(C(=O)NCCN3CCS(=O)(=O)CC3)cc1)c1ccccc1)C(=O)N2,70,ligand_70,idx_69,CHEMBL5917385,ligand_0070
4f65,ligand_0071,CHEMBL5975423,COC(=O)c1cc2c(cc1C)/C(=C(/Nc1ccc(C(=O)NOC3CCN(C)CC3)c(C)c1)c1ccccc1)C(=O)N2,71,ligand_71,idx_70,CHEMBL5975423,ligand_0071
4f65,ligand_0072,CHEMBL5909180,COC(=O)c1cc2c(cc1C)/C(=C(/Nc1ccc(C(=O)NOC3CCN(C)CC3)cc1)c1ccccc1)C(=O)N2,72,ligand_72,idx_71,CHEMBL5909180,ligand_0072
4f65,ligand_0073,CHEMBL5971350,COC(=O)c1cc2c(cc1C)/C(=C(/Nc1ccc(C(=O)NOCCCN(C)C)c(C)c1)c1ccccc1)C(=O)N2,73,ligand_73,idx_72,CHEMBL5971350,ligand_0073
4f65,ligand_0074,CHEMBL5751150,COC(=O)c1cc2c(cc1C)/C(=C(/Nc1ccc(C(=O)NOCCCN(C)C)cc1)c1ccccc1)C(=O)N2,74,ligand_74,idx_73,CHEMBL5751150,ligand_0074
4f65,ligand_0075,CHEMBL5990882,COC(=O)c1cc2c(cc1C)/C(=C(/Nc1ccc(C(=O)NOCCCN3CCC(OC)CC3)cc1)c1ccccc1)C(=O)N2,75,ligand_75,idx_74,CHEMBL5990882,ligand_0075
4f65,ligand_0076,CHEMBL5875515,COC(=O)c1cc2c(cc1C)/C(=C(/Nc1ccc(C(=O)NOCCCN3CCCCC3)cc1)c1ccccc1)C(=O)N2,76,ligand_76,idx_75,CHEMBL5875515,ligand_0076
4f65,ligand_0077,CHEMBL6026268,COC(=O)c1cc2c(cc1C)/C(=C(/Nc1ccc(C(=O)NOCCN(C)C)c(C)c1)c1ccccc1)C(=O)N2,77,ligand_77,idx_76,CHEMBL6026268,ligand_0077
4f65,ligand_0078,CHEMBL6001546,COC(=O)c1cc2c(cc1C)/C(=C(/Nc1ccc(C(=O)NOCCN(C)C)cc1)c1ccccc1)C(=O)N2,78,ligand_78,idx_77,CHEMBL6001546,ligand_0078
4f65,ligand_0079,CHEMBL5908371,COC(=O)c1cc2c(cc1C)/C(=C(/Nc1ccc(C(=O)NOCCN3CCC(C#N)CC3)cc1)c1ccccc1)C(=O)N2,79,ligand_79,idx_78,CHEMBL5908371,ligand_0079
4f65,ligand_0080,CHEMBL5856121,COC(=O)c1cc2c(cc1C)/C(=C(/Nc1ccc(C(=O)NOCCN3CCC(N(C)C)CC3)cc1)c1ccccc1)C(=O)N2,80,ligand_80,idx_79,CHEMBL5856121,ligand_0080
4f65,ligand_0081,CHEMBL5964158,COC(=O)c1cc2c(cc1C)/C(=C(/Nc1ccc(C(=O)NOCCN3CCC(O)CC3)cc1)c1ccccc1)C(=O)N2,81,ligand_81,idx_80,CHEMBL5964158,ligand_0081
4f65,ligand_0082,CHEMBL5994393,COC(=O)c1cc2c(cc1C)/C(=C(/Nc1ccc(C(=O)NOCCN3CCC(OC)CC3)cc1)c1ccccc1)C(=O)N2,82,ligand_82,idx_81,CHEMBL5994393,ligand_0082
4f65,ligand_0083,CHEMBL5976539,COC(=O)c1cc2c(cc1C)/C(=C(/Nc1ccc(C(=O)NOCCN3CCCCC3)cc1)c1ccccc1)C(=O)N2,83,ligand_83,idx_82,CHEMBL5976539,ligand_0083
4f65,ligand_0084,CHEMBL5781023,COC(=O)c1cc2c(cc1C)/C(=C(/Nc1ccc(C(=O)NOCCN3CCN(C)CC3)c(C)c1)c1ccccc1)C(=O)N2,84,ligand_84,idx_83,CHEMBL5781023,ligand_0084
4f65,ligand_0085,CHEMBL5745191,COC(=O)c1cc2c(cc1C)/C(=C(/Nc1ccc(C(=O)NOCCN3CCN(C)CC3)c(F)c1)c1ccccc1)C(=O)N2,85,ligand_85,idx_84,CHEMBL5745191,ligand_0085
4f65,ligand_0086,CHEMBL5973610,COC(=O)c1cc2c(cc1C)/C(=C(/Nc1ccc(C(=O)NOCCN3CCN(C)CC3)cc1)c1ccccc1)C(=O)N2,86,ligand_86,idx_85,CHEMBL5973610,ligand_0086
4f65,ligand_0087,CHEMBL6038195,COC(=O)c1cc2c(cc1C)/C(=C(/Nc1ccc(C(=O)NOCCN3CCN(CCO)CC3)cc1)c1ccccc1)C(=O)N2,87,ligand_87,idx_86,CHEMBL6038195,ligand_0087
4f65,ligand_0088,CHEMBL5787899,COC(=O)c1cc2c(cc1C)/C(=C(/Nc1ccc(C(=O)NOCCN3CCNC(=O)C3)cc1)c1ccccc1)C(=O)N2,88,ligand_88,idx_87,CHEMBL5787899,ligand_0088
4f65,ligand_0089,CHEMBL5828459,COC(=O)c1cc2c(cc1C)/C(=C(/Nc1ccc(C(=O)NOCCN3CC[C@H](N(C)C)C3)cc1)c1ccccc1)C(=O)N2,89,ligand_89,idx_88,CHEMBL5828459,ligand_0089
4f65,ligand_0090,CHEMBL5876825,COC(=O)c1cc2c(cc1C)/C(=C(/Nc1ccc(C(=O)N[C@H]3CCCN(C)C3)cc1)c1ccccc1)C(=O)N2,90,ligand_90,idx_89,CHEMBL5876825,ligand_0090
4f65,ligand_0091,CHEMBL5760294,COC(=O)c1cc2c(cc1C)/C(=C(/Nc1ccc(C(=O)OC(C)(C)C)cc1)c1ccccc1)C(=O)N2C(C)=O,91,ligand_91,idx_90,CHEMBL5760294,ligand_0091
4f65,ligand_0092,CHEMBL6058913,COC(=O)c1cc2c(cc1C)/C(=C(/Nc1ccc(S(=O)(=O)N(C)OCCN(C)CCO)cc1)c1ccccc1)C(=O)N2,92,ligand_92,idx_91,CHEMBL6058913,ligand_0092
4f65,ligand_0093,CHEMBL5917424,COC(=O)c1cc2c(cc1C)/C(=C(/Nc1ccc(S(=O)(=O)N3CCN(CCO)CC3)cc1)c1ccccc1)C(=O)N2,93,ligand_93,idx_92,CHEMBL5917424,ligand_0093
4f65,ligand_0094,CHEMBL5952810,COC(=O)c1cc2c(cc1C)/C(=C(/Nc1ccc(S(=O)(=O)NCCN(C)C)cc1)c1ccccc1)C(=O)N2,94,ligand_94,idx_93,CHEMBL5952810,ligand_0094
4f65,ligand_0095,CHEMBL6020412,COC(=O)c1cc2c(cc1C)/C(=C(/Nc1ccc(S(=O)(=O)NCCN3CCN(C)CC3)cc1)c1ccccc1)C(=O)N2,95,ligand_95,idx_94,CHEMBL6020412,ligand_0095
4f65,ligand_0096,CHEMBL5918266,COC(=O)c1cc2c(cc1C)/C(=C(/Nc1ccc(S(=O)(=O)NOCCN(C)C)cc1)c1ccccc1)C(=O)N2,96,ligand_96,idx_95,CHEMBL5918266,ligand_0096
4f65,ligand_0097,CHEMBL5830217,COC(=O)c1cc2c(cc1C)/C(=C(/Nc1ccc(S(=O)(=O)NOCCN3CCN(C)CC3)cc1)c1ccccc1)C(=O)N2,97,ligand_97,idx_96,CHEMBL5830217,ligand_0097
4f65,ligand_0098,CHEMBL5854915,COC(=O)c1cc2c(cc1C)/C(=C(/Nc1cccc(C(=O)N(C)CCN(C)C)c1)c1ccccc1)C(=O)N2,98,ligand_98,idx_97,CHEMBL5854915,ligand_0098
4f65,ligand_0099,CHEMBL5891425,COC(=O)c1ccc2c(c1)NC(=O)/C2=C(\Nc1ccc(C(=O)N(C)OCCN(C)C)c(C)c1)c1ccccc1,99,ligand_99,idx_98,CHEMBL5891425,ligand_0099
4f65,ligand_0100,CHEMBL5964540,COC(=O)c1ccc2c(c1)NC(=O)/C2=C(\Nc1ccc(C(=O)N(C)OCCN2CCN(C)CC2)c(C)c1)c1ccccc1,100,ligand_100,idx_99,CHEMBL5964540,ligand_0100
4f65,ligand_0101,CHEMBL5811363,COC(=O)c1ccc2c(c1)NC(=O)/C2=C(\Nc1ccc(C(=O)N(C)OCCN2CCN(C)CC2)cc1)c1ccccc1,101,ligand_101,idx_100,CHEMBL5811363,ligand_0101
4f65,ligand_0102,CHEMBL5907260,COC(=O)c1ccc2c(c1)NC(=O)/C2=C(\Nc1ccc(C(=O)N(CCN(C)C)OC)cc1)c1ccccc1,102,ligand_102,idx_101,CHEMBL5907260,ligand_0102
4f65,ligand_0103,CHEMBL6017631,COC(=O)c1ccc2c(c1)NC(=O)/C2=C(\Nc1ccc(C(=O)N(OC)C2CCN(C)CC2)cc1)c1ccccc1,103,ligand_103,idx_102,CHEMBL6017631,ligand_0103
4f65,ligand_0104,CHEMBL6060050,COC(=O)c1ccc2c(c1)NC(=O)/C2=C(\Nc1ccc(C(=O)N2CCN(C)CCO2)cc1)c1ccccc1,104,ligand_104,idx_103,CHEMBL6060050,ligand_0104
4f65,ligand_0105,CHEMBL5912125,COC(=O)c1ccc2c(c1)NC(=O)/C2=C(\Nc1ccc(C(=O)N2CCO2)cc1)c1ccccc1,105,ligand_105,idx_104,CHEMBL5912125,ligand_0105
4f65,ligand_0106,CHEMBL5999627,COC(=O)c1ccc2c(c1)NC(=O)/C2=C(\Nc1ccc(C(=O)NOCCCN(C)C)cc1)c1ccccc1,106,ligand_106,idx_105,CHEMBL5999627,ligand_0106
4f65,ligand_0107,CHEMBL5786043,COC(=O)c1ccc2c(c1)NC(=O)/C2=C(\Nc1ccc(C(=O)NOCCN(C)C)c(F)c1)c1ccccc1,107,ligand_107,idx_106,CHEMBL5786043,ligand_0107
4f65,ligand_0108,CHEMBL5757674,COC(=O)c1ccc2c(c1)NC(=O)/C2=C(\Nc1ccc(C(=O)NOCCN(C)C)cc1)c1ccccc1,108,ligand_108,idx_107,CHEMBL5757674,ligand_0108
4f65,ligand_0109,CHEMBL5740197,COC(=O)c1ccc2c(c1)NC(=O)/C2=C(\Nc1ccc(C(=O)NOCCN(C)CCO)cc1)c1ccccc1,109,ligand_109,idx_108,CHEMBL5740197,ligand_0109
4f65,ligand_0110,CHEMBL5755881,COC(=O)c1ccc2c(c1)NC(=O)/C2=C(\Nc1ccc(C(=O)NOCCN2CCC(C#N)CC2)cc1)c1ccccc1,110,ligand_110,idx_109,CHEMBL5755881,ligand_0110
4f65,ligand_0111,CHEMBL5776848,COC(=O)c1ccc2c(c1)NC(=O)/C2=C(\Nc1ccc(C(=O)NOCCN2CCC(N(C)C)CC2)cc1)c1ccccc1,111,ligand_111,idx_110,CHEMBL5776848,ligand_0111
4f65,ligand_0112,CHEMBL5763696,COC(=O)c1ccc2c(c1)NC(=O)/C2=C(\Nc1ccc(C(=O)NOCCN2CCC(O)CC2)cc1)c1ccccc1,112,ligand_112,idx_111,CHEMBL5763696,ligand_0112
4f65,ligand_0113,CHEMBL5823405,COC(=O)c1ccc2c(c1)NC(=O)/C2=C(\Nc1ccc(C(=O)NOCCN2CCCCC2)cc1)c1ccccc1,113,ligand_113,idx_112,CHEMBL5823405,ligand_0113
4f65,ligand_0114,CHEMBL5782691,COC(=O)c1ccc2c(c1)NC(=O)/C2=C(\Nc1ccc(C(=O)NOCCN2CCN(C)CC2)c(C)c1)c1ccccc1,114,ligand_114,idx_113,CHEMBL5782691,ligand_0114
4f65,ligand_0115,CHEMBL5904812,COC(=O)c1ccc2c(c1)NC(=O)/C2=C(\Nc1ccc(C(=O)NOCCN2CCN(C)CC2)c(F)c1)c1ccccc1,115,ligand_115,idx_114,CHEMBL5904812,ligand_0115
4f65,ligand_0116,CHEMBL5924142,COC(=O)c1ccc2c(c1)NC(=O)/C2=C(\Nc1ccc(C(=O)NOCCN2CCN(C)CC2)cc1)c1ccccc1,116,ligand_116,idx_115,CHEMBL5924142,ligand_0116
4f65,ligand_0117,CHEMBL5949602,COC(=O)c1ccc2c(c1)NC(=O)/C2=C(\Nc1ccc(C(=O)NOCCN2CCN(CCO)CC2)cc1)c1ccccc1,117,ligand_117,idx_116,CHEMBL5949602,ligand_0117
4f65,ligand_0118,CHEMBL5889879,COC(=O)c1ccc2c(c1)NC(=O)/C2=C(\Nc1ccc(C(=O)NOCCN2CCNC(=O)C2)cc1)c1ccccc1,118,ligand_118,idx_117,CHEMBL5889879,ligand_0118
4f65,ligand_0119,CHEMBL5972918,COC(=O)c1ccc2c(c1)NC(=O)/C2=C(\Nc1ccc(C(=O)NOCCN2CCOCC2)c(C)c1)c1ccccc1,119,ligand_119,idx_118,CHEMBL5972918,ligand_0119
4f65,ligand_0120,CHEMBL5842769,COC(=O)c1ccc2c(c1)NC(=O)/C2=C(\Nc1ccc(C(=O)NOCCN2CCOCC2)cc1)c1ccccc1,120,ligand_120,idx_119,CHEMBL5842769,ligand_0120
4f65,ligand_0121,CHEMBL5764401,COC(=O)c1ccc2c(c1)NC(=O)/C2=C(\Nc1ccc(C(=O)NOCCN2CCS(=O)(=O)CC2)cc1)c1ccccc1,121,ligand_121,idx_120,CHEMBL5764401,ligand_0121
4f65,ligand_0122,CHEMBL5835725,COC(=O)c1ccc2c(c1)NC(=O)/C2=C(\Nc1ccc(C(=O)NOCCN2CC[C@H](N(C)C)C2)cc1)c1ccccc1,122,ligand_122,idx_121,CHEMBL5835725,ligand_0122
4f65,ligand_0123,CHEMBL5991285,COC(=O)c1ccc2c(c1)NC(=O)/C2=C(\Nc1ccc(C(=O)NOCCN2[C@H](C)CCC[C@@H]2C)cc1)c1ccccc1,123,ligand_123,idx_122,CHEMBL5991285,ligand_0123
4f65,ligand_0124,CHEMBL502835,COC(=O)c1ccc2c(c1)NC(=O)/C2=C(\Nc1ccc(N(C)C(=O)CN2CCN(C)CC2)cc1)c1ccccc1,124,ligand_124,idx_123,CHEMBL502835,ligand_0124
4f65,ligand_0125,CHEMBL6065070,COC(=O)c1ccc2c(c1)NC(=O)/C2=C(\Nc1ccc(S(=O)(=O)N(C)OC)cc1)c1ccccc1,125,ligand_125,idx_124,CHEMBL6065070,ligand_0125
4f65,ligand_0126,CHEMBL6019356,COC(=O)c1ccc2c(c1)NC(=O)/C2=C(\Nc1ccc(S(=O)(=O)N(C)OCCN2CCN(C)CC2)cc1)c1ccccc1,126,ligand_126,idx_125,CHEMBL6019356,ligand_0126
4f65,ligand_0127,CHEMBL5913247,COC(=O)c1ccc2c(c1)NC(=O)/C2=C(\Nc1ccc(S(=O)(=O)NOCCN(C)C)cc1)c1ccccc1,127,ligand_127,idx_126,CHEMBL5913247,ligand_0127
4f65,ligand_0128,CHEMBL5794652,COCCN(C)CCNC(=O)c1ccc(N/C(=C2\C(=O)Nc3cc(C(=O)OC)c(C)cc32)c2ccccc2)cc1,128,ligand_128,idx_127,CHEMBL5794652,ligand_0128
4f65,ligand_0129,CHEMBL5885724,COCCN1CCC(NC(=O)c2ccc(N/C(=C3\C(=O)Nc4cc(C(=O)OC)c(C)cc43)c3ccccc3)cc2)CC1,129,ligand_129,idx_128,CHEMBL5885724,ligand_0129
4f65,ligand_0130,CHEMBL6023778,COCCN1CCN(CCONC(=O)c2ccc(N/C(=C3\C(=O)Nc4cc(C(=O)OC)ccc43)c3ccccc3)cc2)CC1,130,ligand_130,idx_129,CHEMBL6023778,ligand_0130
4f65,ligand_0131,CHEMBL5882489,COCCNC(=O)CN1CCN(C(=O)c2ccc(N/C(=C3\C(=O)Nc4cc(C(=O)OC)c(C)cc43)c3ccccc3)cc2)CC1,131,ligand_131,idx_130,CHEMBL5882489,ligand_0131
4f65,ligand_0132,CHEMBL3288854,Cc1[nH]c(/C=C2\C(=O)Nc3ccc(F)cc32)c(C)c1NC(=O)CCN1CCN(C)CC1,132,ligand_132,idx_131,CHEMBL3288854,ligand_0132
4f65,ligand_0133,CHEMBL4462946,Cc1c(-c2c3c(N)n[nH]c(=O)c3nn2-c2ccc(NC(=O)/C=C/CN(C)C)cc2)oc2ccc(Cl)cc12,133,ligand_133,idx_132,CHEMBL4462946,ligand_0133
4f65,ligand_0134,CHEMBL3893914,Cc1ccc(OCCNc2nc(Nc3cc(C)[nH]n3)cc(C)c2C#N)cn1,134,ligand_134,idx_133,CHEMBL3893914,ligand_0134
