target,method_id,method_label,n_poses,n_checks,n_pass_all,n_pass_90pct,n_pass_50pct,pass_rate_all,pass_rate_90pct,pass_rate_50pct,mean_frac_pass
1g5m,boltz2,Boltz-2,243,21,227,243,243,0.934156378600823,1.0,1.0,0.996864589457182
1g5m,dynamicbind,DynamicBind,252,21,0,237,252,0.0,0.9404761904761905,1.0,0.902305366591081
1g5m,gnina,GNINA 1.3,250,21,239,250,250,0.956,1.0,1.0,0.9975238095238095
1g5m,qvina,QVina2,250,21,243,250,250,0.972,1.0,1.0,0.9986666666666666
2v5z,boltz2,Boltz-2,204,21,170,204,204,0.8333333333333334,1.0,1.0,0.9920634920634922
2v5z,dynamicbind,DynamicBind,245,21,72,243,245,0.2938775510204082,0.9918367346938776,1.0,0.9512147716229349
2v5z,gnina,GNINA 1.3,240,21,165,235,240,0.6875,0.9791666666666666,1.0,0.980952380952381
2v5z,qvina,QVina2,240,21,215,240,240,0.8958333333333334,1.0,1.0,0.9948412698412699
3eyg,boltz2,Boltz-2,2232,21,2038,2232,2232,0.9130824372759857,1.0,1.0,0.9957757296466974
3eyg,dynamicbind,DynamicBind,2254,21,91,2192,2254,0.040372670807453416,0.9724933451641526,1.0,0.9398529598174674
3eyg,gnina,GNINA 1.3,2196,21,2052,2196,2196,0.9344262295081968,1.0,1.0,0.9966605950212509
3eyg,qvina,QVina2,2202,21,2169,2202,2202,0.9850136239782016,1.0,1.0,0.9992647376843562
3jy9,boltz2,Boltz-2,2011,21,1805,2010,2011,0.8975634012928891,0.9995027349577325,1.0,0.9949563117141437
3jy9,dynamicbind,DynamicBind,2026,21,522,1997,2026,0.25765054294175715,0.9856860809476802,1.0,0.9604416396371067
3jy9,gnina,GNINA 1.3,1978,21,1937,1978,1978,0.9792719919110212,1.0,1.0,0.9989166546294957
3jy9,qvina,QVina2,1978,21,1968,1978,1978,0.9949443882709808,1.0,1.0,0.999711107901199
3lxk,boltz2,Boltz-2,756,21,608,756,756,0.8042328042328042,1.0,1.0,0.9906147644242883
3lxk,dynamicbind,DynamicBind,785,21,99,769,785,0.12611464968152866,0.9796178343949045,1.0,0.9491659084015772
3lxk,gnina,GNINA 1.3,776,21,688,775,776,0.8865979381443299,0.9987113402061856,1.0,0.993740795287187
3lxk,qvina,QVina2,776,21,753,776,776,0.970360824742268,1.0,1.0,0.9985886107020128
11ue,boltz2,Boltz-2,274,21,258,274,274,0.9416058394160584,1.0,1.0,0.997045533541884
11ue,dynamicbind,DynamicBind,275,21,48,269,275,0.17454545454545456,0.9781818181818182,1.0,0.9501298701298703
11ue,gnina,GNINA 1.3,267,21,216,266,267,0.8089887640449438,0.9962546816479401,1.0,0.9896557874085964
11ue,qvina,QVina2,267,21,259,267,267,0.9700374531835206,1.0,1.0,0.9985732120563581
4ase,boltz2,Boltz-2,850,21,763,850,850,0.8976470588235295,1.0,1.0,0.995014005602241
4ase,dynamicbind,DynamicBind,875,21,239,863,875,0.27314285714285713,0.9862857142857143,1.0,0.9589659863945578
4ase,gnina,GNINA 1.3,861,21,729,861,861,0.8466898954703833,1.0,1.0,0.99209114540125
4ase,qvina,QVina2,861,21,853,861,861,0.9907084785133565,1.0,1.0,0.9995022399203584
4f65,boltz2,Boltz-2,133,21,127,133,133,0.9548872180451128,1.0,1.0,0.9978517722878626
4f65,dynamicbind,DynamicBind,134,21,89,134,134,0.664179104477612,1.0,1.0,0.9815209665955934
4f65,gnina,GNINA 1.3,127,21,121,127,127,0.952755905511811,1.0,1.0,0.9977502812148481
4f65,qvina,QVina2,127,21,119,127,127,0.937007874015748,1.0,1.0,0.9966254218222723
4tz4,boltz2,Boltz-2,113,21,108,113,113,0.9557522123893806,1.0,1.0,0.9978929624947324
4tz4,dynamicbind,DynamicBind,127,21,5,127,127,0.03937007874015748,1.0,1.0,0.9197600299962504
4tz4,gnina,GNINA 1.3,126,21,122,126,126,0.9682539682539683,1.0,1.0,0.99848828420257
4tz4,qvina,QVina2,126,21,124,126,126,0.9841269841269841,1.0,1.0,0.9992441421012849
4zau,boltz2,Boltz-2,235,21,206,235,235,0.8765957446808511,1.0,1.0,0.993920972644377
4zau,dynamicbind,DynamicBind,251,21,73,239,251,0.2908366533864542,0.952191235059761,1.0,0.9546575602352496
4zau,gnina,GNINA 1.3,247,21,232,247,247,0.9392712550607287,1.0,1.0,0.9971081550028918
4zau,qvina,QVina2,247,21,243,247,247,0.9838056680161943,1.0,1.0,0.9992288413341044
5jkv,boltz2,Boltz-2,486,21,383,486,486,0.7880658436213992,1.0,1.0,0.9898099157358416
5jkv,dynamicbind,DynamicBind,547,21,5,534,547,0.009140767824497258,0.9762340036563071,1.0,0.9122486288848264
5jkv,gnina,GNINA 1.3,546,21,538,546,546,0.9853479853479854,1.0,1.0,0.9990406418977847
5jkv,qvina,QVina2,546,21,533,546,546,0.9761904761904762,1.0,1.0,0.9987789987789987
5mo4,boltz2,Boltz-2,679,21,627,679,679,0.9234167893961709,1.0,1.0,0.9963531804474367
5mo4,dynamicbind,DynamicBind,693,21,14,684,693,0.020202020202020204,0.987012987012987,1.0,0.9391877963306535
5mo4,gnina,GNINA 1.3,690,21,655,690,690,0.9492753623188406,1.0,1.0,0.9975845410628018
5mo4,qvina,QVina2,690,21,679,690,690,0.9840579710144928,1.0,1.0,0.9992408557625947
6gqj,boltz2,Boltz-2,1088,21,945,1088,1088,0.8685661764705882,1.0,1.0,0.9936099439775913
6gqj,dynamicbind,DynamicBind,1298,21,162,1295,1298,0.12480739599383667,0.99768875192604,1.0,0.9517205957883925
6gqj,gnina,GNINA 1.3,1293,21,1144,1293,1293,0.8847641144624904,1.0,1.0,0.9942179501344235
6gqj,qvina,QVina2,1293,21,1263,1293,1293,0.9767981438515081,1.0,1.0,0.9988951497072146
6jok,boltz2,Boltz-2,248,21,227,248,248,0.9153225806451613,1.0,1.0,0.9957757296466975
6jok,dynamicbind,DynamicBind,250,21,87,244,250,0.348,0.976,1.0,0.9552380952380953
6jok,gnina,GNINA 1.3,241,21,225,241,241,0.9336099585062241,1.0,1.0,0.9968385694526773
6jok,qvina,QVina2,241,21,233,241,241,0.966804979253112,1.0,1.0,0.9984192847263387
5lf3,boltz2,Boltz-2,83,21,18,82,83,0.21686746987951808,0.9879518072289156,1.0,0.9535283993115317
5lf3,dynamicbind,DynamicBind,88,21,2,83,88,0.022727272727272728,0.9431818181818182,1.0,0.9404761904761905
5lf3,gnina,GNINA 1.3,44,21,43,44,44,0.9772727272727273,1.0,1.0,0.9989177489177489
5lf3,qvina,QVina2,63,21,61,63,63,0.9682539682539683,1.0,1.0,0.99848828420257
7kk3,boltz2,Boltz-2,1047,21,936,1047,1047,0.8939828080229226,1.0,1.0,0.9949060808659663
7kk3,dynamicbind,DynamicBind,1073,21,501,1061,1073,0.46691519105312207,0.9888164026095061,1.0,0.9688013136289
7kk3,gnina,GNINA 1.3,953,21,904,953,953,0.9485834207764953,1.0,1.0,0.9975016239444362
7kk3,qvina,QVina2,953,21,943,953,953,0.9895068205666316,1.0,1.0,0.9995003247888872
