protein_pdb_id,ligand_id,molecule_chembl_id,canonical_smiles,assay_chembl_id,standard_value,value,pchembl_value,pKi,pValue,is_active,activity_class,assay_type,document_chembl_id,type,units,uo_units,exp_value,exp_standard_value,exp_pchembl_value,qvina_affinity_min,qvina_rmsd_lb_min,qvina_rmsd_ub_min,qvina_affinity_bestpose,qvina_rmsd_lb_bestpose,qvina_rmsd_ub_bestpose,qvina_max_affinity,qvina_lb_affinity,qvina_ub_affinity,gnina_affinity_min,gnina_intramol_min,gnina_cnn_pose_score_min,gnina_cnn_affinity_min,gnina_affinity_bestpose,gnina_intramol_bestpose,gnina_cnn_pose_score_bestpose,gnina_cnn_affinity_bestpose,plapt_affinity,plapt_affinity_uM,dynamicbind_affinity_maxaff,dynamicbind_affinity_bestpose,dynamicbind_lddt_maxaff,dynamicbind_lddt_bestpose,boltz2_affinity_pred_value,boltz2_affinity_probability_binary,boltz2_affinity_pred_value1,boltz2_affinity_probability_binary1,boltz2_affinity_pred_value2,boltz2_affinity_probability_binary2
4TZ4,ligand_0001,CHEMBL5399028,CC(=O)NC(N)=O,CHEMBL5340015,522000.0,522.0,3.28,3.282329496997738,3.282329496997738,False,low,B,CHEMBL5338729,Ki,uM,UO_0000065,522.0,522000.0,3.28,-4.9,0.0,0.0,-4.9,0.0,0.0,-3.1,-4.5,-4.7,-4.93,0.0,0.7697,3.268,-2.79,0.0,0.7966,3.645,4.700481364313269,19.930520266994765,2.8921549433352727,2.8921549433352727,,,1.5118558406829834,0.4277139902114868,1.4243355989456177,0.50850510597229,1.5993759632110596,0.3469228446483612
4TZ4,ligand_0002,CHEMBL5419709,CC(=O)Nc1ccc(SCC2CCC(=O)NC2=O)cc1,CHEMBL5355404,3000.0,3.0,5.52,5.522878745280337,5.522878745280337,False,low,B,CHEMBL5352463,Ki,uM,UO_0000065,3.0,3000.0,5.52,-7.8,0.0,0.0,-7.8,0.0,0.0,-6.5,-6.6,-7.6,-8.1,0.03,0.9635,6.572,-8.02,-0.13,0.9767,6.875,5.289264938304271,5.1373015848809045,5.971590615448693,5.971590615448693,,,0.5158470273017883,0.7591133117675781,0.4329202175140381,0.8965149521827698,0.5987738370895386,0.6217116117477417
4TZ4,ligand_0003,CHEMBL5434742,CC(=O)Nc1cccc(SCC2CCC(=O)NC2=O)c1,CHEMBL5355404,3300.0,3.3,5.48,5.481486060122112,5.481486060122112,False,low,B,CHEMBL5352463,Ki,uM,UO_0000065,3.3,3300.0,5.48,-8.7,0.0,0.0,-8.7,0.0,0.0,-6.7,-8.4,-8.4,-8.96,-0.35,0.9392,6.359,-8.2,-0.16,0.9458,6.496,5.858957905256003,1.3837004900360308,5.994973862293498,5.994973862293498,,,0.7978783845901489,0.7199060916900635,0.896740198135376,0.8804747462272644,0.6990165114402771,0.5593374967575073
4TZ4,ligand_0004,CHEMBL5436622,CC(=O)Nc1ccccc1SCC1CCC(=O)NC1=O,CHEMBL5355404,3000.0,3.0,5.52,5.522878745280337,5.522878745280337,False,low,B,CHEMBL5352463,Ki,uM,UO_0000065,3.0,3000.0,5.52,-8.3,0.0,0.0,-8.3,0.0,0.0,-6.8,-8.0,-8.3,-8.36,-0.52,0.9485,6.604,-8.36,-0.52,0.9485,6.604,4.693478425561779,20.254502225756745,6.534236403278202,6.534236403278202,,,1.1157128810882568,0.6058549284934998,1.205272555351257,0.743381679058075,1.026153326034546,0.4683281779289245
4TZ4,ligand_0005,CHEMBL5420119,CC(=O)Nc1sccc1C(=O)NC1CCC(=O)NC1=O,CHEMBL5374908,65000.0,65.0,4.19,4.187086643357144,4.187086643357144,False,low,B,CHEMBL5370657,Ki,uM,UO_0000065,65.0,65000.0,4.19,-8.8,0.0,0.0,-8.8,0.0,0.0,-5.5,-5.8,-5.8,-9.2,0.35,0.9673,6.6,-9.2,0.35,0.9673,6.6,5.377827087725456,4.189603389743535,6.044495089138385,6.044495089138385,,,0.2521140277385711,0.6656398773193359,0.2079556733369827,0.8608742952346802,0.2962723970413208,0.4704055190086365
4TZ4,ligand_0006,CHEMBL5885092,CC(=O)c1ccc(-c2nccc(NCC(=O)Nc3cccc4c3CN(C3CCC(=O)NC3=O)C4=O)n2)cc1,CHEMBL5738796,3900.0,3900.0,5.41,5.4089353929735005,5.4089353929735005,False,low,B,CHEMBL5729492,Ki,nM,UO_0000065,3900.0,3900.0,5.41,-9.9,0.0,0.0,-9.9,0.0,0.0,-8.1,-9.0,-9.0,-10.57,1.77,0.9299,7.721,-9.71,1.13,0.9573,7.915,6.723595036634923,0.1889752651479551,6.901663266049436,6.901663266049436,,,0.2861488461494446,0.8498754501342773,0.9335193634033204,0.9180310368537904,-0.3612216711044311,0.7817198038101196
4TZ4,ligand_0007,CHEMBL5560360,CC(C)(C)C1=NOC2(CCC(=O)NC2=O)C1,CHEMBL5524487,77400.0,77.4,4.11,4.111259039317107,4.111259039317107,False,low,B,CHEMBL5523700,Ki,uM,UO_0000065,77.4,77400.0,4.11,-7.5,0.0,0.0,-7.5,0.0,0.0,-5.0,-5.9,-5.9,-7.55,-0.12,0.9791,6.677,-7.55,-0.12,0.9791,6.677,4.68830928402422,20.49701957982041,5.431451002715511,5.431451002715511,,,1.123147964477539,0.8734217882156372,0.7844536304473877,0.9145476818084716,1.4618422985076904,0.832295835018158
4TZ4,ligand_0008,CHEMBL5562478,CC1CC(=O)NC(=O)C1,CHEMBL5524487,70700.0,70.7,4.15,4.150580586203101,4.150580586203101,False,low,B,CHEMBL5523700,Ki,uM,UO_0000065,70.7,70700.0,4.15,-6.5,0.0,0.0,-6.5,0.0,0.0,-4.2,-5.9,-5.9,-6.49,0.0,0.9667,4.264,-6.49,0.0,0.9667,4.264,5.276007786876507,5.296539471399731,5.4099529178796,5.4099529178796,,,2.0729968547821045,0.3764914274215698,1.8713186979293823,0.4396789371967315,2.274674892425537,0.3133038878440857
4TZ4,ligand_0009,CHEMBL5565416,CCC(CC)C1=NOC2(CCC(=O)NC2=O)C1,CHEMBL5524487,80900.0,80.9,4.09,4.092051478387727,4.092051478387727,False,low,B,CHEMBL5523700,Ki,uM,UO_0000065,80.9,80900.0,4.09,-7.6,0.0,0.0,-7.6,0.0,0.0,-5.2,-7.1,-7.1,-8.23,1.3,0.9878,6.841,-8.23,1.3,0.9878,6.841,5.696977789525807,2.009195563269826,5.5479623665837545,5.5479623665837545,,,0.8935485482215881,0.913796603679657,0.7057026624679565,0.9782330989837646,1.0813944339752195,0.8493601083755493
4TZ4,ligand_0010,CHEMBL5557543,CCCC1=NOC2(CCC(=O)NC2=O)C1,CHEMBL5524487,41600.0,41.6,4.38,4.380906669373258,4.380906669373258,False,low,B,CHEMBL5523700,Ki,uM,UO_0000065,41.6,41600.0,4.38,-8.0,0.0,0.0,-8.0,0.0,0.0,-5.1,-7.9,-7.9,-8.21,1.17,0.9708,6.189,-8.21,1.17,0.9708,6.189,5.9854707411624,1.0340207616105703,5.27148616786545,5.27148616786545,,,0.9415725469589232,0.8437658548355103,0.4521302878856659,0.980065643787384,1.4310147762298584,0.7074660658836365
4TZ4,ligand_0011,CHEMBL5430307,CCCCNC(=O)CNc1ccc(C(=O)NC2CCC(=O)NC2=O)c(F)c1,CHEMBL5374908,25000.0,25.0,4.6,4.6020599913279625,4.6020599913279625,False,low,B,CHEMBL5370657,Ki,uM,UO_0000065,25.0,25000.0,4.6,-7.3,0.0,0.0,-7.3,0.0,0.0,-6.3,-6.9,-6.9,-7.28,-0.72,0.2455,5.197,-7.26,1.73,0.3026,5.789,5.765797395778836,1.7147570781986554,6.046449732779218,6.046449732779218,,,0.5950725674629211,0.7095800638198853,0.3375362157821655,0.9323745369911194,0.8526089191436768,0.4867855608463287
4TZ4,ligand_0012,CHEMBL5435181,CCCCNc1c(F)cc(C(=O)NC2CCC(=O)NC2=O)c(F)c1OC,CHEMBL5374908,35000.0,35.0,4.46,4.455931955649724,4.455931955649724,False,low,B,CHEMBL5370657,Ki,uM,UO_0000065,35.0,35000.0,4.46,-7.8,0.0,0.0,-7.8,0.0,0.0,-5.8,-7.0,-7.0,-8.41,0.12,0.9155,7.01,-8.41,0.12,0.9155,7.01,6.338713165474776,0.4584445714629657,7.047425871296504,7.047425871296504,,,0.3707208037376404,0.712602972984314,0.4297471344470978,0.9829992651939392,0.3116944432258606,0.4422067105770111
4TZ4,ligand_0013,CHEMBL5416921,CCCCNc1ccc(C(=O)NC2CCC(=O)NC2=O)c(F)c1,CHEMBL5374908,29000.0,29.0,4.54,4.537602002101044,4.537602002101044,False,low,B,CHEMBL5370657,Ki,uM,UO_0000065,29.0,29000.0,4.54,-7.5,0.0,0.0,-7.5,0.0,0.0,-6.4,-7.4,-7.4,-7.73,-0.03,0.2665,5.39,-6.0,1.95,0.3467,5.32,5.517082878469739,3.0403047745744245,6.2767140191969615,6.2767140191969615,,,0.3559964895248413,0.7391675114631653,0.2596179842948913,0.931244134902954,0.4523750245571136,0.5470908880233765
4TZ4,ligand_0014,CHEMBL5414951,CCCCNc1ccc2c(=O)n(C3CCC(=O)NC3=O)nnc2c1,CHEMBL5374908,3900.0,3.9,5.41,5.4089353929735005,5.4089353929735005,False,low,B,CHEMBL5370657,Ki,uM,UO_0000065,3.9,3900.0,5.41,-7.9,0.0,0.0,-7.9,0.0,0.0,-6.0,-7.5,-7.5,-8.17,1.5,0.2758,5.489,-4.89,-0.23,0.42,5.328,4.956282580904334,11.059039750703342,6.0722533578059705,6.0722533578059705,,,0.5838094353675842,0.75205397605896,0.4616231620311737,0.8991154432296753,0.7059956789016724,0.6049925088882446
4TZ4,ligand_0015,CHEMBL5415637,CCCCNc1ccc2c(c1)CN(C1CCC(=O)NC1=O)C2=O,CHEMBL5374908,430.0,0.43,6.37,6.366531544420413,6.366531544420413,True,medium,B,CHEMBL5370657,Ki,uM,UO_0000065,0.43,430.0,6.37,-8.6,0.0,0.0,-8.6,0.0,0.0,-6.2,-8.4,-8.4,-8.58,-0.16,0.9594,7.081,-8.58,-0.16,0.9594,7.081,6.209433556378995,0.617399741941101,6.020640028038525,6.020640028038525,,,-0.1669510304927826,0.9064416885375975,-0.1769942045211792,0.9611205458641052,-0.156907856464386,0.8517628908157349
4TZ4,ligand_0016,CHEMBL5421440,CCCCOc1ccc(C(=O)NC2CCC(=O)NC2=O)c(F)c1,CHEMBL5374908,31000.0,31.0,4.51,4.508638306165727,4.508638306165727,False,low,B,CHEMBL5370657,Ki,uM,UO_0000065,31.0,31000.0,4.51,-7.5,0.0,0.0,-7.5,0.0,0.0,-6.4,-7.3,-7.3,-7.86,-0.07,0.3751,5.359,-7.05,-0.28,0.4042,5.474,5.597679866778755,2.5253416016694024,6.5200171285362405,6.5200171285362405,,,0.2653372883796692,0.7380379438400269,-0.0660035908222198,0.9821388721466064,0.5966781973838806,0.4939370453357696
4TZ4,ligand_0017,CHEMBL5427990,CCCCOc1ccc(C2CCC(=O)NC2=O)cc1,CHEMBL5374908,3900.0,3.9,5.41,5.4089353929735005,5.4089353929735005,False,low,B,CHEMBL5370657,Ki,uM,UO_0000065,3.9,3900.0,5.41,-7.1,0.0,0.0,-7.1,0.0,0.0,-6.4,-6.8,-6.8,-7.22,0.43,0.4464,5.033,-6.76,-0.68,0.4754,5.157,4.825377808115956,14.949345938285663,6.167106065074012,6.167106065074012,,,1.1232249736785889,0.8033286929130554,0.9641956686973572,0.985037624835968,1.2822542190551758,0.6216197609901428
4TZ4,ligand_0018,CHEMBL4645406,CN(c1ccccc1)c1nccc(NCC(=O)Nc2cccc3c2CN(C2CCC(=O)NC2=O)C3=O)n1,CHEMBL4618786,970.0,0.97,6.01,6.013228265733755,6.013228265733755,True,medium,B,CHEMBL4616687,Ki,uM,UO_0000065,0.97,970.0,6.01,-9.9,0.0,0.0,-9.9,0.0,0.0,-8.9,-9.1,-9.1,-9.45,-0.32,0.8864,7.124,-8.63,0.25,0.9044,7.133,5.43076672113969,3.7087988435094656,6.652726829587581,6.652726829587581,,,-0.1477872133255005,0.8821622133255005,-0.0415540784597396,0.9381590485572816,-0.2540203332901001,0.8261654376983643
4TZ4,ligand_0019,CHEMBL4758352,CN1CC(=O)NC1=O,CHEMBL4679656,67800.0,67.8,4.17,4.168770306132937,4.168770306132937,False,low,B,CHEMBL4673389,Ki,uM,UO_0000065,67.8,67800.0,4.17,-5.4,0.0,0.0,-5.4,0.0,0.0,-3.4,-4.4,-4.8,-5.39,0.0,0.9841,4.692,-4.89,0.0,0.9857,4.631,5.205810692166141,6.225716033722916,4.574294864310883,4.574294864310883,,,1.341489553451538,0.5988359451293945,0.8397092819213867,0.8144983649253845,1.8432698249816888,0.3831734955310821
4TZ4,ligand_0020,CHEMBL5409944,CN1CCN(c2cc3c(cc2F)C(=O)N(C2CCC(=O)NC2=O)C3=O)CC1,CHEMBL5367924,4900.0,4.9,5.31,5.309803919971486,5.309803919971486,False,low,B,CHEMBL5365467,Ki,uM,UO_0000065,4.9,4900.0,5.31,-7.9,0.0,0.0,-7.9,0.0,0.0,-6.1,-6.9,-7.3,-9.47,2.94,0.9464,7.19,-9.01,1.37,0.9717,6.87,4.923960415932726,11.91350589542377,5.910440980656723,5.910440980656723,,,0.6176815032958984,0.7553695440292358,1.041547179222107,0.8211323022842407,0.1938157826662063,0.6896067261695862
4TZ4,ligand_0021,CHEMBL5432225,CN1CCc2cc3c(cc2C1)C(=O)N(C1CCC(=O)NC1=O)C3=O,CHEMBL5367924,6000.0,6.0,5.22,5.221848749616356,5.221848749616356,False,low,B,CHEMBL5365467,Ki,uM,UO_0000065,6.0,6000.0,5.22,-8.2,0.0,0.0,-8.2,0.0,0.0,-6.4,-8.0,-8.0,-9.54,2.88,0.9231,6.442,-9.54,2.88,0.9231,6.442,5.486465426427868,3.2623802070994405,5.486951465691462,5.486951465691462,,,0.4115568995475769,0.8359922766685486,0.5910522937774658,0.9104174375534058,0.2320615202188491,0.7615671157836914
4TZ4,ligand_0022,CHEMBL5431079,CN1CCc2cc3c(cc2CC1)C(=O)N(C1CCC(=O)NC1=O)C3=O,CHEMBL5367924,7300.0,7.3,5.14,5.136677139879544,5.136677139879544,False,low,B,CHEMBL5365467,Ki,uM,UO_0000065,7.3,7300.0,5.14,,,,,,,,,,,,,,,,,,5.78648531613432,1.6349884305442437,5.83369135493537,5.83369135493537,,,0.464397132396698,0.7823017239570618,1.0944777727127075,0.8318626880645752,-0.1656834781169891,0.7327407598495483
4TZ4,ligand_0023,CHEMBL5590084,CN1Cc2cc3c(cc2C1)C(=O)N(C1CCC(=O)NC1=O)C3,CHEMBL5579174,2700.0,2.7,5.57,5.568636235841012,5.568636235841012,False,low,B,CHEMBL5576143,Ki,uM,UO_0000065,2.7,2700.0,5.57,-8.7,0.0,0.0,-8.7,0.0,0.0,-5.9,-8.0,-8.0,-8.56,-0.22,0.9298,6.649,-8.56,-0.22,0.9298,6.649,5.3313099325865,4.663264694469383,5.747119594660124,5.747119594660124,,,-0.3298320770263672,0.91492760181427,-0.335880696773529,0.9796066880226136,-0.3237834572792053,0.8502484560012817
4TZ4,ligand_0024,CHEMBL5423392,CN1Cc2cc3c(cc2C1)C(=O)N(C1CCC(=O)NC1=O)C3=O,CHEMBL5367924,1400.0,1.4,5.85,5.853871964321762,5.853871964321762,False,low,B,CHEMBL5365467,Ki,uM,UO_0000065,1.4,1400.0,5.85,-7.4,0.0,0.0,-7.4,0.0,0.0,-6.1,-7.4,-7.4,-7.72,0.12,0.9071,6.331,-7.72,0.12,0.9071,6.331,5.093183025531578,8.068949073624031,5.581158873474849,5.581158873474849,,,0.3947882652282715,0.7594131231307983,0.2199995219707489,0.8825172781944275,0.5695770382881165,0.636309027671814
4TZ4,ligand_0025,CHEMBL5413097,COC(=O)c1ccccc1SCC1CCC(=O)NC1=O,CHEMBL5355404,1100.0,1.1,5.96,5.958607314841775,5.958607314841775,False,low,B,CHEMBL5352463,Ki,uM,UO_0000065,1.1,1100.0,5.96,-7.9,0.0,0.0,-7.9,0.0,0.0,-5.3,-6.7,-6.7,-8.13,0.08,0.8535,6.666,-7.53,0.07,0.9179,5.824,4.628083973534504,23.545939645158786,6.435406661254115,6.435406661254115,,,0.7583903074264526,0.7157238721847534,0.3770281672477722,0.8815621733665466,1.1397525072097778,0.5498855113983154
4TZ4,ligand_0026,CHEMBL3137312,COc1c(-c2ccc3cc(NS(C)(=O)=O)ccc3c2)cc(-n2ccc(=O)[nH]c2=O)cc1C(C)(C)C,CHEMBL4679656,4710.0,4.71,5.33,5.326979092871104,5.326979092871104,False,low,B,CHEMBL4673389,Ki,uM,UO_0000065,4.71,4710.0,5.33,-9.8,0.0,0.0,-9.8,0.0,0.0,-6.5,-7.9,-7.9,-10.21,1.73,0.7865,7.058,-9.6,1.11,0.8024,7.237,8.043504108839853,0.0090468187854453,7.435089597195581,7.435089597195581,,,0.2535918951034546,0.6222912669181824,0.5401581525802612,0.6942862272262573,-0.0329743586480617,0.5502963066101074
4TZ4,ligand_0027,CHEMBL5403248,COc1c(N)c(F)cc(C(=O)NC2CCC(=O)NC2=O)c1F,CHEMBL5374908,44000.0,44.0,4.36,4.356547323513812,4.356547323513812,False,low,B,CHEMBL5370657,Ki,uM,UO_0000065,44.0,44000.0,4.36,-6.7,0.0,0.0,-6.7,0.0,0.0,-5.5,-6.6,-6.6,-6.85,-0.46,0.4951,5.795,-6.85,-0.46,0.4951,5.795,6.4065703166989865,0.3921296514089812,6.681224862155366,6.681224862155366,,,0.6143326759338379,0.7174168825149536,0.5228440761566162,0.9072365164756776,0.7058212161064148,0.5275972485542297
4TZ4,ligand_0028,CHEMBL5405986,COc1cc(N)ccc1C(=O)NC1CCC(=O)NC1=O,CHEMBL5374908,11000.0,11.0,4.96,4.958607314841775,4.958607314841775,False,low,B,CHEMBL5370657,Ki,uM,UO_0000065,11.0,11000.0,4.96,-7.0,0.0,0.0,-7.0,0.0,0.0,-5.5,-6.5,-6.5,-7.75,1.93,0.4884,5.726,-7.06,-0.11,0.5012,5.908,5.22834795196732,5.910878713057881,6.638517174084502,6.638517174084502,,,0.5749704837799072,0.7663743495941162,0.4028087258338928,0.9631182551383972,0.7471321821212769,0.56963050365448
4TZ4,ligand_0029,CHEMBL5559414,COc1ccc(C2=NOC3(CCC(=O)NC3=O)C2)c(OC)c1OC,CHEMBL5524487,19300.0,19.3,4.71,4.714442690992226,4.714442690992226,False,low,B,CHEMBL5523700,Ki,uM,UO_0000065,19.3,19300.0,4.71,-8.7,0.0,0.0,-8.7,0.0,0.0,-5.5,-5.5,-5.5,-8.96,0.58,0.9128,6.552,-8.62,0.96,0.9307,6.124,4.484147272078092,32.798405273158544,6.687932590727319,6.687932590727319,,,0.1064457595348358,0.7796355485916138,0.0388788804411888,0.887319803237915,0.1740126311779022,0.6719512939453125
4TZ4,ligand_0030,CHEMBL5418383,COc1ccc(CS(=O)(=O)CC2CCC(=O)NC2=O)cc1,CHEMBL5355404,5500.0,5.5,5.26,5.259637310505756,5.259637310505756,False,low,B,CHEMBL5352463,Ki,uM,UO_0000065,5.5,5500.0,5.26,-8.6,0.0,0.0,-8.6,0.0,0.0,-6.8,-8.1,-8.1,-8.99,1.6,0.9848,6.614,-8.99,1.6,0.9848,6.614,5.002876051193282,9.933995268482104,6.419130978815228,6.419130978815228,,,-0.2131582498550415,0.9282702207565308,0.1873152703046798,0.9569948315620422,-0.6136317849159241,0.8995456099510193
4TZ4,ligand_0031,CHEMBL5418032,COc1ccc(CSCC2CCC(=O)NC2=O)cc1,CHEMBL5355404,4000.0,4.0,5.4,5.3979400086720375,5.3979400086720375,False,low,B,CHEMBL5352463,Ki,uM,UO_0000065,4.0,4000.0,5.4,-7.8,0.0,0.0,-7.8,0.0,0.0,-6.0,-6.4,-6.4,-7.87,-0.5,0.952,6.502,-7.87,-0.5,0.952,6.502,5.141143467677925,7.225310785340217,6.352156125154849,6.352156125154849,,,0.4235605597496032,0.7868364453315735,0.1528825461864471,0.8831068277359009,0.694238543510437,0.6905660629272461
4TZ4,ligand_0032,CHEMBL5747403,COc1ccc(Nc2nccc(NCC(=O)Nc3cccc4c3CN(C3CCC(=O)NC3=O)C4=O)n2)cc1,CHEMBL5738796,11100.0,11100.0,4.96,4.954677021213342,4.954677021213342,False,low,B,CHEMBL5729492,Ki,nM,UO_0000065,11100.0,11100.0,4.96,-8.1,0.0,0.0,-8.1,0.0,0.0,-6.8,-8.0,-7.1,-8.82,-0.73,0.6401,7.27,-8.21,-0.38,0.8234,7.418,5.123846545865213,7.51888520281533,6.846614325864471,6.846614325864471,,,0.4064072370529175,0.8754462003707886,0.9429041743278505,0.960753858089447,-0.1300897300243377,0.7901384830474854
4TZ4,ligand_0033,CHEMBL5880887,COc1ccc(OC)c(-c2nccc(NCC(=O)Nc3cccc4c3CN(C3CCC(=O)NC3=O)C4=O)n2)c1,CHEMBL5738796,5400.0,5400.0,5.27,5.267606240177031,5.267606240177031,False,low,B,CHEMBL5729492,Ki,nM,UO_0000065,5400.0,5400.0,5.27,-9.8,0.0,0.0,-9.8,0.0,0.0,-8.7,-9.1,-9.1,-10.27,2.21,0.9514,7.797,-10.27,2.21,0.9514,7.797,6.597565033653103,0.2526009423214165,7.08021105100663,7.08021105100663,,,0.2719513773918152,0.8486278653144836,0.9044010639190674,0.9254857897758484,-0.360498309135437,0.7717699408531189
4TZ4,ligand_0034,CHEMBL6001497,COc1cccc(-c2nccc(NCC(=O)Nc3cccc4c3CN(C3CCC(=O)NC3=O)C4=O)n2)c1,CHEMBL5738796,6300.0,6300.0,5.2,5.200659450546418,5.200659450546418,False,low,B,CHEMBL5729492,Ki,nM,UO_0000065,6300.0,6300.0,5.2,-10.2,0.0,0.0,-10.2,0.0,0.0,-8.9,-10.0,-10.0,-10.36,-0.4,0.9611,7.515,-10.36,-0.4,0.9611,7.515,5.582187146792537,2.617055020147712,6.4868053642203,6.4868053642203,,,0.383924126625061,0.8642016649246216,1.1164841651916504,0.9307742714881896,-0.3486359119415283,0.7976291179656982
4TZ4,ligand_0035,CHEMBL5563976,COc1ccccc1C1=NOC2(CCC(=O)NC2=O)C1,CHEMBL5524487,7100.0,7.1,5.15,5.1487416512809245,5.1487416512809245,False,low,B,CHEMBL5523700,Ki,uM,UO_0000065,7.1,7100.0,5.15,-9.6,0.0,0.0,-9.6,0.0,0.0,-6.3,-8.8,-8.8,-9.62,-0.14,0.7508,5.548,-8.75,-0.24,0.833,5.677,6.827212722606861,0.1488631749557828,5.704129943800862,5.704129943800862,,,-0.0226707383990287,0.8998647928237915,-0.2673017680644989,0.9812681078910828,0.2219602912664413,0.818461537361145
4TZ4,ligand_0036,CHEMBL6052125,COc1ccccc1Nc1nccc(NCC(=O)Nc2cccc3c2CN(C2CCC(=O)NC2=O)C3=O)n1,CHEMBL5738796,4300.0,4300.0,5.37,5.366531544420413,5.366531544420413,False,low,B,CHEMBL5729492,Ki,nM,UO_0000065,4300.0,4300.0,5.37,-8.8,0.0,0.0,-8.8,0.0,0.0,-7.7,-8.1,-8.1,-9.82,0.43,0.2908,6.622,-9.21,-0.58,0.4506,6.927,6.524408725934579,0.2989449862566056,6.7187722068266815,6.7187722068266815,,,-0.0516081452369689,0.8654366135597229,0.2723983228206634,0.9363458156585692,-0.3756146132946014,0.7945274114608765
4TZ4,ligand_0037,CHEMBL5419971,Cc1cc(C)c(SCC2CCC(=O)NC2=O)c(C)c1,CHEMBL5355404,13000.0,13.0,4.89,4.886056647693163,4.886056647693163,False,low,B,CHEMBL5352463,Ki,uM,UO_0000065,13.0,13000.0,4.89,-8.1,0.0,0.0,-8.1,0.0,0.0,-6.2,-8.1,-8.1,-8.64,0.96,0.9693,6.724,-8.64,0.96,0.9693,6.724,4.563226891843872,27.338400918115003,7.087964878190245,7.087964878190245,,,0.5034666657447815,0.6857297420501709,0.3068001866340637,0.8326852917671204,0.7001331448554993,0.5387742519378662
4TZ4,ligand_0038,CHEMBL5419302,Cc1cc(N)ccc1C(=O)NC1CCC(=O)NC1=O,CHEMBL5374908,65000.0,65.0,4.19,4.187086643357144,4.187086643357144,False,low,B,CHEMBL5370657,Ki,uM,UO_0000065,65.0,65000.0,4.19,-8.4,0.0,0.0,-8.4,0.0,0.0,-5.9,-5.9,-5.9,-8.78,-0.3,0.9339,6.363,-8.78,-0.3,0.9339,6.363,5.276050690881563,5.2960162514615785,6.327855260571621,6.327855260571621,,,0.6650240421295166,0.7131775617599487,0.6820443272590637,0.8841584324836731,0.6480037569999695,0.5421967506408691
4TZ4,ligand_0039,CHEMBL5414968,Cc1cc2cccc(C(=O)NC3CCC(=O)NC3=O)c2o1,CHEMBL5374908,15000.0,15.0,4.82,4.823908740944319,4.823908740944319,False,low,B,CHEMBL5370657,Ki,uM,UO_0000065,15.0,15000.0,4.82,-8.5,0.0,0.0,-8.5,0.0,0.0,-6.2,-7.5,-6.5,-8.75,-0.04,0.5799,5.513,-8.75,-0.04,0.5799,5.513,4.789584699828598,16.23361717704665,6.197870787839564,6.197870787839564,,,0.2415786534547805,0.8343635201454163,0.4636643528938293,0.9545363783836364,0.0194929558783769,0.714190661907196
4TZ4,ligand_0040,CHEMBL4297376,Cc1ccc(NS(=O)(=O)c2cccc(C#N)c2)c2[nH]cc(C#N)c12,CHEMBL5506185,2900.0,2.9,5.54,5.537602002101044,5.537602002101044,False,low,B,CHEMBL5505953,Ki,uM,UO_0000065,2.9,2900.0,5.54,-8.5,0.0,0.0,-8.5,0.0,0.0,-7.0,-8.3,-8.4,-8.64,0.11,0.3026,5.863,-8.05,0.13,0.5207,6.533,6.506226664716041,0.3117262214183243,7.196845025184472,7.196845025184472,,,0.4644992351531982,0.3929048776626587,0.482021152973175,0.3456439673900604,0.4469773173332214,0.4401658177375793
4TZ4,ligand_0041,CHEMBL5429778,Cc1ccc(S(=O)(=O)CC2CCC(=O)NC2=O)cc1,CHEMBL5355404,10000.0,10.0,5.0,5.0,5.0,False,low,B,CHEMBL5352463,Ki,uM,UO_0000065,10.0,10000.0,5.0,-8.7,0.0,0.0,-8.7,0.0,0.0,-6.4,-8.1,-8.1,-8.76,1.35,0.8692,5.9,-8.74,-0.42,0.9745,6.595,4.625542120636268,23.684154166801072,5.871828682277886,5.871828682277886,,,0.2083836495876312,0.8940303921699524,0.212776243686676,0.9706236124038696,0.2039910554885864,0.8174371719360352
4TZ4,ligand_0042,CHEMBL5406302,Cc1ccc(SCC2CCC(=O)NC2=O)cc1,CHEMBL5355404,5000.0,5.0,5.3,5.301029995663981,5.301029995663981,False,low,B,CHEMBL5352463,Ki,uM,UO_0000065,5.0,5000.0,5.3,-8.3,0.0,0.0,-8.3,0.0,0.0,-6.9,-8.2,-8.2,-8.39,-0.33,0.9707,6.299,-8.39,-0.33,0.9707,6.299,4.454639740132308,35.10429535169287,6.017522376146587,6.017522376146587,,,0.3255188167095184,0.7742174863815308,0.1815884858369827,0.9025809168815612,0.4694491624832153,0.645854115486145
4TZ4,ligand_0043,CHEMBL5436049,Cc1ccnc(SCC2CCC(=O)NC2=O)n1,CHEMBL5355404,6000.0,6.0,5.22,5.221848749616356,5.221848749616356,False,low,B,CHEMBL5352463,Ki,uM,UO_0000065,6.0,6000.0,5.22,-7.9,0.0,0.0,-7.9,0.0,0.0,-5.9,-6.2,-6.2,-7.95,-0.23,0.975,6.658,-7.95,-0.23,0.975,6.658,4.819958315659522,15.137065296519966,6.307155233729563,6.307155233729563,,,0.8528444766998291,0.7332606315612793,0.4966729879379272,0.8758066296577454,1.209015965461731,0.5907146334648132
4TZ4,ligand_0044,CHEMBL3989934,Cc1nc2cccc(N)c2c(=O)n1C1CCC(=O)NC1=O,CHEMBL4679656,16700.0,16.7,4.78,4.777283528852417,4.777283528852417,False,low,B,CHEMBL4673389,Ki,uM,UO_0000065,16.7,16700.0,4.78,-7.3,0.0,0.0,-7.3,0.0,0.0,-5.6,-6.5,-6.5,-7.69,1.64,0.6324,5.889,-7.69,1.64,0.6324,5.889,5.512881450260966,3.069859856320011,6.393105843718323,6.393105843718323,,,1.138615965843201,0.7288642525672913,1.4086259603500366,0.898146390914917,0.86860591173172,0.5595821142196655
4TZ4,ligand_0045,CHEMBL4797970,Cn1ccc(=O)[nH]c1=O,CHEMBL4679656,30800.0,30.8,4.51,4.511449283499556,4.511449283499556,False,low,B,CHEMBL4673389,Ki,uM,UO_0000065,30.8,30800.0,4.51,-6.5,0.0,0.0,-6.5,0.0,0.0,-3.5,-5.0,-5.5,-6.51,0.0,0.9836,4.314,-6.51,0.0,0.9836,4.314,4.006762504672285,98.4549362544697,4.350526790810446,4.350526790810446,,,1.3630602359771729,0.7119441628456116,0.3523639440536499,0.9505345225334167,2.3737566471099854,0.4733538329601288
4TZ4,ligand_0046,CHEMBL5420053,Cn1cnnc1SCC1CCC(=O)NC1=O,CHEMBL5355404,21000.0,21.0,4.68,4.6777807052660805,4.6777807052660805,False,low,B,CHEMBL5352463,Ki,uM,UO_0000065,21.0,21000.0,4.68,-7.6,0.0,0.0,-7.6,0.0,0.0,-5.1,-5.9,-5.9,-7.68,-0.3,0.9839,6.809,-7.68,-0.3,0.9839,6.809,5.183528436646639,6.553473737252182,6.456663531129253,6.456663531129253,,,1.1590144634246826,0.6604751348495483,0.5479316711425781,0.845939040184021,1.7700971364974976,0.4750112891197204
4TZ4,ligand_0047,CHEMBL5404650,Nc1ccc(C(=O)NC2CCC(=O)NC2=O)c(C(F)(F)F)c1,CHEMBL5374908,42000.0,42.0,4.38,4.376750709602099,4.376750709602099,False,low,B,CHEMBL5370657,Ki,uM,UO_0000065,42.0,42000.0,4.38,-8.4,0.0,0.0,-8.4,0.0,0.0,-5.9,-8.2,-8.2,-8.63,-0.42,0.8835,6.322,-8.37,-0.38,0.9336,6.427,5.490393516105513,3.2330058011880896,6.376783081080231,6.376783081080231,,,0.5439343452453613,0.8391938209533691,0.1738207936286926,0.9595376253128052,0.91404789686203,0.7188499569892883
4TZ4,ligand_0048,CHEMBL5405702,Nc1ccc(C(=O)NC2CCC(=O)NC2=O)c(Cl)c1,CHEMBL5374908,28000.0,28.0,4.55,4.552841968657781,4.552841968657781,False,low,B,CHEMBL5370657,Ki,uM,UO_0000065,28.0,28000.0,4.55,-8.5,0.0,0.0,-8.5,0.0,0.0,-5.6,-7.9,-7.9,-8.92,0.92,0.8864,6.371,-8.64,0.76,0.8988,6.397,5.320844705774077,4.777000582339128,6.011096572768058,6.011096572768058,,,0.1099286526441574,0.7513467073440552,-0.1314198076725006,0.8403986692428589,0.3512771129608154,0.6622947454452515
4TZ4,ligand_0049,CHEMBL5410980,Nc1ccc(C(=O)NC2CCC(=O)NC2=O)c(F)c1,CHEMBL5374908,29000.0,29.0,4.54,4.537602002101044,4.537602002101044,False,low,B,CHEMBL5370657,Ki,uM,UO_0000065,29.0,29000.0,4.54,-8.3,0.0,0.0,-8.3,0.0,0.0,-6.1,-6.5,-6.5,-8.77,0.58,0.9346,6.391,-8.77,0.58,0.9346,6.391,5.533140702834915,2.929943847524725,5.900458830346149,5.900458830346149,,,0.0428106635808944,0.8109997510910034,-0.3567960858345032,0.946332573890686,0.4424174129962921,0.6756669878959656
4TZ4,ligand_0050,CHEMBL5441135,Nc1ccc(C(=O)NC2CCC(=O)NC2=O)c(O)c1,CHEMBL5374908,6800.0,6.8,5.17,5.167491087293763,5.167491087293763,False,low,B,CHEMBL5370657,Ki,uM,UO_0000065,6.8,6800.0,5.17,-8.0,0.0,0.0,-8.0,0.0,0.0,-5.8,-7.6,-6.5,-8.79,-0.55,0.8785,5.97,-8.79,-0.55,0.8785,5.97,5.390414434111165,4.069917125328229,5.705799411694311,5.705799411694311,,,0.4530608057975769,0.7100558280944824,0.4823057651519775,0.8239078521728516,0.4238158464431762,0.5962037444114685
4TZ4,ligand_0051,CHEMBL4648134,Nc1ccc(C(=O)NC2CCC(=O)NC2=O)c2ncccc12,CHEMBL4618786,800.0,0.8,6.1,6.096910013008056,6.096910013008056,True,medium,B,CHEMBL4616687,Ki,uM,UO_0000065,0.8,800.0,6.1,-8.3,0.0,0.0,-8.3,0.0,0.0,-6.3,-6.3,-6.3,-8.77,-0.44,0.7121,6.359,-8.51,-0.43,0.8448,6.474,3.5976219086751247,252.5678639746507,6.68459020580525,6.68459020580525,,,-0.2138504683971405,0.8296952843666077,-0.1297264546155929,0.9079259037971495,-0.2979744672775268,0.7514646649360657
4TZ4,ligand_0052,CHEMBL5424655,Nc1ccc(C(=O)NC2CCC(=O)NC2=O)cc1,CHEMBL5374908,41000.0,41.0,4.39,4.3872161432802645,4.3872161432802645,False,low,B,CHEMBL5370657,Ki,uM,UO_0000065,41.0,41000.0,4.39,-8.3,0.0,0.0,-8.3,0.0,0.0,-5.1,-7.2,-5.8,-8.1,-0.33,0.9212,5.98,-8.1,-0.33,0.9212,5.98,5.867314507247272,1.357330139652409,6.000718328946131,6.000718328946131,,,0.5673646926879883,0.7588504552841187,0.3095137476921081,0.8955625295639038,0.8252156376838684,0.6221384406089783
4TZ4,ligand_0053,CHEMBL5411137,Nc1ccc(SCC2CCC(=O)NC2=O)cc1,CHEMBL5355404,7100.0,7.1,5.15,5.1487416512809245,5.1487416512809245,False,low,B,CHEMBL5352463,Ki,uM,UO_0000065,7.1,7100.0,5.15,-8.0,0.0,0.0,-8.0,0.0,0.0,-6.3,-6.4,-6.4,-8.24,-0.3,0.9821,6.5,-8.24,-0.3,0.9821,6.5,4.834561312677554,14.63654887595587,5.914309684404162,5.914309684404162,,,0.5106969475746155,0.7682353258132935,0.6845415234565735,0.8742474317550659,0.3368524014949798,0.6622232794761658
4TZ4,ligand_0054,CHEMBL5398662,Nc1cccc(C(=O)NC2CCC(=O)NC2=O)c1,CHEMBL5374908,53000.0,53.0,4.28,4.275724130399211,4.275724130399211,False,low,B,CHEMBL5370657,Ki,uM,UO_0000065,53.0,53000.0,4.28,-8.6,0.0,0.0,-8.6,0.0,0.0,-6.1,-7.8,-6.1,-8.46,-0.29,0.9393,6.27,-8.46,-0.29,0.9393,6.27,5.289687928983184,5.132300432705131,5.57058237041274,5.57058237041274,,,0.7021887302398682,0.7710259556770325,0.5548893213272095,0.915562391281128,0.8494880795478821,0.626489520072937
4TZ4,ligand_0055,CHEMBL5411174,Nc1cccc(C(=O)NC2CCC(=O)NC2=O)c1F,CHEMBL5374908,45000.0,45.0,4.35,4.346787486224656,4.346787486224656,False,low,B,CHEMBL5370657,Ki,uM,UO_0000065,45.0,45000.0,4.35,-8.7,0.0,0.0,-8.7,0.0,0.0,-6.2,-6.2,-6.2,-9.04,-0.31,0.9417,6.475,-9.04,-0.31,0.9417,6.475,5.331428034934474,4.661996735389261,6.554863889010361,6.554863889010361,,,0.384814977645874,0.8026949167251587,-0.0344270579516887,0.9600010514259338,0.8040570020675659,0.6453887224197388
4TZ4,ligand_0056,CHEMBL5439012,Nc1cccc(F)c1C(=O)NC1CCC(=O)NC1=O,CHEMBL5374908,56000.0,56.0,4.25,4.251811972993799,4.251811972993799,False,low,B,CHEMBL5370657,Ki,uM,UO_0000065,56.0,56000.0,4.25,-8.3,0.0,0.0,-8.3,0.0,0.0,-5.5,-8.2,-8.2,-8.83,-0.28,0.954,6.472,-8.83,-0.28,0.954,6.472,5.428573032846474,3.72757995068445,5.936131647520771,5.936131647520771,,,0.6409481763839722,0.7619919180870056,0.2343302071094513,0.8858888149261475,1.0475661754608154,0.6380950212478638
4TZ4,ligand_0057,CHEMBL5397580,Nc1cccc(SCC2CCC(=O)NC2=O)c1,CHEMBL5355404,3100.0,3.1,5.51,5.508638306165727,5.508638306165727,False,low,B,CHEMBL5352463,Ki,uM,UO_0000065,3.1,3100.0,5.51,-7.9,0.0,0.0,-7.9,0.0,0.0,-5.5,-6.3,-6.3,-8.14,-0.42,0.8858,6.444,-7.93,-0.42,0.9058,6.676,4.937286530197249,11.55349736956144,6.044107166458862,6.044107166458862,,,0.675132155418396,0.7439736127853394,0.7345066070556641,0.8450080752372742,0.6157577633857727,0.6429390907287598
4TZ4,ligand_0058,CHEMBL43452,Nc1cccc2c1C(=O)N(C1CCC(=O)NC1=O)C2=O,CHEMBL4679656,10000.0,10.0,5.0,5.0,5.0,False,low,B,CHEMBL4673389,Ki,uM,UO_0000065,10.0,10000.0,5.0,-9.2,0.0,0.0,-9.2,0.0,0.0,-6.5,-8.8,-8.0,-9.6,0.51,0.9892,6.627,-9.6,0.51,0.9892,6.627,4.797300161492687,15.94776540623362,5.01627916513778,5.01627916513778,,,0.5083571076393127,0.796389102935791,0.2841021716594696,0.9125789999961852,0.7326120734214783,0.6801992654800415
4TZ4,ligand_0059,CHEMBL43452,Nc1cccc2c1C(=O)N(C1CCC(=O)NC1=O)C2=O,CHEMBL5374908,3300.0,3.3,5.48,5.481486060122112,5.481486060122112,False,low,B,CHEMBL5370657,Ki,uM,UO_0000065,3.3,3300.0,5.48,-9.2,0.0,0.0,-9.2,0.0,0.0,-6.5,-8.8,-8.0,-9.6,0.51,0.9892,6.627,-9.6,0.51,0.9892,6.627,4.797300161492687,15.94776540623362,5.118970443645899,5.118970443645899,,,0.5083571076393127,0.796389102935791,0.2841021716594696,0.9125789999961852,0.7326120734214783,0.6801992654800415
4TZ4,ligand_0060,CHEMBL848,Nc1cccc2c1CN(C1CCC(=O)NC1=O)C2=O,CHEMBL4618786,1490.0,1.49,5.83,5.826813731587726,5.826813731587726,False,low,B,CHEMBL4616687,Ki,uM,UO_0000065,1.49,1490.0,5.83,-9.3,0.0,0.0,-9.3,0.0,0.0,-6.0,-8.4,-8.4,-9.47,0.38,0.9894,6.825,-9.47,0.38,0.9894,6.825,5.31002833620444,4.897468640464625,5.622569908999895,5.622569908999895,,,0.2351233810186386,0.8759506940841675,0.0084001198410987,0.9721205234527588,0.461846649646759,0.7797808647155762
4TZ4,ligand_0061,CHEMBL848,Nc1cccc2c1CN(C1CCC(=O)NC1=O)C2=O,CHEMBL4679656,16300.0,16.3,4.79,4.787812395596042,4.787812395596042,False,low,B,CHEMBL4673389,Ki,uM,UO_0000065,16.3,16300.0,4.79,-9.3,0.0,0.0,-9.3,0.0,0.0,-6.0,-8.4,-8.4,-9.47,0.38,0.9894,6.825,-9.47,0.38,0.9894,6.825,5.31002833620444,4.897468640464625,5.657403070348772,5.657403070348772,,,0.2351233810186386,0.8759506940841675,0.0084001198410987,0.9721205234527588,0.461846649646759,0.7797808647155762
4TZ4,ligand_0062,CHEMBL848,Nc1cccc2c1CN(C1CCC(=O)NC1=O)C2=O,CHEMBL5374908,6400.0,6.4,5.19,5.1938200260161125,5.1938200260161125,False,low,B,CHEMBL5370657,Ki,uM,UO_0000065,6.4,6400.0,5.19,-9.3,0.0,0.0,-9.3,0.0,0.0,-6.0,-8.4,-8.4,-9.47,0.38,0.9894,6.825,-9.47,0.38,0.9894,6.825,5.31002833620444,4.897468640464625,5.651102664553452,5.651102664553452,,,0.2351233810186386,0.8759506940841675,0.0084001198410987,0.9721205234527588,0.461846649646759,0.7797808647155762
4TZ4,ligand_0063,CHEMBL848,Nc1cccc2c1CN(C1CCC(=O)NC1=O)C2=O,CHEMBL5579174,800.0,0.8,6.1,6.096910013008056,6.096910013008056,True,medium,B,CHEMBL5576143,Ki,uM,UO_0000065,0.8,800.0,6.1,-9.3,0.0,0.0,-9.3,0.0,0.0,-6.0,-8.4,-8.4,-9.47,0.38,0.9894,6.825,-9.47,0.38,0.9894,6.825,5.31002833620444,4.897468640464625,5.705206338450701,5.705206338450701,,,0.2351233810186386,0.8759506940841675,0.0084001198410987,0.9721205234527588,0.461846649646759,0.7797808647155762
4TZ4,ligand_0064,CHEMBL5399110,Nc1ccccc1C(=O)NC1CCC(=O)NC1=O,CHEMBL5374908,35000.0,35.0,4.46,4.455931955649724,4.455931955649724,False,low,B,CHEMBL5370657,Ki,uM,UO_0000065,35.0,35000.0,4.46,-8.4,0.0,0.0,-8.4,0.0,0.0,-5.6,-8.3,-8.3,-8.77,0.75,0.3752,4.978,-8.75,0.46,0.599,5.042,5.050803640598231,8.896032470232464,5.863185628602123,5.863185628602123,,,0.920663356781006,0.73580402135849,0.4700101017951965,0.8294414281845093,1.37131667137146,0.6421666145324707
4TZ4,ligand_0065,CHEMBL5404825,Nc1ccccc1SCC1CCC(=O)NC1=O,CHEMBL5355404,6000.0,6.0,5.22,5.221848749616356,5.221848749616356,False,low,B,CHEMBL5352463,Ki,uM,UO_0000065,6.0,6000.0,5.22,-8.2,0.0,0.0,-8.2,0.0,0.0,-6.1,-7.8,-7.9,-8.29,-0.29,0.9378,6.159,-8.25,-0.35,0.9647,6.485,5.120496124646096,7.577114941470156,6.479398155474861,6.479398155474861,,,0.93762469291687,0.7062515020370483,0.6840334534645081,0.812228798866272,1.191215991973877,0.6002742052078247
4TZ4,ligand_0066,CHEMBL4639892,Nc1ccnc2c(C(=O)NC3CCC(=O)NC3=O)cccc12,CHEMBL4618786,2200.0,2.2,5.66,5.657577319177793,5.657577319177793,False,low,B,CHEMBL4616687,Ki,uM,UO_0000065,2.2,2200.0,5.66,-9.3,0.0,0.0,-9.3,0.0,0.0,-6.3,-8.6,-7.9,-9.6,-0.45,0.9512,6.744,-8.84,-0.43,0.9514,7.385,4.487350274763566,32.557400745071305,6.733077276826169,6.733077276826169,,,-0.2263195067644119,0.8253467679023743,-0.1656582355499267,0.89211505651474,-0.2869807779788971,0.7585784792900085
4TZ4,ligand_0067,CHEMBL4759876,Nn1ccc(=O)[nH]c1=O,CHEMBL4679656,40700.0,40.7,4.39,4.39040559077478,4.39040559077478,False,low,B,CHEMBL4673389,Ki,uM,UO_0000065,40.7,40700.0,4.39,-6.3,0.0,0.0,-6.3,0.0,0.0,-3.8,-5.5,-5.5,-6.47,0.0,0.9598,4.1,-6.47,0.0,0.9598,4.1,3.960702402827969,109.47062489052615,4.787357719425576,4.787357719425576,,,1.4705140590667725,0.6930516958236694,0.6774988174438477,0.9154233336448668,2.2635293006896973,0.4706800580024719
4TZ4,ligand_0068,CHEMBL275661,O=C1CCC(=O)N1,CHEMBL3768102,26200.0,26.2,4.58,4.581698708680254,4.581698708680254,False,low,B,CHEMBL3763149,Ki,uM,UO_0000065,26.2,26200.0,4.58,-6.1,0.0,0.0,-6.1,0.0,0.0,-3.5,-6.1,-4.9,-6.08,0.0,0.9838,3.952,-6.08,0.0,0.9838,3.952,5.020834029725978,9.531603548377666,5.419147339324445,5.419147339324445,,,1.2309901714324951,0.731565535068512,1.1369229555130005,0.8904126882553101,1.3250572681427002,0.5727183818817139
4TZ4,ligand_0069,CHEMBL275661,O=C1CCC(=O)N1,CHEMBL4679656,8190.0,8.19,5.09,5.086716098239581,5.086716098239581,False,low,B,CHEMBL4673389,Ki,uM,UO_0000065,8.19,8190.0,5.09,-6.1,0.0,0.0,-6.1,0.0,0.0,-3.5,-6.1,-4.9,-6.08,0.0,0.9838,3.952,-6.08,0.0,0.9838,3.952,5.020834029725978,9.531603548377666,5.289478235254504,5.289478235254504,,,1.2309901714324951,0.731565535068512,1.1369229555130005,0.8904126882553101,1.3250572681427002,0.5727183818817139
4TZ4,ligand_0070,CHEMBL275661,O=C1CCC(=O)N1,CHEMBL5340015,4300.0,4.3,5.37,5.366531544420413,5.366531544420413,False,low,B,CHEMBL5338729,Ki,uM,UO_0000065,4.3,4300.0,5.37,-6.1,0.0,0.0,-6.1,0.0,0.0,-3.5,-6.1,-4.9,-6.08,0.0,0.9838,3.952,-6.08,0.0,0.9838,3.952,5.020834029725978,9.531603548377666,5.435903637999424,5.435903637999424,,,1.2309901714324951,0.731565535068512,1.1369229555130005,0.8904126882553101,1.3250572681427002,0.5727183818817139
4TZ4,ligand_0071,CHEMBL5404837,O=C1CCC(CS(=O)(=O)Cc2ccccc2)C(=O)N1,CHEMBL5355404,7000.0,7.0,5.16,5.154901959985743,5.154901959985743,False,low,B,CHEMBL5352463,Ki,uM,UO_0000065,7.0,7000.0,5.16,-8.4,0.0,0.0,-8.4,0.0,0.0,-7.0,-8.4,-8.4,-8.41,0.65,0.2835,4.242,-8.28,0.19,0.962,6.271,5.458874149284907,3.4763688575371,6.212563857181936,6.212563857181936,,,0.4984776079654693,0.9102896451950072,0.4270048141479492,0.9774683713912964,0.5699504017829895,0.8431108593940735
4TZ4,ligand_0072,CHEMBL5397775,O=C1CCC(CS(=O)(=O)c2ccc(Cl)cc2)C(=O)N1,CHEMBL5355404,7400.0,7.4,5.13,5.130768280269024,5.130768280269024,False,low,B,CHEMBL5352463,Ki,uM,UO_0000065,7.4,7400.0,5.13,-9.0,0.0,0.0,-9.0,0.0,0.0,-6.0,-8.7,-8.7,-8.97,-0.34,0.9755,6.414,-8.97,-0.34,0.9755,6.414,6.060300072409964,0.8703620122582582,6.045304747628415,6.045304747628415,,,0.1591706424951553,0.9066016674041748,-0.0700774788856506,0.990527868270874,0.3884187638759613,0.8226754665374756
4TZ4,ligand_0073,CHEMBL5422899,O=C1CCC(CS(=O)(=O)c2ccc(F)cc2)C(=O)N1,CHEMBL5355404,4800.0,4.8,5.32,5.318758762624412,5.318758762624412,False,low,B,CHEMBL5352463,Ki,uM,UO_0000065,4.8,4800.0,5.32,-8.7,0.0,0.0,-8.7,0.0,0.0,-6.2,-7.5,-7.5,-8.8,-0.17,0.9408,6.357,-8.8,-0.17,0.9408,6.357,5.95105488866424,1.1192964113324748,5.817015658689234,5.817015658689234,,,0.2557767033576965,0.8983813524246216,0.060863584280014,0.9782771468162536,0.4506897926330566,0.8184855580329895
4TZ4,ligand_0074,CHEMBL5416620,O=C1CCC(CS(=O)(=O)c2ccccc2)C(=O)N1,CHEMBL5355404,7500.0,7.5,5.12,5.1249387366083,5.1249387366083,False,low,B,CHEMBL5352463,Ki,uM,UO_0000065,7.5,7500.0,5.12,-8.5,0.0,0.0,-8.5,0.0,0.0,-6.7,-8.3,-8.3,-8.95,1.17,0.9708,6.235,-8.58,-0.42,0.9796,6.659,5.879097659473136,1.3209985488361389,6.065685715016091,6.065685715016091,,,0.3799826800823211,0.9017256498336792,0.1774843782186508,0.9787160754203796,0.5824809670448303,0.8247352242469788
4TZ4,ligand_0075,CHEMBL5402303,O=C1CCC(CSCc2ccccc2)C(=O)N1,CHEMBL5355404,13000.0,13.0,4.89,4.886056647693163,4.886056647693163,False,low,B,CHEMBL5352463,Ki,uM,UO_0000065,13.0,13000.0,4.89,-8.1,0.0,0.0,-8.1,0.0,0.0,-6.4,-7.5,-7.5,-8.1,-0.35,0.9652,6.306,-7.8,-0.16,0.9793,6.461,6.030296864258264,0.932616587932895,6.403980696733067,6.403980696733067,,,0.554924488067627,0.8034042119979858,0.2026373744010925,0.9120875597000122,0.9072116017341614,0.6947208046913147
4TZ4,ligand_0076,CHEMBL5418463,O=C1CCC(CSc2ccc(Br)cc2)C(=O)N1,CHEMBL5355404,3500.0,3.5,5.46,5.455931955649724,5.455931955649724,False,low,B,CHEMBL5352463,Ki,uM,UO_0000065,3.5,3500.0,5.46,-8.5,0.0,0.0,-8.5,0.0,0.0,-5.6,-8.3,-8.3,-8.51,-0.38,0.9669,6.254,-8.51,-0.38,0.9669,6.254,5.253013846049711,5.584523900371678,5.968794633467213,5.968794633467213,,,0.3199160695075989,0.8261598348617554,0.3010901510715484,0.9535121321678162,0.3387419581413269,0.6988075971603394
4TZ4,ligand_0077,CHEMBL5418739,O=C1CCC(CSc2ccc(Cl)cc2)C(=O)N1,CHEMBL5355404,5100.0,5.1,5.29,5.292429823902063,5.292429823902063,False,low,B,CHEMBL5352463,Ki,uM,UO_0000065,5.1,5100.0,5.29,-8.5,0.0,0.0,-8.5,0.0,0.0,-6.2,-7.6,-7.6,-8.49,-0.38,0.9645,6.253,-8.49,-0.38,0.9645,6.253,5.116538439581015,7.646480061379425,5.807276543909208,5.807276543909208,,,0.3000531792640686,0.8350228071212769,0.1538654416799545,0.9758949875831604,0.4462409019470215,0.6941506862640381
4TZ4,ligand_0078,CHEMBL5413552,O=C1CCC(CSc2ccc(F)cc2)C(=O)N1,CHEMBL5355404,9000.0,9.0,5.05,5.045757490560675,5.045757490560675,False,low,B,CHEMBL5352463,Ki,uM,UO_0000065,9.0,9000.0,5.05,-8.2,0.0,0.0,-8.2,0.0,0.0,-6.2,-8.1,-8.1,-8.3,-0.34,0.9756,6.571,-8.3,-0.34,0.9756,6.571,5.233839850748988,5.836602935761511,5.992714711245702,5.992714711245702,,,0.3530922532081604,0.8666406869888306,0.2400506734848022,0.9897555708885192,0.4661338031291961,0.7435258626937866
4TZ4,ligand_0079,CHEMBL5435497,O=C1CCC(CSc2ccc([N+](=O)[O-])cc2)C(=O)N1,CHEMBL5355404,3000.0,3.0,5.52,5.522878745280337,5.522878745280337,False,low,B,CHEMBL5352463,Ki,uM,UO_0000065,3.0,3000.0,5.52,-8.4,0.0,0.0,-8.4,0.0,0.0,-6.3,-6.7,-6.3,-8.35,-0.34,0.9346,6.432,-8.32,-0.41,0.9599,6.673,5.849236937290504,1.4150215784529736,5.680007868822006,5.680007868822006,,,0.3405349850654602,0.736244261264801,0.3458623886108398,0.8163688778877258,0.3352075815200805,0.6561196446418762
4TZ4,ligand_0080,CHEMBL5409302,O=C1CCC(CSc2cccc([N+](=O)[O-])c2)C(=O)N1,CHEMBL5355404,500.0,0.5,6.3,6.301029995663981,6.301029995663981,True,medium,B,CHEMBL5352463,Ki,uM,UO_0000065,0.5,500.0,6.3,-8.1,0.0,0.0,-8.1,0.0,0.0,-6.8,-7.8,-7.9,-8.22,-0.41,0.9222,6.582,-8.22,-0.41,0.9222,6.582,4.886192420471211,12.995936466349082,6.114247923824572,6.114247923824572,,,0.4939701557159424,0.7603659629821777,0.2833963334560394,0.92206871509552,0.704543948173523,0.5986631512641907
4TZ4,ligand_0081,CHEMBL5428083,O=C1CCC(CSc2ccccc2)C(=O)N1,CHEMBL5355404,7100.0,7.1,5.15,5.1487416512809245,5.1487416512809245,False,low,B,CHEMBL5352463,Ki,uM,UO_0000065,7.1,7100.0,5.15,-8.1,0.0,0.0,-8.1,0.0,0.0,-6.3,-7.4,-7.4,-8.12,-0.39,0.9796,6.3,-8.12,-0.39,0.9796,6.3,6.5387428516497765,0.2892391977967225,5.998438958684075,5.998438958684075,,,0.8375804424285889,0.8441033363342285,0.9555691480636596,0.9323567748069764,0.7195917963981628,0.7558499574661255
4TZ4,ligand_0082,CHEMBL5439702,O=C1CCC(CSc2ccccc2[N+](=O)[O-])C(=O)N1,CHEMBL5355404,3400.0,3.4,5.47,5.468521082957745,5.468521082957745,False,low,B,CHEMBL5352463,Ki,uM,UO_0000065,3.4,3400.0,5.47,-8.5,0.0,0.0,-8.5,0.0,0.0,-5.8,-8.3,-8.3,-8.49,0.59,0.9692,6.626,-8.14,-0.43,0.9733,6.53,4.908539171599181,12.344139710204807,6.158739468593834,6.158739468593834,,,0.8373377323150635,0.7639696598052979,0.9215142726898192,0.8743035793304443,0.7531612515449524,0.6536357402801514
4TZ4,ligand_0083,CHEMBL5435385,O=C1CCC(CSc2ccccn2)C(=O)N1,CHEMBL5355404,7800.0,7.8,5.11,5.107905397309519,5.107905397309519,False,low,B,CHEMBL5352463,Ki,uM,UO_0000065,7.8,7800.0,5.11,-8.1,0.0,0.0,-8.1,0.0,0.0,-5.9,-7.9,-7.9,-8.08,-0.3,0.9777,6.585,-7.91,-0.28,0.9795,6.697,5.642076205286012,2.2799419774057728,6.521593277400169,6.521593277400169,,,0.737227201461792,0.8440462350845337,0.6570470929145813,0.930935561656952,0.8174073100090027,0.7571569681167603
4TZ4,ligand_0084,CHEMBL5398118,O=C1CCC(CSc2ncccn2)C(=O)N1,CHEMBL5355404,7300.0,7.3,5.14,5.136677139879544,5.136677139879544,False,low,B,CHEMBL5352463,Ki,uM,UO_0000065,7.3,7300.0,5.14,-7.8,0.0,0.0,-7.8,0.0,0.0,-5.4,-7.5,-7.5,-7.74,-0.3,0.9719,6.562,-7.52,-0.23,0.9756,6.472,5.552323725659479,2.803343230426208,6.486502398318873,6.486502398318873,,,0.5891074538230896,0.7972307205200195,0.734991192817688,0.8391079902648926,0.4432236850261688,0.7553533911705017
4TZ4,ligand_0085,CHEMBL11440,O=C1CCC(N2C(=O)c3c(F)c(F)c(F)c(F)c3C2=O)C(=O)N1,CHEMBL5577336,6080.0,6.08,5.22,5.216096420727265,5.216096420727265,False,low,B,CHEMBL5576087,Ki,uM,UO_0000065,6.08,6080.0,5.22,-7.4,0.0,0.0,-7.4,0.0,0.0,-6.3,-7.3,-6.5,-9.09,3.92,0.834,6.731,-9.09,3.92,0.834,6.731,5.329742214657721,4.680128585060236,5.637521815476929,5.637521815476929,,,0.0767512321472168,0.8217452764511108,0.2657084465026855,0.8851803541183472,-0.1122059822082519,0.7583102583885193
4TZ4,ligand_0086,CHEMBL5438540,O=C1CCC(N2C(=O)c3ccc(N4CCC4)cc3C2=O)C(=O)N1,CHEMBL5367924,500.0,0.5,6.3,6.301029995663981,6.301029995663981,True,medium,B,CHEMBL5365467,Ki,uM,UO_0000065,0.5,500.0,6.3,-8.2,0.0,0.0,-8.2,0.0,0.0,-6.2,-7.3,-7.3,-8.28,-0.3,0.5143,5.384,-8.06,-0.19,0.6609,5.715,5.266862998293441,5.409249351790517,5.675862645969414,5.675862645969414,,,0.726715087890625,0.7474157810211182,0.7701916694641113,0.8575182557106018,0.6832385659217834,0.6373133659362793
4TZ4,ligand_0087,CHEMBL468,O=C1CCC(N2C(=O)c3ccccc3C2=O)C(=O)N1,CHEMBL3768102,22700.0,22.7,4.64,4.6439741428068775,4.6439741428068775,False,low,B,CHEMBL3763149,Ki,uM,UO_0000065,22.7,22700.0,4.64,-9.1,0.0,0.0,-9.1,0.0,0.0,-6.2,-8.9,-7.9,-9.29,0.64,0.9876,6.685,-9.29,0.64,0.9876,6.685,5.322006557399062,4.764237932428663,4.94496186408492,4.94496186408492,,,1.031184196472168,0.8165876865386963,0.8793919086456299,0.8853415846824646,1.182976484298706,0.7478337287902832
4TZ4,ligand_0088,CHEMBL468,O=C1CCC(N2C(=O)c3ccccc3C2=O)C(=O)N1,CHEMBL4679655,8510.0,8.51,5.07,5.070070439915412,5.070070439915412,False,low,B,CHEMBL4673389,Ki,uM,UO_0000065,8.51,8510.0,5.07,-9.1,0.0,0.0,-9.1,0.0,0.0,-6.2,-8.9,-7.9,-9.29,0.64,0.9876,6.685,-9.29,0.64,0.9876,6.685,5.322006557399062,4.764237932428663,4.897439312445573,4.897439312445573,,,1.031184196472168,0.8165876865386963,0.8793919086456299,0.8853415846824646,1.182976484298706,0.7478337287902832
4TZ4,ligand_0089,CHEMBL468,O=C1CCC(N2C(=O)c3ccccc3C2=O)C(=O)N1,CHEMBL5340015,4400.0,4.4,5.36,5.356547323513812,5.356547323513812,False,low,B,CHEMBL5338729,Ki,uM,UO_0000065,4.4,4400.0,5.36,-9.1,0.0,0.0,-9.1,0.0,0.0,-6.2,-8.9,-7.9,-9.29,0.64,0.9876,6.685,-9.29,0.64,0.9876,6.685,5.322006557399062,4.764237932428663,4.898660015225956,4.898660015225956,,,1.031184196472168,0.8165876865386963,0.8793919086456299,0.8853415846824646,1.182976484298706,0.7478337287902832
4TZ4,ligand_0090,CHEMBL468,O=C1CCC(N2C(=O)c3ccccc3C2=O)C(=O)N1,CHEMBL5355404,8500.0,8.5,5.07,5.070581074285707,5.070581074285707,False,low,B,CHEMBL5352463,Ki,uM,UO_0000065,8.5,8500.0,5.07,-9.1,0.0,0.0,-9.1,0.0,0.0,-6.2,-8.9,-7.9,-9.29,0.64,0.9876,6.685,-9.29,0.64,0.9876,6.685,5.322006557399062,4.764237932428663,4.897075476098328,4.897075476098328,,,1.031184196472168,0.8165876865386963,0.8793919086456299,0.8853415846824646,1.182976484298706,0.7478337287902832
4TZ4,ligand_0091,CHEMBL468,O=C1CCC(N2C(=O)c3ccccc3C2=O)C(=O)N1,CHEMBL5367924,1800.0,1.8,5.75,5.7447274948966935,5.7447274948966935,False,low,B,CHEMBL5365467,Ki,uM,UO_0000065,1.8,1800.0,5.75,-9.1,0.0,0.0,-9.1,0.0,0.0,-6.2,-8.9,-7.9,-9.29,0.64,0.9876,6.685,-9.29,0.64,0.9876,6.685,5.322006557399062,4.764237932428663,4.842284185084459,4.842284185084459,,,1.031184196472168,0.8165876865386963,0.8793919086456299,0.8853415846824646,1.182976484298706,0.7478337287902832
4TZ4,ligand_0092,CHEMBL468,O=C1CCC(N2C(=O)c3ccccc3C2=O)C(=O)N1,CHEMBL5577336,8550.0,8.55,5.07,5.068033885271827,5.068033885271827,False,low,B,CHEMBL5576087,Ki,uM,UO_0000065,8.55,8550.0,5.07,-9.1,0.0,0.0,-9.1,0.0,0.0,-6.2,-8.9,-7.9,-9.29,0.64,0.9876,6.685,-9.29,0.64,0.9876,6.685,5.322006557399062,4.764237932428663,5.016992200615479,5.016992200615479,,,1.031184196472168,0.8165876865386963,0.8793919086456299,0.8853415846824646,1.182976484298706,0.7478337287902832
4TZ4,ligand_0093,CHEMBL6031802,O=C1CCC(N2Cc3c(NC(=O)CNc4ccnc(-c5cc6ccccc6o5)n4)cccc3C2=O)C(=O)N1,CHEMBL5738796,8300.0,8300.0,5.08,5.080921907623926,5.080921907623926,False,low,B,CHEMBL5729492,Ki,nM,UO_0000065,8300.0,8300.0,5.08,-10.6,0.0,0.0,-10.6,0.0,0.0,-9.2,-10.1,-10.1,-11.76,0.14,0.8963,7.785,-11.31,0.28,0.9549,7.644,6.113338077913882,0.7703035903382401,6.936990975977111,6.936990975977111,,,0.1130043566226959,0.8181575536727905,0.6321932077407837,0.9031805992126464,-0.4061844944953918,0.7331345081329346
4TZ4,ligand_0094,CHEMBL5944959,O=C1CCC(N2Cc3c(NC(=O)CNc4ccnc(-c5ccc(F)cc5)n4)cccc3C2=O)C(=O)N1,CHEMBL5738796,4200.0,4200.0,5.38,5.376750709602099,5.376750709602099,False,low,B,CHEMBL5729492,Ki,nM,UO_0000065,4200.0,4200.0,5.38,-9.9,0.0,0.0,-9.9,0.0,0.0,-8.7,-9.6,-9.6,-9.85,-0.09,0.2255,6.236,-8.59,-0.15,0.5446,7.066,6.090993095063777,0.8109739515909982,6.863293836676601,6.863293836676601,,,-0.4869898557662964,0.881253719329834,-0.0227343291044235,0.9125502109527588,-0.951245367527008,0.8499571681022644
4TZ4,ligand_0095,CHEMBL4635421,O=C1CCC(N2Cc3c(NC(=O)CNc4ccnc(N5CCC[C@@H]5CO)n4)cccc3C2=O)C(=O)N1,CHEMBL4618786,440.0,0.44,6.36,6.356547323513812,6.356547323513812,True,medium,B,CHEMBL4616687,Ki,uM,UO_0000065,0.44,440.0,6.36,-8.3,0.0,0.0,-8.3,0.0,0.0,-7.2,-8.1,-7.6,-8.95,-0.42,0.7625,7.193,-7.91,-0.66,0.7771,7.366,7.094394738408914,0.08046467501863,6.727156421041169,6.727156421041169,,,0.0591291934251785,0.930223822593689,0.5096267461776733,0.9914746284484864,-0.3913683593273163,0.8689730763435364
4TZ4,ligand_0096,CHEMBL5977237,O=C1CCC(N2Cc3c(NC(=O)CNc4ccnc(N5CCC[C@H]5CO)n4)cccc3C2=O)C(=O)N1,CHEMBL5738796,2400.0,2400.0,5.62,5.619788758288394,5.619788758288394,False,low,B,CHEMBL5729492,Ki,nM,UO_0000065,2400.0,2400.0,5.62,-8.9,0.0,0.0,-8.9,0.0,0.0,-7.7,-8.7,-8.7,-9.14,2.23,0.9085,7.153,-9.14,2.23,0.9085,7.153,7.29711541776003,0.0504527196993917,6.9617345401495205,6.9617345401495205,,,0.1251633316278457,0.9181393384933472,0.4701111912727356,0.983507752418518,-0.219784528017044,0.8527708649635315
4TZ4,ligand_0097,CHEMBL4648907,O=C1CCC(N2Cc3c(NC(=O)CNc4ccnc(N5CCN(c6cccc(C(F)(F)F)c6)CC5)n4)cccc3C2=O)C(=O)N1,CHEMBL4618786,130.0,0.13,6.89,6.886056647693163,6.886056647693163,True,medium,B,CHEMBL4616687,Ki,uM,UO_0000065,0.13,130.0,6.89,-10.1,0.0,0.0,-10.1,0.0,0.0,-8.3,-9.2,-9.2,-9.85,-1.04,0.1337,4.821,-8.27,-0.86,0.161,5.73,7.09600294059409,0.0801672635269449,7.0573795287495935,7.0573795287495935,,,-0.4124693274497986,0.8568686246871948,0.0082034468650817,0.9117642641067504,-0.833142101764679,0.8019729852676392
4TZ4,ligand_0098,CHEMBL5742588,O=C1CCC(N2Cc3c(NC(=O)CNc4ccnc(NCCCN5CCCC5=O)n4)cccc3C2=O)C(=O)N1,CHEMBL5738796,6500.0,6500.0,5.19,5.187086643357144,5.187086643357144,False,low,B,CHEMBL5729492,Ki,nM,UO_0000065,6500.0,6500.0,5.19,-8.1,0.0,0.0,-8.1,0.0,0.0,-6.7,-6.7,-7.5,-8.85,-0.94,0.7407,7.2,-8.24,-0.01,0.7933,7.509,5.763712782309753,1.7230076976451454,6.641944546607228,6.641944546607228,,,-0.2658242583274841,0.8765662908554077,-0.1518751382827758,0.922844648361206,-0.3797733783721924,0.8302879929542542
4TZ4,ligand_0099,CHEMBL5742761,O=C1CCC(N2Cc3c(NC(=O)CNc4ccnc(NCc5ccc6c(c5)OCO6)n4)cccc3C2=O)C(=O)N1,CHEMBL5738796,13600.0,13600.0,4.87,4.866461091629782,4.866461091629782,False,low,B,CHEMBL5729492,Ki,nM,UO_0000065,13600.0,13600.0,4.87,-9.4,0.0,0.0,-9.4,0.0,0.0,-8.2,-8.3,-8.3,-9.84,-0.26,0.7757,7.522,-9.84,-0.26,0.7757,7.522,7.481934424268381,0.0329659484925734,7.158769909545849,7.158769909545849,,,0.1983547359704971,0.8259743452072144,0.6877362132072449,0.8700032830238342,-0.2910267412662506,0.7819454669952393
4TZ4,ligand_0100,CHEMBL5916236,O=C1CCC(N2Cc3c(NC(=O)CNc4ccnc(Nc5ccc6c(c5)CCC6)n4)cccc3C2=O)C(=O)N1,CHEMBL5738796,13600.0,13600.0,4.87,4.866461091629782,4.866461091629782,False,low,B,CHEMBL5729492,Ki,nM,UO_0000065,13600.0,13600.0,4.87,-9.7,0.0,0.0,-9.7,0.0,0.0,-8.8,-9.0,-9.0,-10.47,-0.67,0.2213,6.496,-9.15,-1.1,0.6378,7.402,7.165194164400673,0.0683605952364976,6.743952508964908,6.743952508964908,,,0.5392719507217407,0.8732675313949585,0.8812156915664673,0.944869577884674,0.1973282396793365,0.8016654253005981
4TZ4,ligand_0101,CHEMBL5752790,O=C1CCC(N2Cc3c(NC(=O)CNc4ccnc(Nc5ccc6c(c5)OCO6)n4)cccc3C2=O)C(=O)N1,CHEMBL5738796,12200.0,12200.0,4.91,4.913640169325252,4.913640169325252,False,low,B,CHEMBL5729492,Ki,nM,UO_0000065,12200.0,12200.0,4.91,-9.9,0.0,0.0,-9.9,0.0,0.0,-8.8,-9.5,-9.5,-9.84,0.38,0.781,7.522,-9.84,0.38,0.781,7.522,7.374760498840493,0.0421929121293429,6.884931096714417,6.884931096714417,,,0.3499318361282348,0.8111400008201599,0.9585278630256652,0.8761751055717468,-0.2586641907691955,0.746104896068573
4TZ4,ligand_0102,CHEMBL5781025,O=C1CCC(N2Cc3c(NC(=O)CNc4ccnc(Nc5ccccc5F)n4)cccc3C2=O)C(=O)N1,CHEMBL5738796,8500.0,8500.0,5.07,5.070581074285707,5.070581074285707,False,low,B,CHEMBL5729492,Ki,nM,UO_0000065,8500.0,8500.0,5.07,-9.4,0.0,0.0,-9.4,0.0,0.0,-8.6,-9.0,-9.3,-8.57,-0.68,0.5947,7.265,-8.04,-0.64,0.6893,7.494,6.2282578979986,0.5912104501780926,6.632934643718867,6.632934643718867,,,0.0198080539703369,0.8761940002441406,0.6750391721725464,0.9554846882820128,-0.6354230642318726,0.7969033122062683
4TZ4,ligand_0103,CHEMBL5437759,O=C1CCC(NC(=O)c2cc(F)c(F)c(F)c2F)C(=O)N1,CHEMBL5374908,30000.0,30.0,4.52,4.522878745280337,4.522878745280337,False,low,B,CHEMBL5370657,Ki,uM,UO_0000065,30.0,30000.0,4.52,-8.5,0.0,0.0,-8.5,0.0,0.0,-6.9,-7.3,-7.3,-8.39,0.06,0.395,6.461,-8.04,2.63,0.4321,6.452,7.767950297816975,0.0170627765022574,6.83022867556556,6.83022867556556,,,0.2612251043319702,0.8147486448287964,-0.2336762547492981,0.9556442499160768,0.7561264634132385,0.6738530397415161
4TZ4,ligand_0104,CHEMBL5437759,O=C1CCC(NC(=O)c2cc(F)c(F)c(F)c2F)C(=O)N1,CHEMBL5577336,30400.0,30.4,4.52,4.517126416391246,4.517126416391246,False,low,B,CHEMBL5576087,Ki,uM,UO_0000065,30.4,30400.0,4.52,-8.5,0.0,0.0,-8.5,0.0,0.0,-6.9,-7.3,-7.3,-8.39,0.06,0.395,6.461,-8.04,2.63,0.4321,6.452,7.767950297816975,0.0170627765022574,6.439986394296212,6.439986394296212,,,0.2612251043319702,0.8147486448287964,-0.2336762547492981,0.9556442499160768,0.7561264634132385,0.6738530397415161
4TZ4,ligand_0105,CHEMBL1594734,O=C1CCC(NC(=O)c2ccccc2)C(=O)N1,CHEMBL5374908,63000.0,63.0,4.2,4.200659450546418,4.200659450546418,False,low,B,CHEMBL5370657,Ki,uM,UO_0000065,63.0,63000.0,4.2,-8.6,0.0,0.0,-8.6,0.0,0.0,-6.0,-8.4,-6.0,-8.65,-0.22,0.9756,6.557,-8.65,-0.22,0.9756,6.557,4.890682915577388,12.862254082090494,5.56015862917676,5.56015862917676,,,1.1741044521331787,0.8184930086135864,0.5823742747306824,0.9060617685317992,1.7658346891403198,0.7309243083000183
4TZ4,ligand_0106,CHEMBL1594734,O=C1CCC(NC(=O)c2ccccc2)C(=O)N1,CHEMBL5577336,62600.0,62.6,4.2,4.20342566678957,4.20342566678957,False,low,B,CHEMBL5576087,Ki,uM,UO_0000065,62.6,62600.0,4.2,-8.6,0.0,0.0,-8.6,0.0,0.0,-6.0,-8.4,-6.0,-8.65,-0.22,0.9756,6.557,-8.65,-0.22,0.9756,6.557,4.890682915577388,12.862254082090494,5.531228833806044,5.531228833806044,,,1.1741044521331787,0.8184930086135864,0.5823742747306824,0.9060617685317992,1.7658346891403198,0.7309243083000183
4TZ4,ligand_0107,CHEMBL5410366,O=C1CCC(NC(=O)c2ccccn2)C(=O)N1,CHEMBL5374908,66000.0,66.0,4.18,4.180456064458132,4.180456064458132,False,low,B,CHEMBL5370657,Ki,uM,UO_0000065,66.0,66000.0,4.18,-8.5,0.0,0.0,-8.5,0.0,0.0,-6.2,-7.7,-6.2,-8.53,-0.21,0.9722,6.502,-8.53,-0.21,0.9722,6.502,4.866751042943752,13.590923159361036,5.582500957112967,5.582500957112967,,,0.7140566110610962,0.8422476053237915,0.3827928900718689,0.97712504863739,1.0453203916549685,0.7073702216148376
4TZ4,ligand_0108,CHEMBL5435212,O=C1CCC(SCc2ccccc2)C(=O)N1,CHEMBL5355404,20000.0,20.0,4.7,4.698970004336019,4.698970004336019,False,low,B,CHEMBL5352463,Ki,uM,UO_0000065,20.0,20000.0,4.7,-7.9,0.0,0.0,-7.9,0.0,0.0,-6.2,-7.9,-7.9,-8.2,1.06,0.4029,4.55,-6.88,-0.36,0.9664,6.431,5.2688596632055225,5.384437457257068,6.073408469740262,6.073408469740262,,,0.9948748350143432,0.8688702583312988,1.1684253215789795,0.9274977445602416,0.8213244080543518,0.8102427124977112
4TZ4,ligand_0109,CHEMBL5563024,O=C1CCC2(CC(C3CCCC3)=NO2)C(=O)N1,CHEMBL5524487,30100.0,30.1,4.52,4.521433504406157,4.521433504406157,False,low,B,CHEMBL5523700,Ki,uM,UO_0000065,30.1,30100.0,4.52,-8.9,0.0,0.0,-8.9,0.0,0.0,-5.7,-5.7,-5.7,-8.87,-0.25,0.9882,6.948,-8.87,-0.25,0.9882,6.948,5.492448534187161,3.2177438269474474,5.849436666663694,5.849436666663694,,,0.8934115767478943,0.8200437426567078,0.6779844760894775,0.8605861067771912,1.108838677406311,0.7795013785362244
4TZ4,ligand_0110,CHEMBL5557027,O=C1CCC2(CC(C3CCCCC3)=NO2)C(=O)N1,CHEMBL5524487,27100.0,27.1,4.57,4.567030709125595,4.567030709125595,False,low,B,CHEMBL5523700,Ki,uM,UO_0000065,27.1,27100.0,4.57,-8.4,0.0,0.0,-8.4,0.0,0.0,-5.6,-5.6,-5.6,-8.4,-0.21,0.8389,6.229,-8.4,-0.21,0.8389,6.229,5.354459761067241,4.421200789802014,5.482030819547599,5.482030819547599,,,0.8412091732025146,0.8973103165626526,0.6358593702316284,0.9441136121749878,1.0465589761734009,0.8505070209503174
4TZ4,ligand_0111,CHEMBL5559649,O=C1CCC2(CC(c3c(Cl)cccc3Cl)=NO2)C(=O)N1,CHEMBL5524487,3800.0,3.8,5.42,5.42021640338319,5.42021640338319,False,low,B,CHEMBL5523700,Ki,uM,UO_0000065,3.8,3800.0,5.42,-8.3,0.0,0.0,-8.3,0.0,0.0,-6.3,-8.2,-8.2,-8.2,-0.37,0.8872,6.548,-7.95,-0.34,0.9499,6.747,6.430549932834995,0.371065063982382,6.375155227830311,6.375155227830311,,,-0.1098747849464416,0.947706937789917,0.1719598770141601,0.963321328163147,-0.3917094469070434,0.9320924878120422
4TZ4,ligand_0112,CHEMBL5559886,O=C1CCC2(CC(c3ccc(C(=O)O)cc3)=NO2)C(=O)N1,CHEMBL5524487,20400.0,20.4,4.69,4.690369832574102,4.690369832574102,False,low,B,CHEMBL5523700,Ki,uM,UO_0000065,20.4,20400.0,4.69,-8.0,0.0,0.0,-8.0,0.0,0.0,-6.6,-7.8,-7.8,-7.78,-0.29,0.8917,5.778,-7.78,-0.29,0.8917,5.778,5.9422524014490605,1.1422143145181336,5.663144914788562,5.663144914788562,,,0.0751241147518158,0.9080150723457336,0.2149393260478973,0.9632914662361144,-0.0646910965442657,0.8527386784553528
4TZ4,ligand_0113,CHEMBL5563368,O=C1CCC2(CC(c3ccc(Cl)cc3Cl)=NO2)C(=O)N1,CHEMBL5524487,3700.0,3.7,5.43,5.431798275933005,5.431798275933005,False,low,B,CHEMBL5523700,Ki,uM,UO_0000065,3.7,3700.0,5.43,-9.6,0.0,0.0,-9.6,0.0,0.0,-6.0,-6.0,-6.0,-9.73,0.21,0.9276,6.777,-9.73,0.21,0.9276,6.777,6.0391602174589245,0.9137760741906368,6.189028451070657,6.189028451070657,,,-0.502974271774292,0.9406304359436036,-0.3377847671508789,0.9932183623313904,-0.6681637167930603,0.8880425691604614
4TZ4,ligand_0114,CHEMBL5555248,O=C1CCC2(CC(c3ccccc3Br)=NO2)C(=O)N1,CHEMBL5524487,8800.0,8.8,5.06,5.055517327849831,5.055517327849831,False,low,B,CHEMBL5523700,Ki,uM,UO_0000065,8.8,8800.0,5.06,-8.7,0.0,0.0,-8.7,0.0,0.0,-5.9,-6.7,-7.2,-9.12,0.36,0.5536,5.74,-8.7,-0.11,0.9765,6.469,5.150487140987249,7.071521384185371,6.029269572708904,6.029269572708904,,,-0.2308300137519836,0.9493719339370728,0.2061293125152588,0.9853762984275818,-0.6677893400192261,0.9133675694465636
4TZ4,ligand_0115,CHEMBL5561114,O=C1CCC2(CC(c3ccccc3Cl)=NO2)C(=O)N1,CHEMBL5524487,3600.0,3.6,5.44,5.443697499232712,5.443697499232712,False,low,B,CHEMBL5523700,Ki,uM,UO_0000065,3.6,3600.0,5.44,-9.8,0.0,0.0,-9.8,0.0,0.0,-6.7,-8.1,-8.1,-9.8,0.2,0.4208,5.54,-8.8,-0.3,0.969,6.522,5.101552005467907,7.914946698250523,5.65242191002793,5.65242191002793,,,-0.1679563820362091,0.9522180557250975,0.2533324956893921,0.9636174440383912,-0.5892452597618103,0.9408186078071594
4TZ4,ligand_0116,CHEMBL5561864,O=C1CCC2(CC(c3ccccc3F)=NO2)C(=O)N1,CHEMBL5524487,15800.0,15.8,4.8,4.801342913045577,4.801342913045577,False,low,B,CHEMBL5523700,Ki,uM,UO_0000065,15.8,15800.0,4.8,-9.6,0.0,0.0,-9.6,0.0,0.0,-6.3,-9.5,-9.5,-9.69,0.07,0.4082,4.882,-9.34,-0.27,0.9658,6.614,5.099456316995349,7.953232581739768,5.554651948288805,5.554651948288805,,,-0.21814826130867,0.96856427192688,0.1250423640012741,0.99539977312088,-0.5613389015197754,0.9417287707328796
4TZ4,ligand_0117,CHEMBL5555710,O=C1CCC2(CC(c3ccccc3I)=NO2)C(=O)N1,CHEMBL5524487,11300.0,11.3,4.95,4.94692155651658,4.94692155651658,False,low,B,CHEMBL5523700,Ki,uM,UO_0000065,11.3,11300.0,4.95,-7.1,0.0,0.0,-7.1,0.0,0.0,-5.5,-6.5,-6.5,-8.61,-0.32,0.9769,6.594,-8.53,-0.03,0.978,6.449,5.569469320113795,2.694825696329166,5.995701366386832,5.995701366386832,,,-0.4380261301994324,0.938734531402588,-0.0232234541326761,0.9600886106491088,-0.8528288006782532,0.917380392551422
4TZ4,ligand_0118,CHEMBL5549746,O=C1CCC2(CC(c3ccccc3[N+](=O)[O-])=NO2)C(=O)N1,CHEMBL5524487,5900.0,5.9,5.23,5.229147988357855,5.229147988357855,False,low,B,CHEMBL5523700,Ki,uM,UO_0000065,5.9,5900.0,5.23,-10.2,0.0,0.0,-10.2,0.0,0.0,-6.0,-9.0,-9.0,-10.24,-0.46,0.8922,5.893,-9.07,-0.26,0.9474,6.488,4.606160492287216,24.765067025211422,6.02684541899402,6.02684541899402,,,-0.2764780223369598,0.9089828133583068,-0.0737393125891685,0.9297066926956176,-0.4792167544364929,0.8882589340209961
4TZ4,ligand_0119,CHEMBL5563719,O=C1CCC2(CC(c3cccnc3)=NO2)C(=O)N1,CHEMBL5524487,33400.0,33.4,4.48,4.476253533188435,4.476253533188435,False,low,B,CHEMBL5523700,Ki,uM,UO_0000065,33.4,33400.0,4.48,-8.7,0.0,0.0,-8.7,0.0,0.0,-6.3,-8.2,-8.2,-8.7,-0.2,0.7518,6.163,-8.15,-0.21,0.8995,6.282,4.802240357580274,15.76738392119396,5.524970361538936,5.524970361538936,,,0.0865576267242431,0.9064449667930604,0.3461979627609253,0.9593643546104432,-0.1730827093124389,0.8535255789756775
4TZ4,ligand_0120,CHEMBL3763941,O=C1CCCC(=O)N1,CHEMBL5340015,28000.0,28.0,4.55,4.552841968657781,4.552841968657781,False,low,B,CHEMBL5338729,Ki,uM,UO_0000065,28.0,28000.0,4.55,-7.0,0.0,0.0,-7.0,0.0,0.0,-4.1,-6.7,-5.6,-7.03,0.0,0.9895,4.382,-7.03,0.0,0.9895,4.382,5.252928317241368,5.585623810063618,5.763404489477283,5.763404489477283,,,0.9767827987670898,0.5985212326049805,0.5084397792816162,0.8279106020927429,1.4451258182525637,0.3691318929195404
4TZ4,ligand_0121,CHEMBL3763941,O=C1CCCC(=O)N1,CHEMBL5524487,92500.0,92.5,4.03,4.0338582672609675,4.0338582672609675,False,low,B,CHEMBL5523700,Ki,uM,UO_0000065,92.5,92500.0,4.03,-7.0,0.0,0.0,-7.0,0.0,0.0,-4.1,-6.7,-5.6,-7.03,0.0,0.9895,4.382,-7.03,0.0,0.9895,4.382,5.252928317241368,5.585623810063618,5.744596813563732,5.744596813563732,,,0.9767827987670898,0.5985212326049805,0.5084397792816162,0.8279106020927429,1.4451258182525637,0.3691318929195404
4TZ4,ligand_0122,CHEMBL12193,O=C1CCCCN1,CHEMBL5340015,146000.0,146.0,3.84,3.835647144215563,3.835647144215563,False,low,B,CHEMBL5338729,Ki,uM,UO_0000065,146.0,146000.0,3.84,-5.7,0.0,0.0,-5.7,0.0,0.0,-3.2,-4.3,-4.3,-5.67,0.0,0.9286,3.999,-5.28,0.0,0.9607,3.9,4.231379582699168,58.69760985555741,5.468681272759425,5.468681272759425,,,1.516869306564331,0.4538171291351318,1.4978985786437988,0.5493128895759583,1.5358400344848633,0.3583213984966278
4TZ4,ligand_0123,CHEMBL344042,O=C1CCN1,CHEMBL5340015,77000.0,77.0,4.11,4.113509274827518,4.113509274827518,False,low,B,CHEMBL5338729,Ki,uM,UO_0000065,77.0,77000.0,4.11,-4.4,0.0,0.0,-4.4,0.0,0.0,-2.0,-3.9,-3.9,-4.45,0.0,0.9586,4.208,-4.45,0.0,0.9586,4.208,3.0353540335484914,921.8196604243648,4.383374709753643,4.383374709753643,,,0.672890305519104,0.5545449256896973,0.5031149387359619,0.7388956546783447,0.8426657319068909,0.370194137096405
4TZ4,ligand_0124,CHEMBL1232394,O=C1CCNC(=O)N1,CHEMBL5340015,88000.0,88.0,4.06,4.055517327849832,4.055517327849832,False,low,B,CHEMBL5338729,Ki,uM,UO_0000065,88.0,88000.0,4.06,-5.9,0.0,0.0,-5.9,0.0,0.0,-3.4,-5.9,-5.7,-5.91,0.0,0.9651,4.073,-5.9,0.0,0.968,4.157,4.982066957270375,10.42156742686164,6.207131475224473,6.207131475224473,,,1.1844497919082642,0.5913100242614746,0.6664204001426697,0.8203536868095398,1.702479124069214,0.3622663021087646
4TZ4,ligand_0125,CHEMBL3989927,O=C1CC[C@H](N2Cc3c(OCc4ccc(CN5CCOCC5)cc4)cccc3C2=O)C(=O)N1,CHEMBL4679656,4940.0,4.94,5.31,5.306273051076353,5.306273051076353,False,low,B,CHEMBL4673389,Ki,uM,UO_0000065,4.94,4940.0,5.31,-10.3,0.0,0.0,-10.3,0.0,0.0,-8.4,-10.2,-10.2,-10.46,-0.43,0.9598,7.351,-10.4,0.89,0.9613,7.205,6.263758170164682,0.5448059347404377,5.765403345944999,5.765403345944999,,,-0.7734249830245972,0.9508677124977112,-0.9210983514785768,0.9919673800468444,-0.6257515549659729,0.909768044948578
4TZ4,ligand_0126,CHEMBL122334,O=C1CNC(=O)N1,CHEMBL5340015,43000.0,43.0,4.37,4.366531544420414,4.366531544420414,False,low,B,CHEMBL5338729,Ki,uM,UO_0000065,43.0,43000.0,4.37,-5.1,0.0,0.0,-5.1,0.0,0.0,-3.4,-5.0,-5.0,-5.11,0.0,0.8347,4.223,-4.99,0.0,0.9603,3.935,4.91384958923148,12.194118490884902,6.021317246516554,6.021317246516554,,,1.5892179012298584,0.5167236328125,1.5930694341659546,0.5817972421646118,1.5853664875030518,0.4516500234603882
4TZ4,ligand_0127,CHEMBL566,O=c1cc[nH]c(=O)[nH]1,CHEMBL5340015,35000.0,35.0,4.46,4.455931955649724,4.455931955649724,False,low,B,CHEMBL5338729,Ki,uM,UO_0000065,35.0,35000.0,4.46,-6.1,0.0,0.0,-6.1,0.0,0.0,-3.8,-5.8,-5.4,-6.1,0.0,0.955,4.221,-6.1,0.0,0.955,4.221,4.989779719984036,10.23812151932752,5.6886080044422735,5.6886080044422735,,,1.946541786193848,0.4949029386043548,1.8547319173812864,0.6078758835792542,2.038351535797119,0.3819299936294555
