target,method,source_pose_rows,evaluable_pose_rows,excluded_unconvertible_rows,posebusters_rows,missing_posebusters_rows,extra_posebusters_rows,status,result_csv
1g5m,gnina,285,250,35,250,0,0,complete,/mnt/tank/scratch/okonovalova/AffiTox/analysis/excluding_2z5x_3mjg/tables/posebuster/posebusters_results_1g5m_gnina.csv
1g5m,qvina,287,250,37,250,0,0,complete,/mnt/tank/scratch/okonovalova/AffiTox/analysis/excluding_2z5x_3mjg/tables/posebuster/posebusters_results_1g5m_qvina.csv
1g5m,dynamicbind_new,252,252,0,252,0,0,complete,/mnt/tank/scratch/okonovalova/AffiTox/analysis/excluding_2z5x_3mjg/tables/posebuster/posebusters_results_1g5m_dynamicbind_new.csv
1g5m,boltz2,356,243,113,243,0,0,complete,/mnt/tank/scratch/okonovalova/AffiTox/analysis/excluding_2z5x_3mjg/tables/posebuster/posebusters_results_1g5m_boltz2.csv
2v5z,gnina,245,240,5,240,0,0,complete,/mnt/tank/scratch/okonovalova/AffiTox/analysis/excluding_2z5x_3mjg/tables/posebuster/posebusters_results_2v5z_gnina.csv
2v5z,qvina,245,240,5,240,0,0,complete,/mnt/tank/scratch/okonovalova/AffiTox/analysis/excluding_2z5x_3mjg/tables/posebuster/posebusters_results_2v5z_qvina.csv
2v5z,dynamicbind_new,245,245,0,245,0,0,complete,/mnt/tank/scratch/okonovalova/AffiTox/analysis/excluding_2z5x_3mjg/tables/posebuster/posebusters_results_2v5z_dynamicbind_new.csv
2v5z,boltz2,208,204,4,204,0,0,complete,/mnt/tank/scratch/okonovalova/AffiTox/analysis/excluding_2z5x_3mjg/tables/posebuster/posebusters_results_2v5z_boltz2.csv
3eyg,gnina,2215,2196,19,2196,0,0,complete,/mnt/tank/scratch/okonovalova/AffiTox/analysis/excluding_2z5x_3mjg/tables/posebuster/posebusters_results_3eyg_gnina.csv
3eyg,qvina,2221,2202,19,2202,0,0,complete,/mnt/tank/scratch/okonovalova/AffiTox/analysis/excluding_2z5x_3mjg/tables/posebuster/posebusters_results_3eyg_qvina.csv
3eyg,dynamicbind_new,2254,2254,0,2254,0,0,complete,/mnt/tank/scratch/okonovalova/AffiTox/analysis/excluding_2z5x_3mjg/tables/posebuster/posebusters_results_3eyg_dynamicbind_new.csv
3eyg,boltz2,2233,2232,1,2232,0,0,complete,/mnt/tank/scratch/okonovalova/AffiTox/analysis/excluding_2z5x_3mjg/tables/posebuster/posebusters_results_3eyg_boltz2.csv
3jy9,gnina,1999,1978,21,1978,0,0,complete,/mnt/tank/scratch/okonovalova/AffiTox/analysis/excluding_2z5x_3mjg/tables/posebuster/posebusters_results_3jy9_gnina.csv
3jy9,qvina,1998,1978,20,1978,0,0,complete,/mnt/tank/scratch/okonovalova/AffiTox/analysis/excluding_2z5x_3mjg/tables/posebuster/posebusters_results_3jy9_qvina.csv
3jy9,dynamicbind_new,2026,2026,0,2026,0,0,complete,/mnt/tank/scratch/okonovalova/AffiTox/analysis/excluding_2z5x_3mjg/tables/posebuster/posebusters_results_3jy9_dynamicbind_new.csv
3jy9,boltz2,2012,2011,1,2011,0,0,complete,/mnt/tank/scratch/okonovalova/AffiTox/analysis/excluding_2z5x_3mjg/tables/posebuster/posebusters_results_3jy9_boltz2.csv
3lxk,gnina,778,776,2,776,0,0,complete,/mnt/tank/scratch/okonovalova/AffiTox/analysis/excluding_2z5x_3mjg/tables/posebuster/posebusters_results_3lxk_gnina.csv
3lxk,qvina,778,776,2,776,0,0,complete,/mnt/tank/scratch/okonovalova/AffiTox/analysis/excluding_2z5x_3mjg/tables/posebuster/posebusters_results_3lxk_qvina.csv
3lxk,dynamicbind_new,785,785,0,785,0,0,complete,/mnt/tank/scratch/okonovalova/AffiTox/analysis/excluding_2z5x_3mjg/tables/posebuster/posebusters_results_3lxk_dynamicbind_new.csv
3lxk,boltz2,756,756,0,756,0,0,complete,/mnt/tank/scratch/okonovalova/AffiTox/analysis/excluding_2z5x_3mjg/tables/posebuster/posebusters_results_3lxk_boltz2.csv
11ue,gnina,268,267,1,267,0,0,complete,/mnt/tank/scratch/okonovalova/AffiTox/analysis/excluding_2z5x_3mjg/tables/posebuster/posebusters_results_11ue_gnina.csv
11ue,qvina,268,267,1,267,0,0,complete,/mnt/tank/scratch/okonovalova/AffiTox/analysis/excluding_2z5x_3mjg/tables/posebuster/posebusters_results_11ue_qvina.csv
11ue,dynamicbind_new,275,275,0,275,0,0,complete,/mnt/tank/scratch/okonovalova/AffiTox/analysis/excluding_2z5x_3mjg/tables/posebuster/posebusters_results_11ue_dynamicbind_new.csv
11ue,boltz2,274,274,0,274,0,0,complete,/mnt/tank/scratch/okonovalova/AffiTox/analysis/excluding_2z5x_3mjg/tables/posebuster/posebusters_results_11ue_boltz2.csv
4ase,gnina,862,861,1,861,0,0,complete,/mnt/tank/scratch/okonovalova/AffiTox/analysis/excluding_2z5x_3mjg/tables/posebuster/posebusters_results_4ase_gnina.csv
4ase,qvina,862,861,1,861,0,0,complete,/mnt/tank/scratch/okonovalova/AffiTox/analysis/excluding_2z5x_3mjg/tables/posebuster/posebusters_results_4ase_qvina.csv
4ase,dynamicbind_new,875,875,0,875,0,0,complete,/mnt/tank/scratch/okonovalova/AffiTox/analysis/excluding_2z5x_3mjg/tables/posebuster/posebusters_results_4ase_dynamicbind_new.csv
4ase,boltz2,850,850,0,850,0,0,complete,/mnt/tank/scratch/okonovalova/AffiTox/analysis/excluding_2z5x_3mjg/tables/posebuster/posebusters_results_4ase_boltz2.csv
4f65,gnina,127,127,0,127,0,0,complete,/mnt/tank/scratch/okonovalova/AffiTox/analysis/excluding_2z5x_3mjg/tables/posebuster/posebusters_results_4f65_gnina.csv
4f65,qvina,127,127,0,127,0,0,complete,/mnt/tank/scratch/okonovalova/AffiTox/analysis/excluding_2z5x_3mjg/tables/posebuster/posebusters_results_4f65_qvina.csv
4f65,dynamicbind_new,134,134,0,134,0,0,complete,/mnt/tank/scratch/okonovalova/AffiTox/analysis/excluding_2z5x_3mjg/tables/posebuster/posebusters_results_4f65_dynamicbind_new.csv
4f65,boltz2,133,133,0,133,0,0,complete,/mnt/tank/scratch/okonovalova/AffiTox/analysis/excluding_2z5x_3mjg/tables/posebuster/posebusters_results_4f65_boltz2.csv
4tz4,gnina,126,126,0,126,0,0,complete,/mnt/tank/scratch/okonovalova/AffiTox/analysis/excluding_2z5x_3mjg/tables/posebuster/posebusters_results_4tz4_gnina.csv
4tz4,qvina,126,126,0,126,0,0,complete,/mnt/tank/scratch/okonovalova/AffiTox/analysis/excluding_2z5x_3mjg/tables/posebuster/posebusters_results_4tz4_qvina.csv
4tz4,dynamicbind_new,127,127,0,127,0,0,complete,/mnt/tank/scratch/okonovalova/AffiTox/analysis/excluding_2z5x_3mjg/tables/posebuster/posebusters_results_4tz4_dynamicbind_new.csv
4tz4,boltz2,113,113,0,113,0,0,complete,/mnt/tank/scratch/okonovalova/AffiTox/analysis/excluding_2z5x_3mjg/tables/posebuster/posebusters_results_4tz4_boltz2.csv
4zau,gnina,247,247,0,247,0,0,complete,/mnt/tank/scratch/okonovalova/AffiTox/analysis/excluding_2z5x_3mjg/tables/posebuster/posebusters_results_4zau_gnina.csv
4zau,qvina,247,247,0,247,0,0,complete,/mnt/tank/scratch/okonovalova/AffiTox/analysis/excluding_2z5x_3mjg/tables/posebuster/posebusters_results_4zau_qvina.csv
4zau,dynamicbind_new,251,251,0,251,0,0,complete,/mnt/tank/scratch/okonovalova/AffiTox/analysis/excluding_2z5x_3mjg/tables/posebuster/posebusters_results_4zau_dynamicbind_new.csv
4zau,boltz2,235,235,0,235,0,0,complete,/mnt/tank/scratch/okonovalova/AffiTox/analysis/excluding_2z5x_3mjg/tables/posebuster/posebusters_results_4zau_boltz2.csv
5jkv,gnina,547,546,1,546,0,0,complete,/mnt/tank/scratch/okonovalova/AffiTox/analysis/excluding_2z5x_3mjg/tables/posebuster/posebusters_results_5jkv_gnina.csv
5jkv,qvina,547,546,1,546,0,0,complete,/mnt/tank/scratch/okonovalova/AffiTox/analysis/excluding_2z5x_3mjg/tables/posebuster/posebusters_results_5jkv_qvina.csv
5jkv,dynamicbind_new,547,547,0,547,0,0,complete,/mnt/tank/scratch/okonovalova/AffiTox/analysis/excluding_2z5x_3mjg/tables/posebuster/posebusters_results_5jkv_dynamicbind_new.csv
5jkv,boltz2,486,486,0,486,0,0,complete,/mnt/tank/scratch/okonovalova/AffiTox/analysis/excluding_2z5x_3mjg/tables/posebuster/posebusters_results_5jkv_boltz2.csv
5mo4,gnina,693,690,3,690,0,0,complete,/mnt/tank/scratch/okonovalova/AffiTox/analysis/excluding_2z5x_3mjg/tables/posebuster/posebusters_results_5mo4_gnina.csv
5mo4,qvina,693,690,3,690,0,0,complete,/mnt/tank/scratch/okonovalova/AffiTox/analysis/excluding_2z5x_3mjg/tables/posebuster/posebusters_results_5mo4_qvina.csv
5mo4,dynamicbind_new,693,693,0,693,0,0,complete,/mnt/tank/scratch/okonovalova/AffiTox/analysis/excluding_2z5x_3mjg/tables/posebuster/posebusters_results_5mo4_dynamicbind_new.csv
5mo4,boltz2,679,679,0,679,0,0,complete,/mnt/tank/scratch/okonovalova/AffiTox/analysis/excluding_2z5x_3mjg/tables/posebuster/posebusters_results_5mo4_boltz2.csv
6gqj,gnina,1293,1293,0,1293,0,0,complete,/mnt/tank/scratch/okonovalova/AffiTox/analysis/excluding_2z5x_3mjg/tables/posebuster/posebusters_results_6gqj_gnina.csv
6gqj,qvina,1293,1293,0,1293,0,0,complete,/mnt/tank/scratch/okonovalova/AffiTox/analysis/excluding_2z5x_3mjg/tables/posebuster/posebusters_results_6gqj_qvina.csv
6gqj,dynamicbind_new,1298,1298,0,1298,0,0,complete,/mnt/tank/scratch/okonovalova/AffiTox/analysis/excluding_2z5x_3mjg/tables/posebuster/posebusters_results_6gqj_dynamicbind_new.csv
6gqj,boltz2,1089,1088,1,1088,0,0,complete,/mnt/tank/scratch/okonovalova/AffiTox/analysis/excluding_2z5x_3mjg/tables/posebuster/posebusters_results_6gqj_boltz2.csv
6jok,gnina,242,241,1,241,0,0,complete,/mnt/tank/scratch/okonovalova/AffiTox/analysis/excluding_2z5x_3mjg/tables/posebuster/posebusters_results_6jok_gnina.csv
6jok,qvina,242,241,1,241,0,0,complete,/mnt/tank/scratch/okonovalova/AffiTox/analysis/excluding_2z5x_3mjg/tables/posebuster/posebusters_results_6jok_qvina.csv
6jok,dynamicbind_new,250,250,0,250,0,0,complete,/mnt/tank/scratch/okonovalova/AffiTox/analysis/excluding_2z5x_3mjg/tables/posebuster/posebusters_results_6jok_dynamicbind_new.csv
6jok,boltz2,249,248,1,248,0,0,complete,/mnt/tank/scratch/okonovalova/AffiTox/analysis/excluding_2z5x_3mjg/tables/posebuster/posebusters_results_6jok_boltz2.csv
7awe,gnina,63,44,19,44,0,0,complete,/mnt/tank/scratch/okonovalova/AffiTox/analysis/excluding_2z5x_3mjg/tables/posebuster/posebusters_results_7awe_gnina.csv
7awe,qvina,44,44,0,44,0,0,complete,/mnt/tank/scratch/okonovalova/AffiTox/analysis/excluding_2z5x_3mjg/tables/posebuster/posebusters_results_7awe_qvina.csv
7awe,dynamicbind_new,88,88,0,88,0,0,complete,/mnt/tank/scratch/okonovalova/AffiTox/analysis/excluding_2z5x_3mjg/tables/posebuster/posebusters_results_7awe_dynamicbind_new.csv
7awe,boltz2,83,83,0,83,0,0,complete,/mnt/tank/scratch/okonovalova/AffiTox/analysis/excluding_2z5x_3mjg/tables/posebuster/posebusters_results_7awe_boltz2.csv
7kk3,gnina,954,953,1,953,0,0,complete,/mnt/tank/scratch/okonovalova/AffiTox/analysis/excluding_2z5x_3mjg/tables/posebuster/posebusters_results_7kk3_gnina.csv
7kk3,qvina,953,953,0,953,0,0,complete,/mnt/tank/scratch/okonovalova/AffiTox/analysis/excluding_2z5x_3mjg/tables/posebuster/posebusters_results_7kk3_qvina.csv
7kk3,dynamicbind_new,1073,1073,0,1073,0,0,complete,/mnt/tank/scratch/okonovalova/AffiTox/analysis/excluding_2z5x_3mjg/tables/posebuster/posebusters_results_7kk3_dynamicbind_new.csv
7kk3,boltz2,1047,1047,0,1047,0,0,complete,/mnt/tank/scratch/okonovalova/AffiTox/analysis/excluding_2z5x_3mjg/tables/posebuster/posebusters_results_7kk3_boltz2.csv
