target,method,mapping,n_ligands,n_result_records,n_unique_mapped,n_missing,n_invalid_ids,n_extra_ids,n_duplicate_ids,n_internal_id_mismatches,status,invalid_ids,extra_ids,duplicate_indices,missing_indices
1g5m,qvina,explicit_position,252,287,252,0,0,35,0,0,OK_WITH_EXTRAS,,ligand_253|ligand_254|ligand_255|ligand_256|ligand_257|ligand_258|ligand_259|ligand_260|ligand_261|ligand_262|ligand_263|ligand_264|ligand_265|ligand_266|ligand_267|ligand_268|ligand_269|ligand_270|ligand_271|ligand_272,,
1g5m,gnina,explicit_position,252,287,252,0,0,35,0,0,OK_WITH_EXTRAS,,ligand_253|ligand_254|ligand_255|ligand_256|ligand_257|ligand_258|ligand_259|ligand_260|ligand_261|ligand_262|ligand_263|ligand_264|ligand_265|ligand_266|ligand_267|ligand_268|ligand_269|ligand_270|ligand_271|ligand_272,,
1g5m,plapt,explicit_position,252,252,252,0,0,0,0,0,OK,,,,
1g5m,dynamicbind,explicit_position,252,252,252,0,0,0,0,0,OK,,,,
1g5m,boltz2,molecule_chembl_id,252,490,244,0,0,112,134,0,OK_WITH_EXTRAS,,CHEMBL1374578|CHEMBL1683276|CHEMBL1683280|CHEMBL1683285|CHEMBL202314|CHEMBL202509|CHEMBL204915|CHEMBL216089|CHEMBL219234|CHEMBL219366|CHEMBL2314523|CHEMBL2333140|CHEMBL2333153|CHEMBL2333154|CHEMBL2374449|CHEMBL281240|CHEMBL28137|CHEMBL282624|CHEMBL284686|CHEMBL28478,,
2v5z,qvina,explicit_position,246,247,246,0,1,0,0,0,OK_WITH_EXTRAS,ligand_235.retry,,,
2v5z,gnina,explicit_position,246,246,246,0,0,0,0,0,OK,,,,
2v5z,plapt,explicit_position,246,246,246,0,0,0,0,0,OK,,,,
2v5z,dynamicbind,explicit_position,246,245,245,1,0,0,0,0,OK_WITH_MISSING,,,,168
2v5z,boltz2,molecule_chembl_id,246,208,208,5,0,0,0,0,OK_WITH_MISSING,,,,CHEMBL3415810|CHEMBL3989843|CHEMBL4210083|CHEMBL5196906|CHEMBL5992025
3eyg,qvina,explicit_position,2255,2255,2255,0,0,0,0,0,OK,,,,
3eyg,gnina,explicit_position,2255,2255,2255,0,0,0,0,0,OK,,,,
3eyg,plapt,explicit_position,2255,2255,2255,0,0,0,0,0,OK,,,,
3eyg,dynamicbind,explicit_position,2255,2254,2254,1,0,0,0,0,OK_WITH_MISSING,,,,1359
3eyg,boltz2,molecule_chembl_id,2255,2232,2232,2,0,0,0,0,OK_WITH_MISSING,,,,CHEMBL2103743|CHEMBL2420854
3jy9,qvina,explicit_position,2027,2027,2027,0,0,0,0,0,OK,,,,
3jy9,gnina,explicit_position,2027,2027,2027,0,0,0,0,0,OK,,,,
3jy9,plapt,explicit_position,2027,2027,2027,0,0,0,0,0,OK,,,,
3jy9,dynamicbind,explicit_position,2027,2026,2026,1,0,0,0,0,OK_WITH_MISSING,,,,1122
3jy9,boltz2,molecule_chembl_id,2027,2009,2009,5,0,0,0,0,OK_WITH_MISSING,,,,CHEMBL1204012|CHEMBL1682344|CHEMBL2103743|CHEMBL2420856|CHEMBL3946998
3lxk,qvina,explicit_position,786,786,786,0,0,0,0,0,OK,,,,
3lxk,gnina,explicit_position,786,786,786,0,0,0,0,0,OK,,,,
3lxk,plapt,explicit_position,786,786,786,0,0,0,0,0,OK,,,,
3lxk,dynamicbind,explicit_position,786,785,785,1,0,0,0,0,OK_WITH_MISSING,,,,524
3lxk,boltz2,molecule_chembl_id,786,755,755,3,0,0,0,0,OK_WITH_MISSING,,,,CHEMBL1204012|CHEMBL2103743|CHEMBL3932905
11ue,qvina,explicit_position,275,275,275,0,0,0,0,0,OK,,,,
11ue,gnina,explicit_position,275,275,275,0,0,0,0,0,OK,,,,
11ue,plapt,explicit_position,275,275,275,0,0,0,0,0,OK,,,,
11ue,dynamicbind,explicit_position,275,275,275,0,0,0,0,0,OK,,,,
11ue,boltz2,molecule_chembl_id,275,274,274,1,0,0,0,0,OK_WITH_MISSING,,,,CHEMBL5416410
4ase,qvina,explicit_position,875,875,875,0,0,0,0,0,OK,,,,
4ase,gnina,explicit_position,875,875,875,0,0,0,0,0,OK,,,,
4ase,plapt,explicit_position,875,875,875,0,0,0,0,0,OK,,,,
4ase,dynamicbind,explicit_position,875,875,875,0,0,0,0,0,OK,,,,
4ase,boltz2,molecule_chembl_id,875,914,850,1,0,0,64,0,OK_WITH_MISSING,,,,CHEMBL5416410
4f65,qvina,explicit_position,134,134,134,0,0,0,0,0,OK,,,,
4f65,gnina,explicit_position,134,134,134,0,0,0,0,0,OK,,,,
4f65,plapt,explicit_position,134,134,134,0,0,0,0,0,OK,,,,
4f65,dynamicbind,explicit_position,134,134,134,0,0,0,0,0,OK,,,,
4f65,boltz2,molecule_chembl_id,134,133,133,0,0,0,0,0,OK,,,,
4tz4,qvina,explicit_position,127,127,127,0,0,0,0,0,OK,,,,
4tz4,gnina,explicit_position,127,127,127,0,0,0,0,0,OK,,,,
4tz4,plapt,explicit_position,127,127,127,0,0,0,0,0,OK,,,,
4tz4,dynamicbind,explicit_position,127,127,127,0,0,0,0,0,OK,,,,
4tz4,boltz2,molecule_chembl_id,127,226,113,0,0,0,113,0,OK,,,,
4zau,qvina,explicit_position,251,247,247,4,0,0,0,0,OK_WITH_MISSING,,,,44|45|193|194
4zau,gnina,explicit_position,251,247,247,4,0,0,0,0,OK_WITH_MISSING,,,,44|45|193|194
4zau,plapt,explicit_position,251,251,251,0,0,0,0,0,OK,,,,
4zau,dynamicbind,explicit_position,251,251,251,0,0,0,0,0,OK,,,,
4zau,boltz2,molecule_chembl_id,251,219,219,16,0,0,0,0,OK_WITH_MISSING,,,,CHEMBL103667|CHEMBL1964692|CHEMBL1965507|CHEMBL1980297|CHEMBL1982476|CHEMBL1988387|CHEMBL1990496|CHEMBL1990583|CHEMBL1997623|CHEMBL2000832|CHEMBL2005631|CHEMBL2006778|CHEMBL244378|CHEMBL248045|CHEMBL3354189|CHEMBL4099089
5jkv,qvina,explicit_position,548,547,547,1,0,0,0,0,OK_WITH_MISSING,,,,32
5jkv,gnina,explicit_position,548,547,547,1,0,0,0,0,OK_WITH_MISSING,,,,32
5jkv,plapt,explicit_position,548,548,548,0,0,0,0,0,OK,,,,
5jkv,dynamicbind,explicit_position,548,547,547,1,0,0,0,0,OK_WITH_MISSING,,,,32
5jkv,boltz2,molecule_chembl_id,548,524,486,2,0,0,38,0,OK_WITH_MISSING,,,,CHEMBL3753736|CHEMBL468419
5mo4,qvina,explicit_position,693,693,693,0,0,0,0,0,OK,,,,
5mo4,gnina,explicit_position,693,693,693,0,0,0,0,0,OK,,,,
5mo4,plapt,explicit_position,693,693,693,0,0,0,0,0,OK,,,,
5mo4,dynamicbind,explicit_position,693,693,693,0,0,0,0,0,OK,,,,
5mo4,boltz2,molecule_chembl_id,693,1223,679,3,0,0,544,0,OK_WITH_MISSING,,,,CHEMBL3393986|CHEMBL3394082|CHEMBL5416410
6gqj,qvina,explicit_position,1298,1298,1298,0,0,0,0,0,OK,,,,
6gqj,gnina,explicit_position,1298,1298,1298,0,0,0,0,0,OK,,,,
6gqj,plapt,explicit_position,1298,1298,1298,0,0,0,0,0,OK,,,,
6gqj,dynamicbind,explicit_position,1298,1298,1298,0,0,0,0,0,OK,,,,
6gqj,boltz2,molecule_chembl_id,1298,1131,1089,0,0,0,42,0,OK,,,,
6jok,qvina,explicit_position,250,250,250,0,0,0,0,0,OK,,,,
6jok,gnina,explicit_position,250,250,250,0,0,0,0,0,OK,,,,
6jok,plapt,explicit_position,250,250,250,0,0,0,0,0,OK,,,,
6jok,dynamicbind,explicit_position,250,250,250,0,0,0,0,0,OK,,,,
6jok,boltz2,molecule_chembl_id,250,300,249,1,0,0,51,0,OK_WITH_MISSING,,,,CHEMBL5416410
7awe,qvina,explicit_position,88,88,88,0,0,0,0,0,OK,,,,
7awe,gnina,explicit_position,88,88,88,0,0,0,0,0,OK,,,,
7awe,plapt,explicit_position,88,88,88,0,0,0,0,0,OK,,,,
7awe,dynamicbind,explicit_position,88,88,88,0,0,0,0,0,OK,,,,
7awe,boltz2,molecule_chembl_id,88,83,83,0,0,0,0,0,OK,,,,
7kk3,qvina,explicit_position,1075,1075,1075,0,0,0,0,0,OK,,,,
7kk3,gnina,explicit_position,1075,1075,1075,0,0,0,0,0,OK,,,,
7kk3,plapt,explicit_position,1075,1075,1075,0,0,0,0,0,OK,,,,
7kk3,dynamicbind,explicit_position,1075,1073,1073,2,0,0,0,0,OK_WITH_MISSING,,,,124|312
7kk3,boltz2,molecule_chembl_id,1075,1090,1047,2,0,0,43,0,OK_WITH_MISSING,,,,CHEMBL2105733|CHEMBL3833368
