action_type;activity_comment;activity_id;activity_properties;assay_chembl_id;assay_description;assay_type;assay_variant_accession;assay_variant_mutation;bao_endpoint;bao_format;bao_label;canonical_smiles;data_validity_comment;data_validity_description;document_chembl_id;document_journal;document_year;ligand_efficiency;molecule_chembl_id;molecule_pref_name;parent_molecule_chembl_id;pchembl_value;potential_duplicate;qudt_units;record_id;relation;src_id;standard_flag;standard_relation;standard_text_value;standard_type;standard_units;standard_upper_value;standard_value;target_chembl_id;target_organism;target_pref_name;target_tax_id;text_value;toid;type;units;uo_units;upper_value;value;is_mutant
;;16469721;[];CHEMBL3768102;Inhibition of MANT-uracil binding to human CRBN (delta 1 to 315) by Cheng-Prusoff equation analysis;B;;;BAO_0000192;BAO_0000357;single protein format;O=C1CCC(=O)N1;;;CHEMBL3763149;J Med Chem;2016;{'bei': '46.24', 'le': '0.89', 'lle': '5.16', 'sei': '9.92'};CHEMBL275661;SUCCINIMIDE;CHEMBL275661;4.58;0;http://www.openphacts.org/units/Nanomolar;2757848;=;1;1;=;;Ki;nM;;26200.0;CHEMBL3763008;Homo sapiens;Protein cereblon;9606;;;Ki;uM;UO_0000065;;26.2;False
;;16469729;[];CHEMBL3768102;Inhibition of MANT-uracil binding to human CRBN (delta 1 to 315) by Cheng-Prusoff equation analysis;B;;;BAO_0000192;BAO_0000357;single protein format;O=C1CCC(N2C(=O)c3ccccc3C2=O)C(=O)N1;;;CHEMBL3763149;J Med Chem;2016;{'bei': '17.98', 'le': '0.33', 'lle': '4.55', 'sei': '5.56'};CHEMBL468;THALIDOMIDE;CHEMBL468;4.64;0;http://www.openphacts.org/units/Nanomolar;2757847;=;1;1;=;;Ki;nM;;22700.0;CHEMBL3763008;Homo sapiens;Protein cereblon;9606;;;Ki;uM;UO_0000065;;22.7;False
;;20663269;[];CHEMBL4618786;Binding affinity to CBRN (unknown origin) incubated for 60 mins by lenalidomide displacement assay;B;;;BAO_0000192;BAO_0000357;single protein format;Nc1cccc2c1CN(C1CCC(=O)NC1=O)C2=O;;;CHEMBL4616687;ACS Med Chem Lett;2020;{'bei': '22.47', 'le': '0.42', 'lle': '5.80', 'sei': '6.30'};CHEMBL848;LENALIDOMIDE;CHEMBL848;5.83;0;http://www.openphacts.org/units/Nanomolar;3479136;=;1;1;=;;Ki;nM;;1490.0;CHEMBL3763008;Homo sapiens;Protein cereblon;9606;;;Ki;uM;UO_0000065;;1.49;False
;;20663270;[];CHEMBL4618786;Binding affinity to CBRN (unknown origin) incubated for 60 mins by lenalidomide displacement assay;B;;;BAO_0000192;BAO_0000357;single protein format;O=C1CCC(N2Cc3c(NC(=O)CNc4ccnc(N5CCC[C@@H]5CO)n4)cccc3C2=O)C(=O)N1;;;CHEMBL4616687;ACS Med Chem Lett;2020;{'bei': '12.88', 'le': '0.24', 'lle': '6.11', 'sei': '4.05'};CHEMBL4635421;;CHEMBL4635421;6.36;0;http://www.openphacts.org/units/Nanomolar;3479137;=;1;1;=;;Ki;nM;;440.0;CHEMBL3763008;Homo sapiens;Protein cereblon;9606;;;Ki;uM;UO_0000065;;0.44;False
;;20663271;[];CHEMBL4618786;Binding affinity to CBRN (unknown origin) incubated for 60 mins by lenalidomide displacement assay;B;;;BAO_0000192;BAO_0000357;single protein format;O=C1CCC(N2Cc3c(NC(=O)CNc4ccnc(N5CCN(c6cccc(C(F)(F)F)c6)CC5)n4)cccc3C2=O)C(=O)N1;;;CHEMBL4616687;ACS Med Chem Lett;2020;{'bei': '11.06', 'le': '0.21', 'lle': '4.26', 'sei': '4.92'};CHEMBL4648907;;CHEMBL4648907;6.89;0;http://www.openphacts.org/units/Nanomolar;3479138;=;1;1;=;;Ki;nM;;130.0;CHEMBL3763008;Homo sapiens;Protein cereblon;9606;;;Ki;uM;UO_0000065;;0.13;False
;;20663272;[];CHEMBL4618786;Binding affinity to CBRN (unknown origin) incubated for 60 mins by lenalidomide displacement assay;B;;;BAO_0000192;BAO_0000357;single protein format;CN(c1ccccc1)c1nccc(NCC(=O)Nc2cccc3c2CN(C2CCC(=O)NC2=O)C3=O)n1;;;CHEMBL4616687;ACS Med Chem Lett;2020;{'bei': '12.04', 'le': '0.22', 'lle': '3.95', 'sei': '4.40'};CHEMBL4645406;;CHEMBL4645406;6.01;0;http://www.openphacts.org/units/Nanomolar;3479139;=;1;1;=;;Ki;nM;;970.0;CHEMBL3763008;Homo sapiens;Protein cereblon;9606;;;Ki;uM;UO_0000065;;0.97;False
;;20663273;[];CHEMBL4618786;Binding affinity to CBRN (unknown origin) incubated for 60 mins by lenalidomide displacement assay;B;;;BAO_0000192;BAO_0000357;single protein format;Nc1ccc(C(=O)NC2CCC(=O)NC2=O)c2ncccc12;;;CHEMBL4616687;ACS Med Chem Lett;2020;{'bei': '20.44', 'le': '0.38', 'lle': '5.75', 'sei': '5.34'};CHEMBL4648134;;CHEMBL4648134;6.10;0;http://www.openphacts.org/units/Nanomolar;3479140;=;1;1;=;;Ki;nM;;800.0;CHEMBL3763008;Homo sapiens;Protein cereblon;9606;;;Ki;uM;UO_0000065;;0.8;False
;;20663274;[];CHEMBL4618786;Binding affinity to CBRN (unknown origin) incubated for 60 mins by lenalidomide displacement assay;B;;;BAO_0000192;BAO_0000357;single protein format;Nc1ccnc2c(C(=O)NC3CCC(=O)NC3=O)cccc12;;;CHEMBL4616687;ACS Med Chem Lett;2020;{'bei': '18.97', 'le': '0.35', 'lle': '5.31', 'sei': '4.95'};CHEMBL4639892;;CHEMBL4639892;5.66;0;http://www.openphacts.org/units/Nanomolar;3479141;=;1;1;=;;Ki;nM;;2200.0;CHEMBL3763008;Homo sapiens;Protein cereblon;9606;;;Ki;uM;UO_0000065;;2.2;False
{'action_type': 'BINDING AGENT', 'description': 'Binds to a substance such as a cell surface antigen, targeting a drug to that location, but not necessarily affecting the functioning of the substance itself', 'parent_type': 'OTHER'};;22446499;[];CHEMBL4679655;Binding affinity to human CRBN-thalidomide binding domain expressed in Escherichia coli by measuring baseline corrected normalized fluorescence in presence of 0.5% DMSO by MST based assay;B;;;BAO_0000192;BAO_0000019;assay format;O=C1CCC(N2C(=O)c3ccccc3C2=O)C(=O)N1;;;CHEMBL4673389;ACS Med Chem Lett;2021;{'bei': '19.63', 'le': '0.36', 'lle': '4.98', 'sei': '6.07'};CHEMBL468;THALIDOMIDE;CHEMBL468;5.07;0;http://www.openphacts.org/units/Nanomolar;3517997;=;1;1;=;;Ki;nM;;8510.0;CHEMBL3763008;Homo sapiens;Protein cereblon;9606;;;Ki;uM;UO_0000065;;8.51;False
{'action_type': 'BINDING AGENT', 'description': 'Binds to a substance such as a cell surface antigen, targeting a drug to that location, but not necessarily affecting the functioning of the substance itself', 'parent_type': 'OTHER'};;22446501;[];CHEMBL4679656;Binding affinity to human CRBN-thalidomide binding domain expressed in Escherichia coli by measuring baseline corrected normalized fluorescence by MST based assay;B;;;BAO_0000192;BAO_0000019;assay format;COc1c(-c2ccc3cc(NS(C)(=O)=O)ccc3c2)cc(-n2ccc(=O)[nH]c2=O)cc1C(C)(C)C;;;CHEMBL4673389;ACS Med Chem Lett;2021;{'bei': '10.79', 'le': '0.21', 'lle': '1.31', 'sei': '4.83'};CHEMBL3137312;DASABUVIR;CHEMBL3137312;5.33;0;http://www.openphacts.org/units/Nanomolar;3518007;=;1;1;=;;Ki;nM;;4710.0;CHEMBL3763008;Homo sapiens;Protein cereblon;9606;;;Ki;uM;UO_0000065;;4.71;False
{'action_type': 'BINDING AGENT', 'description': 'Binds to a substance such as a cell surface antigen, targeting a drug to that location, but not necessarily affecting the functioning of the substance itself', 'parent_type': 'OTHER'};;22446511;[];CHEMBL4679656;Binding affinity to human CRBN-thalidomide binding domain expressed in Escherichia coli by measuring baseline corrected normalized fluorescence by MST based assay;B;;;BAO_0000192;BAO_0000019;assay format;CN1CC(=O)NC1=O;;;CHEMBL4673389;ACS Med Chem Lett;2021;{'bei': '36.54', 'le': '0.71', 'lle': '5.00', 'sei': '8.44'};CHEMBL4758352;;CHEMBL4758352;4.17;0;http://www.openphacts.org/units/Nanomolar;3518012;=;1;1;=;;Ki;nM;;67800.0;CHEMBL3763008;Homo sapiens;Protein cereblon;9606;;;Ki;uM;UO_0000065;;67.8;False
{'action_type': 'BINDING AGENT', 'description': 'Binds to a substance such as a cell surface antigen, targeting a drug to that location, but not necessarily affecting the functioning of the substance itself', 'parent_type': 'OTHER'};;22446523;[];CHEMBL4679656;Binding affinity to human CRBN-thalidomide binding domain expressed in Escherichia coli by measuring baseline corrected normalized fluorescence by MST based assay;B;;;BAO_0000192;BAO_0000019;assay format;O=C1CCC(=O)N1;;;CHEMBL4673389;ACS Med Chem Lett;2021;{'bei': '51.33', 'le': '0.99', 'lle': '5.67', 'sei': '11.02'};CHEMBL275661;SUCCINIMIDE;CHEMBL275661;5.09;0;http://www.openphacts.org/units/Nanomolar;3517996;=;1;1;=;;Ki;nM;;8190.0;CHEMBL3763008;Homo sapiens;Protein cereblon;9606;;;Ki;uM;UO_0000065;;8.19;False
{'action_type': 'BINDING AGENT', 'description': 'Binds to a substance such as a cell surface antigen, targeting a drug to that location, but not necessarily affecting the functioning of the substance itself', 'parent_type': 'OTHER'};;22446525;[];CHEMBL4679656;Binding affinity to human CRBN-thalidomide binding domain expressed in Escherichia coli by measuring baseline corrected normalized fluorescence by MST based assay;B;;;BAO_0000192;BAO_0000019;assay format;Nc1cccc2c1C(=O)N(C1CCC(=O)NC1=O)C2=O;;;CHEMBL4673389;ACS Med Chem Lett;2021;{'bei': '18.30', 'le': '0.34', 'lle': '5.33', 'sei': '4.56'};CHEMBL43452;POMALIDOMIDE;CHEMBL43452;5.00;0;http://www.openphacts.org/units/Nanomolar;3517998;=;1;1;=;;Ki;nM;;10000.0;CHEMBL3763008;Homo sapiens;Protein cereblon;9606;;;Ki;uM;UO_0000065;;10.0;False
{'action_type': 'BINDING AGENT', 'description': 'Binds to a substance such as a cell surface antigen, targeting a drug to that location, but not necessarily affecting the functioning of the substance itself', 'parent_type': 'OTHER'};;22446527;[];CHEMBL4679656;Binding affinity to human CRBN-thalidomide binding domain expressed in Escherichia coli by measuring baseline corrected normalized fluorescence by MST based assay;B;;;BAO_0000192;BAO_0000019;assay format;Nc1cccc2c1CN(C1CCC(=O)NC1=O)C2=O;;;CHEMBL4673389;ACS Med Chem Lett;2021;{'bei': '18.47', 'le': '0.34', 'lle': '4.76', 'sei': '5.18'};CHEMBL848;LENALIDOMIDE;CHEMBL848;4.79;0;http://www.openphacts.org/units/Nanomolar;3517999;=;1;1;=;;Ki;nM;;16300.0;CHEMBL3763008;Homo sapiens;Protein cereblon;9606;;;Ki;uM;UO_0000065;;16.3;False
{'action_type': 'BINDING AGENT', 'description': 'Binds to a substance such as a cell surface antigen, targeting a drug to that location, but not necessarily affecting the functioning of the substance itself', 'parent_type': 'OTHER'};;22446529;[];CHEMBL4679656;Binding affinity to human CRBN-thalidomide binding domain expressed in Escherichia coli by measuring baseline corrected normalized fluorescence by MST based assay;B;;;BAO_0000192;BAO_0000019;assay format;Cc1nc2cccc(N)c2c(=O)n1C1CCC(=O)NC1=O;;;CHEMBL4673389;ACS Med Chem Lett;2021;{'bei': '16.69', 'le': '0.31', 'lle': '4.52', 'sei': '4.46'};CHEMBL3989934;AVADOMIDE;CHEMBL3989934;4.78;0;http://www.openphacts.org/units/Nanomolar;3518000;=;1;1;=;;Ki;nM;;16700.0;CHEMBL3763008;Homo sapiens;Protein cereblon;9606;;;Ki;uM;UO_0000065;;16.7;False
{'action_type': 'BINDING AGENT', 'description': 'Binds to a substance such as a cell surface antigen, targeting a drug to that location, but not necessarily affecting the functioning of the substance itself', 'parent_type': 'OTHER'};;22446531;[];CHEMBL4679656;Binding affinity to human CRBN-thalidomide binding domain expressed in Escherichia coli by measuring baseline corrected normalized fluorescence by MST based assay;B;;;BAO_0000192;BAO_0000019;assay format;O=C1CC[C@H](N2Cc3c(OCc4ccc(CN5CCOCC5)cc4)cccc3C2=O)C(=O)N1;;;CHEMBL4673389;ACS Med Chem Lett;2021;{'bei': '11.80', 'le': '0.22', 'lle': '3.45', 'sei': '6.02'};CHEMBL3989927;IBERDOMIDE;CHEMBL3989927;5.31;0;http://www.openphacts.org/units/Nanomolar;3518001;=;1;1;=;;Ki;nM;;4940.0;CHEMBL3763008;Homo sapiens;Protein cereblon;9606;;;Ki;uM;UO_0000065;;4.94;False
{'action_type': 'BINDING AGENT', 'description': 'Binds to a substance such as a cell surface antigen, targeting a drug to that location, but not necessarily affecting the functioning of the substance itself', 'parent_type': 'OTHER'};;22446537;[];CHEMBL4679656;Binding affinity to human CRBN-thalidomide binding domain expressed in Escherichia coli by measuring baseline corrected normalized fluorescence by MST based assay;B;;;BAO_0000192;BAO_0000019;assay format;Cn1ccc(=O)[nH]c1=O;;;CHEMBL4673389;ACS Med Chem Lett;2021;{'bei': '35.77', 'le': '0.68', 'lle': '5.44', 'sei': '8.22'};CHEMBL4797970;;CHEMBL4797970;4.51;0;http://www.openphacts.org/units/Nanomolar;3518004;=;1;1;=;;Ki;nM;;30800.0;CHEMBL3763008;Homo sapiens;Protein cereblon;9606;;;Ki;uM;UO_0000065;;30.8;False
{'action_type': 'BINDING AGENT', 'description': 'Binds to a substance such as a cell surface antigen, targeting a drug to that location, but not necessarily affecting the functioning of the substance itself', 'parent_type': 'OTHER'};;22446539;[];CHEMBL4679656;Binding affinity to human CRBN-thalidomide binding domain expressed in Escherichia coli by measuring baseline corrected normalized fluorescence by MST based assay;B;;;BAO_0000192;BAO_0000019;assay format;Nn1ccc(=O)[nH]c1=O;;;CHEMBL4673389;ACS Med Chem Lett;2021;{'bei': '34.54', 'le': '0.67', 'lle': '6.14', 'sei': '5.43'};CHEMBL4759876;;CHEMBL4759876;4.39;0;http://www.openphacts.org/units/Nanomolar;3518005;=;1;1;=;;Ki;nM;;40700.0;CHEMBL3763008;Homo sapiens;Protein cereblon;9606;;;Ki;uM;UO_0000065;;40.7;False
{'action_type': 'INHIBITOR', 'description': 'Negatively effects (inhibits) the normal functioning of the protein e.g., prevention of enzymatic reaction or activation of downstream pathway', 'parent_type': 'NEGATIVE MODULATOR'};;25528456;[];CHEMBL5340015;Binding affinity to CRBN (unknown origin) assessed as inhibition constant by FRET assay;B;;;BAO_0000192;BAO_0000357;single protein format;O=C1CCCC(=O)N1;;;CHEMBL5338729;J Med Chem;2023;{'bei': '40.25', 'le': '0.78', 'lle': '4.74', 'sei': '9.86'};CHEMBL3763941;;CHEMBL3763941;4.55;0;http://www.openphacts.org/units/Nanomolar;3972867;=;1;1;=;;Ki;nM;;28000.0;CHEMBL3763008;Homo sapiens;Protein cereblon;9606;;;Ki;uM;UO_0000065;;28.0;False
{'action_type': 'INHIBITOR', 'description': 'Negatively effects (inhibits) the normal functioning of the protein e.g., prevention of enzymatic reaction or activation of downstream pathway', 'parent_type': 'NEGATIVE MODULATOR'};;25528457;[];CHEMBL5340015;Binding affinity to CRBN (unknown origin) assessed as inhibition constant by FRET assay;B;;;BAO_0000192;BAO_0000357;single protein format;O=C1CCCCN1;;;CHEMBL5338729;J Med Chem;2023;{'bei': '38.69', 'le': '0.75', 'lle': '3.55', 'sei': '13.18'};CHEMBL12193;;CHEMBL12193;3.84;0;http://www.openphacts.org/units/Nanomolar;3972868;=;1;1;=;;Ki;nM;;146000.0;CHEMBL3763008;Homo sapiens;Protein cereblon;9606;;;Ki;uM;UO_0000065;;146.0;False
{'action_type': 'INHIBITOR', 'description': 'Negatively effects (inhibits) the normal functioning of the protein e.g., prevention of enzymatic reaction or activation of downstream pathway', 'parent_type': 'NEGATIVE MODULATOR'};;25528458;[];CHEMBL5340015;Binding affinity to CRBN (unknown origin) assessed as inhibition constant by FRET assay;B;;;BAO_0000192;BAO_0000357;single protein format;O=C1CCNC(=O)N1;;;CHEMBL5338729;J Med Chem;2023;{'bei': '35.54', 'le': '0.69', 'lle': '4.84', 'sei': '6.97'};CHEMBL1232394;;CHEMBL1232394;4.06;0;http://www.openphacts.org/units/Nanomolar;3972869;=;1;1;=;;Ki;nM;;88000.0;CHEMBL3763008;Homo sapiens;Protein cereblon;9606;;;Ki;uM;UO_0000065;;88.0;False
{'action_type': 'INHIBITOR', 'description': 'Negatively effects (inhibits) the normal functioning of the protein e.g., prevention of enzymatic reaction or activation of downstream pathway', 'parent_type': 'NEGATIVE MODULATOR'};;25528459;[];CHEMBL5340015;Binding affinity to CRBN (unknown origin) assessed as inhibition constant by FRET assay;B;;;BAO_0000192;BAO_0000357;single protein format;O=C1CCN1;;;CHEMBL5338729;J Med Chem;2023;{'bei': '57.87', 'le': '1.12', 'lle': '4.60', 'sei': '14.14'};CHEMBL344042;;CHEMBL344042;4.11;0;http://www.openphacts.org/units/Nanomolar;3972870;=;1;1;=;;Ki;nM;;77000.0;CHEMBL3763008;Homo sapiens;Protein cereblon;9606;;;Ki;uM;UO_0000065;;77.0;False
{'action_type': 'INHIBITOR', 'description': 'Negatively effects (inhibits) the normal functioning of the protein e.g., prevention of enzymatic reaction or activation of downstream pathway', 'parent_type': 'NEGATIVE MODULATOR'};;25528460;[];CHEMBL5340015;Binding affinity to CRBN (unknown origin) assessed as inhibition constant by FRET assay;B;;;BAO_0000192;BAO_0000357;single protein format;O=C1CCC(=O)N1;;;CHEMBL5338729;J Med Chem;2023;{'bei': '54.16', 'le': '1.05', 'lle': '5.95', 'sei': '11.62'};CHEMBL275661;SUCCINIMIDE;CHEMBL275661;5.37;0;http://www.openphacts.org/units/Nanomolar;3972871;=;1;1;=;;Ki;nM;;4300.0;CHEMBL3763008;Homo sapiens;Protein cereblon;9606;;;Ki;uM;UO_0000065;;4.3;False
{'action_type': 'INHIBITOR', 'description': 'Negatively effects (inhibits) the normal functioning of the protein e.g., prevention of enzymatic reaction or activation of downstream pathway', 'parent_type': 'NEGATIVE MODULATOR'};;25528461;[];CHEMBL5340015;Binding affinity to CRBN (unknown origin) assessed as inhibition constant by FRET assay;B;;;BAO_0000192;BAO_0000357;single protein format;O=C1CNC(=O)N1;;;CHEMBL5338729;J Med Chem;2023;{'bei': '43.63', 'le': '0.85', 'lle': '5.54', 'sei': '7.50'};CHEMBL122334;HYDANTOIN;CHEMBL122334;4.37;0;http://www.openphacts.org/units/Nanomolar;3972872;=;1;1;=;;Ki;nM;;43000.0;CHEMBL3763008;Homo sapiens;Protein cereblon;9606;;;Ki;uM;UO_0000065;;43.0;False
{'action_type': 'INHIBITOR', 'description': 'Negatively effects (inhibits) the normal functioning of the protein e.g., prevention of enzymatic reaction or activation of downstream pathway', 'parent_type': 'NEGATIVE MODULATOR'};;25528462;[];CHEMBL5340015;Binding affinity to CRBN (unknown origin) assessed as inhibition constant by FRET assay;B;;;BAO_0000192;BAO_0000357;single protein format;O=c1cc[nH]c(=O)[nH]1;;;CHEMBL5338729;J Med Chem;2023;{'bei': '39.75', 'le': '0.76', 'lle': '5.40', 'sei': '6.78'};CHEMBL566;URACIL;CHEMBL566;4.46;0;http://www.openphacts.org/units/Nanomolar;3972873;=;1;1;=;;Ki;nM;;35000.0;CHEMBL3763008;Homo sapiens;Protein cereblon;9606;;;Ki;uM;UO_0000065;;35.0;False
{'action_type': 'INHIBITOR', 'description': 'Negatively effects (inhibits) the normal functioning of the protein e.g., prevention of enzymatic reaction or activation of downstream pathway', 'parent_type': 'NEGATIVE MODULATOR'};;25528463;[];CHEMBL5340015;Binding affinity to CRBN (unknown origin) assessed as inhibition constant by FRET assay;B;;;BAO_0000192;BAO_0000357;single protein format;CC(=O)NC(N)=O;;;CHEMBL5338729;J Med Chem;2023;{'bei': '32.15', 'le': '0.64', 'lle': '4.08', 'sei': '4.55'};CHEMBL5399028;;CHEMBL5399028;3.28;0;http://www.openphacts.org/units/Nanomolar;3972874;=;1;1;=;;Ki;nM;;522000.0;CHEMBL3763008;Homo sapiens;Protein cereblon;9606;;;Ki;uM;UO_0000065;;522.0;False
{'action_type': 'INHIBITOR', 'description': 'Negatively effects (inhibits) the normal functioning of the protein e.g., prevention of enzymatic reaction or activation of downstream pathway', 'parent_type': 'NEGATIVE MODULATOR'};;25528464;[];CHEMBL5340015;Binding affinity to CRBN (unknown origin) assessed as inhibition constant by FRET assay;B;;;BAO_0000192;BAO_0000357;single protein format;O=C1CCC(N2C(=O)c3ccccc3C2=O)C(=O)N1;;;CHEMBL5338729;J Med Chem;2023;{'bei': '20.74', 'le': '0.39', 'lle': '5.27', 'sei': '6.41'};CHEMBL468;THALIDOMIDE;CHEMBL468;5.36;0;http://www.openphacts.org/units/Nanomolar;3972881;=;1;1;=;;Ki;nM;;4400.0;CHEMBL3763008;Homo sapiens;Protein cereblon;9606;;;Ki;uM;UO_0000065;;4.4;False
{'action_type': 'BINDING AGENT', 'description': 'Binds to a substance such as a cell surface antigen, targeting a drug to that location, but not necessarily affecting the functioning of the substance itself', 'parent_type': 'OTHER'};;25589433;[];CHEMBL5355404;Binding affinity to human CRBN thalidomide binding domain assessed as inhibition constant by microscale thermophoresis analysis;B;;;BAO_0000192;BAO_0000357;single protein format;O=C1CCC(CSc2ccccc2)C(=O)N1;;;CHEMBL5352463;Eur J Med Chem;2023;{'bei': '21.88', 'le': '0.44', 'lle': '3.32', 'sei': '11.15'};CHEMBL5428083;;CHEMBL5428083;5.15;0;http://www.openphacts.org/units/Nanomolar;3984107;=;1;1;=;;Ki;nM;;7100.0;CHEMBL3763008;Homo sapiens;Protein cereblon;9606;;;Ki;uM;UO_0000065;;7.1;False
{'action_type': 'BINDING AGENT', 'description': 'Binds to a substance such as a cell surface antigen, targeting a drug to that location, but not necessarily affecting the functioning of the substance itself', 'parent_type': 'OTHER'};;25589434;[];CHEMBL5355404;Binding affinity to human CRBN thalidomide binding domain assessed as inhibition constant by microscale thermophoresis analysis;B;;;BAO_0000192;BAO_0000357;single protein format;O=C1CCC(CSc2ccc(Cl)cc2)C(=O)N1;;;CHEMBL5352463;Eur J Med Chem;2023;{'bei': '19.62', 'le': '0.43', 'lle': '2.81', 'sei': '11.46'};CHEMBL5418739;;CHEMBL5418739;5.29;0;http://www.openphacts.org/units/Nanomolar;3984108;=;1;1;=;;Ki;nM;;5100.0;CHEMBL3763008;Homo sapiens;Protein cereblon;9606;;;Ki;uM;UO_0000065;;5.1;False
{'action_type': 'BINDING AGENT', 'description': 'Binds to a substance such as a cell surface antigen, targeting a drug to that location, but not necessarily affecting the functioning of the substance itself', 'parent_type': 'OTHER'};;25589435;[];CHEMBL5355404;Binding affinity to human CRBN thalidomide binding domain assessed as inhibition constant by microscale thermophoresis analysis;B;;;BAO_0000192;BAO_0000357;single protein format;Cc1ccc(SCC2CCC(=O)NC2=O)cc1;;;CHEMBL5352463;Eur J Med Chem;2023;{'bei': '21.26', 'le': '0.43', 'lle': '3.16', 'sei': '11.48'};CHEMBL5406302;;CHEMBL5406302;5.30;0;http://www.openphacts.org/units/Nanomolar;3984109;=;1;1;=;;Ki;nM;;5000.0;CHEMBL3763008;Homo sapiens;Protein cereblon;9606;;;Ki;uM;UO_0000065;;5.0;False
{'action_type': 'BINDING AGENT', 'description': 'Binds to a substance such as a cell surface antigen, targeting a drug to that location, but not necessarily affecting the functioning of the substance itself', 'parent_type': 'OTHER'};;25589436;[];CHEMBL5355404;Binding affinity to human CRBN thalidomide binding domain assessed as inhibition constant by microscale thermophoresis analysis;B;;;BAO_0000192;BAO_0000357;single protein format;O=C1CCC(CSc2ccc(F)cc2)C(=O)N1;;;CHEMBL5352463;Eur J Med Chem;2023;{'bei': '19.92', 'le': '0.41', 'lle': '3.08', 'sei': '10.93'};CHEMBL5413552;;CHEMBL5413552;5.05;0;http://www.openphacts.org/units/Nanomolar;3984110;=;1;1;=;;Ki;nM;;9000.0;CHEMBL3763008;Homo sapiens;Protein cereblon;9606;;;Ki;uM;UO_0000065;;9.0;False
{'action_type': 'BINDING AGENT', 'description': 'Binds to a substance such as a cell surface antigen, targeting a drug to that location, but not necessarily affecting the functioning of the substance itself', 'parent_type': 'OTHER'};;25589437;[];CHEMBL5355404;Binding affinity to human CRBN thalidomide binding domain assessed as inhibition constant by microscale thermophoresis analysis;B;;;BAO_0000192;BAO_0000357;single protein format;O=C1CCC(CSc2ccc(Br)cc2)C(=O)N1;;;CHEMBL5352463;Eur J Med Chem;2023;{'bei': '17.36', 'le': '0.44', 'lle': '2.87', 'sei': '11.82'};CHEMBL5418463;;CHEMBL5418463;5.46;0;http://www.openphacts.org/units/Nanomolar;3984111;=;1;1;=;;Ki;nM;;3500.0;CHEMBL3763008;Homo sapiens;Protein cereblon;9606;;;Ki;uM;UO_0000065;;3.5;False
{'action_type': 'BINDING AGENT', 'description': 'Binds to a substance such as a cell surface antigen, targeting a drug to that location, but not necessarily affecting the functioning of the substance itself', 'parent_type': 'OTHER'};;25589438;[];CHEMBL5355404;Binding affinity to human CRBN thalidomide binding domain assessed as inhibition constant by microscale thermophoresis analysis;B;;;BAO_0000192;BAO_0000357;single protein format;Cc1cc(C)c(SCC2CCC(=O)NC2=O)c(C)c1;;;CHEMBL5352463;Eur J Med Chem;2023;{'bei': '17.61', 'le': '0.35', 'lle': '2.13', 'sei': '10.58'};CHEMBL5419971;;CHEMBL5419971;4.89;0;http://www.openphacts.org/units/Nanomolar;3984112;=;1;1;=;;Ki;nM;;13000.0;CHEMBL3763008;Homo sapiens;Protein cereblon;9606;;;Ki;uM;UO_0000065;;13.0;False
{'action_type': 'BINDING AGENT', 'description': 'Binds to a substance such as a cell surface antigen, targeting a drug to that location, but not necessarily affecting the functioning of the substance itself', 'parent_type': 'OTHER'};;25589439;[];CHEMBL5355404;Binding affinity to human CRBN thalidomide binding domain assessed as inhibition constant by microscale thermophoresis analysis;B;;;BAO_0000192;BAO_0000357;single protein format;Cn1cnnc1SCC1CCC(=O)NC1=O;;;CHEMBL5352463;Eur J Med Chem;2023;{'bei': '19.47', 'le': '0.40', 'lle': '4.72', 'sei': '6.08'};CHEMBL5420053;;CHEMBL5420053;4.68;0;http://www.openphacts.org/units/Nanomolar;3984113;=;1;1;=;;Ki;nM;;21000.0;CHEMBL3763008;Homo sapiens;Protein cereblon;9606;;;Ki;uM;UO_0000065;;21.0;False
{'action_type': 'BINDING AGENT', 'description': 'Binds to a substance such as a cell surface antigen, targeting a drug to that location, but not necessarily affecting the functioning of the substance itself', 'parent_type': 'OTHER'};;25589440;[];CHEMBL5355404;Binding affinity to human CRBN thalidomide binding domain assessed as inhibition constant by microscale thermophoresis analysis;B;;;BAO_0000192;BAO_0000357;single protein format;COC(=O)c1ccccc1SCC1CCC(=O)NC1=O;;;CHEMBL5352463;Eur J Med Chem;2023;{'bei': '20.31', 'le': '0.41', 'lle': '4.34', 'sei': '8.22'};CHEMBL5413097;;CHEMBL5413097;5.96;0;http://www.openphacts.org/units/Nanomolar;3984114;=;1;1;=;;Ki;nM;;1100.0;CHEMBL3763008;Homo sapiens;Protein cereblon;9606;;;Ki;uM;UO_0000065;;1.1;False
{'action_type': 'BINDING AGENT', 'description': 'Binds to a substance such as a cell surface antigen, targeting a drug to that location, but not necessarily affecting the functioning of the substance itself', 'parent_type': 'OTHER'};;25589441;[];CHEMBL5355404;Binding affinity to human CRBN thalidomide binding domain assessed as inhibition constant by microscale thermophoresis analysis;B;;;BAO_0000192;BAO_0000357;single protein format;O=C1CCC(CSc2ccccc2[N+](=O)[O-])C(=O)N1;;;CHEMBL5352463;Eur J Med Chem;2023;{'bei': '19.51', 'le': '0.39', 'lle': '3.73', 'sei': '6.12'};CHEMBL5439702;;CHEMBL5439702;5.47;0;http://www.openphacts.org/units/Nanomolar;3984115;=;1;1;=;;Ki;nM;;3400.0;CHEMBL3763008;Homo sapiens;Protein cereblon;9606;;;Ki;uM;UO_0000065;;3.4;False
{'action_type': 'BINDING AGENT', 'description': 'Binds to a substance such as a cell surface antigen, targeting a drug to that location, but not necessarily affecting the functioning of the substance itself', 'parent_type': 'OTHER'};;25589442;[];CHEMBL5355404;Binding affinity to human CRBN thalidomide binding domain assessed as inhibition constant by microscale thermophoresis analysis;B;;;BAO_0000192;BAO_0000357;single protein format;O=C1CCC(CSc2cccc([N+](=O)[O-])c2)C(=O)N1;;;CHEMBL5352463;Eur J Med Chem;2023;{'bei': '22.48', 'le': '0.45', 'lle': '4.56', 'sei': '7.06'};CHEMBL5409302;;CHEMBL5409302;6.30;0;http://www.openphacts.org/units/Nanomolar;3984116;=;1;1;=;;Ki;nM;;500.0;CHEMBL3763008;Homo sapiens;Protein cereblon;9606;;;Ki;uM;UO_0000065;;0.5;False
{'action_type': 'BINDING AGENT', 'description': 'Binds to a substance such as a cell surface antigen, targeting a drug to that location, but not necessarily affecting the functioning of the substance itself', 'parent_type': 'OTHER'};;25589443;[];CHEMBL5355404;Binding affinity to human CRBN thalidomide binding domain assessed as inhibition constant by microscale thermophoresis analysis;B;;;BAO_0000192;BAO_0000357;single protein format;O=C1CCC(CSc2ccc([N+](=O)[O-])cc2)C(=O)N1;;;CHEMBL5352463;Eur J Med Chem;2023;{'bei': '19.70', 'le': '0.40', 'lle': '3.78', 'sei': '6.18'};CHEMBL5435497;;CHEMBL5435497;5.52;0;http://www.openphacts.org/units/Nanomolar;3984117;=;1;1;=;;Ki;nM;;3000.0;CHEMBL3763008;Homo sapiens;Protein cereblon;9606;;;Ki;uM;UO_0000065;;3.0;False
{'action_type': 'BINDING AGENT', 'description': 'Binds to a substance such as a cell surface antigen, targeting a drug to that location, but not necessarily affecting the functioning of the substance itself', 'parent_type': 'OTHER'};;25589444;[];CHEMBL5355404;Binding affinity to human CRBN thalidomide binding domain assessed as inhibition constant by microscale thermophoresis analysis;B;;;BAO_0000192;BAO_0000357;single protein format;O=C1CCC(CSCc2ccccc2)C(=O)N1;;;CHEMBL5352463;Eur J Med Chem;2023;{'bei': '19.60', 'le': '0.39', 'lle': '2.92', 'sei': '10.58'};CHEMBL5402303;;CHEMBL5402303;4.89;0;http://www.openphacts.org/units/Nanomolar;3984118;=;1;1;=;;Ki;nM;;13000.0;CHEMBL3763008;Homo sapiens;Protein cereblon;9606;;;Ki;uM;UO_0000065;;13.0;False
{'action_type': 'BINDING AGENT', 'description': 'Binds to a substance such as a cell surface antigen, targeting a drug to that location, but not necessarily affecting the functioning of the substance itself', 'parent_type': 'OTHER'};;25589445;[];CHEMBL5355404;Binding affinity to human CRBN thalidomide binding domain assessed as inhibition constant by microscale thermophoresis analysis;B;;;BAO_0000192;BAO_0000357;single protein format;COc1ccc(CSCC2CCC(=O)NC2=O)cc1;;;CHEMBL5352463;Eur J Med Chem;2023;{'bei': '19.32', 'le': '0.39', 'lle': '3.42', 'sei': '9.74'};CHEMBL5418032;;CHEMBL5418032;5.40;0;http://www.openphacts.org/units/Nanomolar;3984119;=;1;1;=;;Ki;nM;;4000.0;CHEMBL3763008;Homo sapiens;Protein cereblon;9606;;;Ki;uM;UO_0000065;;4.0;False
{'action_type': 'BINDING AGENT', 'description': 'Binds to a substance such as a cell surface antigen, targeting a drug to that location, but not necessarily affecting the functioning of the substance itself', 'parent_type': 'OTHER'};;25589446;[];CHEMBL5355404;Binding affinity to human CRBN thalidomide binding domain assessed as inhibition constant by microscale thermophoresis analysis;B;;;BAO_0000192;BAO_0000357;single protein format;O=C1CCC(CSc2ccccn2)C(=O)N1;;;CHEMBL5352463;Eur J Med Chem;2023;{'bei': '21.62', 'le': '0.44', 'lle': '3.88', 'sei': '8.65'};CHEMBL5435385;;CHEMBL5435385;5.11;0;http://www.openphacts.org/units/Nanomolar;3984120;=;1;1;=;;Ki;nM;;7800.0;CHEMBL3763008;Homo sapiens;Protein cereblon;9606;;;Ki;uM;UO_0000065;;7.8;False
{'action_type': 'BINDING AGENT', 'description': 'Binds to a substance such as a cell surface antigen, targeting a drug to that location, but not necessarily affecting the functioning of the substance itself', 'parent_type': 'OTHER'};;25589447;[];CHEMBL5355404;Binding affinity to human CRBN thalidomide binding domain assessed as inhibition constant by microscale thermophoresis analysis;B;;;BAO_0000192;BAO_0000357;single protein format;O=C1CCC(CSc2ncccn2)C(=O)N1;;;CHEMBL5352463;Eur J Med Chem;2023;{'bei': '21.65', 'le': '0.44', 'lle': '4.52', 'sei': '7.14'};CHEMBL5398118;;CHEMBL5398118;5.14;0;http://www.openphacts.org/units/Nanomolar;3984121;=;1;1;=;;Ki;nM;;7300.0;CHEMBL3763008;Homo sapiens;Protein cereblon;9606;;;Ki;uM;UO_0000065;;7.3;False
{'action_type': 'BINDING AGENT', 'description': 'Binds to a substance such as a cell surface antigen, targeting a drug to that location, but not necessarily affecting the functioning of the substance itself', 'parent_type': 'OTHER'};;25589448;[];CHEMBL5355404;Binding affinity to human CRBN thalidomide binding domain assessed as inhibition constant by microscale thermophoresis analysis;B;;;BAO_0000192;BAO_0000357;single protein format;Cc1ccnc(SCC2CCC(=O)NC2=O)n1;;;CHEMBL5352463;Eur J Med Chem;2023;{'bei': '20.78', 'le': '0.42', 'lle': '4.29', 'sei': '7.26'};CHEMBL5436049;;CHEMBL5436049;5.22;0;http://www.openphacts.org/units/Nanomolar;3984122;=;1;1;=;;Ki;nM;;6000.0;CHEMBL3763008;Homo sapiens;Protein cereblon;9606;;;Ki;uM;UO_0000065;;6.0;False
{'action_type': 'BINDING AGENT', 'description': 'Binds to a substance such as a cell surface antigen, targeting a drug to that location, but not necessarily affecting the functioning of the substance itself', 'parent_type': 'OTHER'};;25589449;[];CHEMBL5355404;Binding affinity to human CRBN thalidomide binding domain assessed as inhibition constant by microscale thermophoresis analysis;B;;;BAO_0000192;BAO_0000357;single protein format;Nc1ccccc1SCC1CCC(=O)NC1=O;;;CHEMBL5352463;Eur J Med Chem;2023;{'bei': '20.86', 'le': '0.42', 'lle': '3.81', 'sei': '7.23'};CHEMBL5404825;;CHEMBL5404825;5.22;0;http://www.openphacts.org/units/Nanomolar;3984123;=;1;1;=;;Ki;nM;;6000.0;CHEMBL3763008;Homo sapiens;Protein cereblon;9606;;;Ki;uM;UO_0000065;;6.0;False
{'action_type': 'BINDING AGENT', 'description': 'Binds to a substance such as a cell surface antigen, targeting a drug to that location, but not necessarily affecting the functioning of the substance itself', 'parent_type': 'OTHER'};;25589450;[];CHEMBL5355404;Binding affinity to human CRBN thalidomide binding domain assessed as inhibition constant by microscale thermophoresis analysis;B;;;BAO_0000192;BAO_0000357;single protein format;Nc1cccc(SCC2CCC(=O)NC2=O)c1;;;CHEMBL5352463;Eur J Med Chem;2023;{'bei': '22.01', 'le': '0.44', 'lle': '4.10', 'sei': '7.63'};CHEMBL5397580;;CHEMBL5397580;5.51;0;http://www.openphacts.org/units/Nanomolar;3984124;=;1;1;=;;Ki;nM;;3100.0;CHEMBL3763008;Homo sapiens;Protein cereblon;9606;;;Ki;uM;UO_0000065;;3.1;False
{'action_type': 'BINDING AGENT', 'description': 'Binds to a substance such as a cell surface antigen, targeting a drug to that location, but not necessarily affecting the functioning of the substance itself', 'parent_type': 'OTHER'};;25589451;[];CHEMBL5355404;Binding affinity to human CRBN thalidomide binding domain assessed as inhibition constant by microscale thermophoresis analysis;B;;;BAO_0000192;BAO_0000357;single protein format;Nc1ccc(SCC2CCC(=O)NC2=O)cc1;;;CHEMBL5352463;Eur J Med Chem;2023;{'bei': '20.57', 'le': '0.41', 'lle': '3.74', 'sei': '7.13'};CHEMBL5411137;;CHEMBL5411137;5.15;0;http://www.openphacts.org/units/Nanomolar;3984125;=;1;1;=;;Ki;nM;;7100.0;CHEMBL3763008;Homo sapiens;Protein cereblon;9606;;;Ki;uM;UO_0000065;;7.1;False
{'action_type': 'BINDING AGENT', 'description': 'Binds to a substance such as a cell surface antigen, targeting a drug to that location, but not necessarily affecting the functioning of the substance itself', 'parent_type': 'OTHER'};;25589452;[];CHEMBL5355404;Binding affinity to human CRBN thalidomide binding domain assessed as inhibition constant by microscale thermophoresis analysis;B;;;BAO_0000192;BAO_0000357;single protein format;CC(=O)Nc1ccccc1SCC1CCC(=O)NC1=O;;;CHEMBL5352463;Eur J Med Chem;2023;{'bei': '18.89', 'le': '0.38', 'lle': '3.73', 'sei': '7.34'};CHEMBL5436622;;CHEMBL5436622;5.52;0;http://www.openphacts.org/units/Nanomolar;3984126;=;1;1;=;;Ki;nM;;3000.0;CHEMBL3763008;Homo sapiens;Protein cereblon;9606;;;Ki;uM;UO_0000065;;3.0;False
{'action_type': 'BINDING AGENT', 'description': 'Binds to a substance such as a cell surface antigen, targeting a drug to that location, but not necessarily affecting the functioning of the substance itself', 'parent_type': 'OTHER'};;25589453;[];CHEMBL5355404;Binding affinity to human CRBN thalidomide binding domain assessed as inhibition constant by microscale thermophoresis analysis;B;;;BAO_0000192;BAO_0000357;single protein format;CC(=O)Nc1cccc(SCC2CCC(=O)NC2=O)c1;;;CHEMBL5352463;Eur J Med Chem;2023;{'bei': '18.75', 'le': '0.37', 'lle': '3.69', 'sei': '7.28'};CHEMBL5434742;;CHEMBL5434742;5.48;0;http://www.openphacts.org/units/Nanomolar;3984127;=;1;1;=;;Ki;nM;;3300.0;CHEMBL3763008;Homo sapiens;Protein cereblon;9606;;;Ki;uM;UO_0000065;;3.3;False
{'action_type': 'BINDING AGENT', 'description': 'Binds to a substance such as a cell surface antigen, targeting a drug to that location, but not necessarily affecting the functioning of the substance itself', 'parent_type': 'OTHER'};;25589454;[];CHEMBL5355404;Binding affinity to human CRBN thalidomide binding domain assessed as inhibition constant by microscale thermophoresis analysis;B;;;BAO_0000192;BAO_0000357;single protein format;CC(=O)Nc1ccc(SCC2CCC(=O)NC2=O)cc1;;;CHEMBL5352463;Eur J Med Chem;2023;{'bei': '18.89', 'le': '0.38', 'lle': '3.73', 'sei': '7.34'};CHEMBL5419709;;CHEMBL5419709;5.52;0;http://www.openphacts.org/units/Nanomolar;3984128;=;1;1;=;;Ki;nM;;3000.0;CHEMBL3763008;Homo sapiens;Protein cereblon;9606;;;Ki;uM;UO_0000065;;3.0;False
{'action_type': 'BINDING AGENT', 'description': 'Binds to a substance such as a cell surface antigen, targeting a drug to that location, but not necessarily affecting the functioning of the substance itself', 'parent_type': 'OTHER'};;25589455;[];CHEMBL5355404;Binding affinity to human CRBN thalidomide binding domain assessed as inhibition constant by microscale thermophoresis analysis;B;;;BAO_0000192;BAO_0000357;single protein format;O=C1CCC(SCc2ccccc2)C(=O)N1;;;CHEMBL5352463;Eur J Med Chem;2023;{'bei': '19.97', 'le': '0.40', 'lle': '2.97', 'sei': '10.18'};CHEMBL5435212;;CHEMBL5435212;4.70;0;http://www.openphacts.org/units/Nanomolar;3984132;=;1;1;=;;Ki;nM;;20000.0;CHEMBL3763008;Homo sapiens;Protein cereblon;9606;;;Ki;uM;UO_0000065;;20.0;False
{'action_type': 'BINDING AGENT', 'description': 'Binds to a substance such as a cell surface antigen, targeting a drug to that location, but not necessarily affecting the functioning of the substance itself', 'parent_type': 'OTHER'};;25589456;[];CHEMBL5355404;Binding affinity to human CRBN thalidomide binding domain assessed as inhibition constant by microscale thermophoresis analysis;B;;;BAO_0000192;BAO_0000357;single protein format;O=C1CCC(CS(=O)(=O)c2ccccc2)C(=O)N1;;;CHEMBL5352463;Eur J Med Chem;2023;{'bei': '19.17', 'le': '0.39', 'lle': '4.61', 'sei': '6.38'};CHEMBL5416620;;CHEMBL5416620;5.12;0;http://www.openphacts.org/units/Nanomolar;3984133;=;1;1;=;;Ki;nM;;7500.0;CHEMBL3763008;Homo sapiens;Protein cereblon;9606;;;Ki;uM;UO_0000065;;7.5;False
{'action_type': 'BINDING AGENT', 'description': 'Binds to a substance such as a cell surface antigen, targeting a drug to that location, but not necessarily affecting the functioning of the substance itself', 'parent_type': 'OTHER'};;25589457;[];CHEMBL5355404;Binding affinity to human CRBN thalidomide binding domain assessed as inhibition constant by microscale thermophoresis analysis;B;;;BAO_0000192;BAO_0000357;single protein format;O=C1CCC(CS(=O)(=O)c2ccc(Cl)cc2)C(=O)N1;;;CHEMBL5352463;Eur J Med Chem;2023;{'bei': '17.00', 'le': '0.37', 'lle': '3.96', 'sei': '6.39'};CHEMBL5397775;;CHEMBL5397775;5.13;0;http://www.openphacts.org/units/Nanomolar;3984134;=;1;1;=;;Ki;nM;;7400.0;CHEMBL3763008;Homo sapiens;Protein cereblon;9606;;;Ki;uM;UO_0000065;;7.4;False
{'action_type': 'BINDING AGENT', 'description': 'Binds to a substance such as a cell surface antigen, targeting a drug to that location, but not necessarily affecting the functioning of the substance itself', 'parent_type': 'OTHER'};;25589458;[];CHEMBL5355404;Binding affinity to human CRBN thalidomide binding domain assessed as inhibition constant by microscale thermophoresis analysis;B;;;BAO_0000192;BAO_0000357;single protein format;Cc1ccc(S(=O)(=O)CC2CCC(=O)NC2=O)cc1;;;CHEMBL5352463;Eur J Med Chem;2023;{'bei': '17.77', 'le': '0.36', 'lle': '4.18', 'sei': '6.23'};CHEMBL5429778;;CHEMBL5429778;5.00;0;http://www.openphacts.org/units/Nanomolar;3984135;=;1;1;=;;Ki;nM;;10000.0;CHEMBL3763008;Homo sapiens;Protein cereblon;9606;;;Ki;uM;UO_0000065;;10.0;False
{'action_type': 'BINDING AGENT', 'description': 'Binds to a substance such as a cell surface antigen, targeting a drug to that location, but not necessarily affecting the functioning of the substance itself', 'parent_type': 'OTHER'};;25589459;[];CHEMBL5355404;Binding affinity to human CRBN thalidomide binding domain assessed as inhibition constant by microscale thermophoresis analysis;B;;;BAO_0000192;BAO_0000357;single protein format;O=C1CCC(CS(=O)(=O)c2ccc(F)cc2)C(=O)N1;;;CHEMBL5352463;Eur J Med Chem;2023;{'bei': '18.64', 'le': '0.38', 'lle': '4.67', 'sei': '6.62'};CHEMBL5422899;;CHEMBL5422899;5.32;0;http://www.openphacts.org/units/Nanomolar;3984136;=;1;1;=;;Ki;nM;;4800.0;CHEMBL3763008;Homo sapiens;Protein cereblon;9606;;;Ki;uM;UO_0000065;;4.8;False
{'action_type': 'BINDING AGENT', 'description': 'Binds to a substance such as a cell surface antigen, targeting a drug to that location, but not necessarily affecting the functioning of the substance itself', 'parent_type': 'OTHER'};;25589460;[];CHEMBL5355404;Binding affinity to human CRBN thalidomide binding domain assessed as inhibition constant by microscale thermophoresis analysis;B;;;BAO_0000192;BAO_0000357;single protein format;O=C1CCC(CS(=O)(=O)Cc2ccccc2)C(=O)N1;;;CHEMBL5352463;Eur J Med Chem;2023;{'bei': '18.32', 'le': '0.37', 'lle': '4.50', 'sei': '6.42'};CHEMBL5404837;;CHEMBL5404837;5.16;0;http://www.openphacts.org/units/Nanomolar;3984137;=;1;1;=;;Ki;nM;;7000.0;CHEMBL3763008;Homo sapiens;Protein cereblon;9606;;;Ki;uM;UO_0000065;;7.0;False
{'action_type': 'BINDING AGENT', 'description': 'Binds to a substance such as a cell surface antigen, targeting a drug to that location, but not necessarily affecting the functioning of the substance itself', 'parent_type': 'OTHER'};;25589461;[];CHEMBL5355404;Binding affinity to human CRBN thalidomide binding domain assessed as inhibition constant by microscale thermophoresis analysis;B;;;BAO_0000192;BAO_0000357;single protein format;COc1ccc(CS(=O)(=O)CC2CCC(=O)NC2=O)cc1;;;CHEMBL5352463;Eur J Med Chem;2023;{'bei': '16.89', 'le': '0.34', 'lle': '4.60', 'sei': '5.87'};CHEMBL5418383;;CHEMBL5418383;5.26;0;http://www.openphacts.org/units/Nanomolar;3984138;=;1;1;=;;Ki;nM;;5500.0;CHEMBL3763008;Homo sapiens;Protein cereblon;9606;;;Ki;uM;UO_0000065;;5.5;False
{'action_type': 'BINDING AGENT', 'description': 'Binds to a substance such as a cell surface antigen, targeting a drug to that location, but not necessarily affecting the functioning of the substance itself', 'parent_type': 'OTHER'};;25589462;[];CHEMBL5355404;Binding affinity to human CRBN thalidomide binding domain assessed as inhibition constant by microscale thermophoresis analysis;B;;;BAO_0000192;BAO_0000357;single protein format;O=C1CCC(N2C(=O)c3ccccc3C2=O)C(=O)N1;;;CHEMBL5352463;Eur J Med Chem;2023;{'bei': '19.64', 'le': '0.36', 'lle': '4.98', 'sei': '6.07'};CHEMBL468;THALIDOMIDE;CHEMBL468;5.07;1;http://www.openphacts.org/units/Nanomolar;3984139;=;1;1;=;;Ki;nM;;8500.0;CHEMBL3763008;Homo sapiens;Protein cereblon;9606;;;Ki;uM;UO_0000065;;8.5;False
{'action_type': 'DEGRADER', 'description': 'Binds to or antagonizes a receptor, leading to its degradation', 'parent_type': 'NEGATIVE MODULATOR'};;25639174;[];CHEMBL5367924;Binding affinity to CRBN (unknown origin) assessed as inhibition constant;B;;;BAO_0000192;BAO_0000357;single protein format;O=C1CCC(N2C(=O)c3ccccc3C2=O)C(=O)N1;;;CHEMBL5365467;J Med Chem;2023;{'bei': '22.25', 'le': '0.41', 'lle': '5.65', 'sei': '6.88'};CHEMBL468;THALIDOMIDE;CHEMBL468;5.75;0;http://www.openphacts.org/units/Nanomolar;3994316;=;1;1;=;;Ki;nM;;1800.0;CHEMBL3763008;Homo sapiens;Protein cereblon;9606;;;Ki;uM;UO_0000065;;1.8;False
{'action_type': 'DEGRADER', 'description': 'Binds to or antagonizes a receptor, leading to its degradation', 'parent_type': 'NEGATIVE MODULATOR'};;25639175;[];CHEMBL5367924;Binding affinity to CRBN (unknown origin) assessed as inhibition constant;B;;;BAO_0000192;BAO_0000357;single protein format;O=C1CCC(N2C(=O)c3ccc(N4CCC4)cc3C2=O)C(=O)N1;;;CHEMBL5365467;J Med Chem;2023;{'bei': '20.11', 'le': '0.37', 'lle': '6.00', 'sei': '7.26'};CHEMBL5438540;;CHEMBL5438540;6.30;0;http://www.openphacts.org/units/Nanomolar;3994317;=;1;1;=;;Ki;nM;;500.0;CHEMBL3763008;Homo sapiens;Protein cereblon;9606;;;Ki;uM;UO_0000065;;0.5;False
{'action_type': 'DEGRADER', 'description': 'Binds to or antagonizes a receptor, leading to its degradation', 'parent_type': 'NEGATIVE MODULATOR'};;25639176;[];CHEMBL5367924;Binding affinity to CRBN (unknown origin) assessed as inhibition constant;B;;;BAO_0000192;BAO_0000357;single protein format;CN1CCN(c2cc3c(cc2F)C(=O)N(C2CCC(=O)NC2=O)C3=O)CC1;;;CHEMBL5365467;J Med Chem;2023;{'bei': '14.18', 'le': '0.27', 'lle': '5.33', 'sei': '5.90'};CHEMBL5409944;;CHEMBL5409944;5.31;0;http://www.openphacts.org/units/Nanomolar;3994318;=;1;1;=;;Ki;nM;;4900.0;CHEMBL3763008;Homo sapiens;Protein cereblon;9606;;;Ki;uM;UO_0000065;;4.9;False
{'action_type': 'DEGRADER', 'description': 'Binds to or antagonizes a receptor, leading to its degradation', 'parent_type': 'NEGATIVE MODULATOR'};;25639177;[];CHEMBL5367924;Binding affinity to CRBN (unknown origin) assessed as inhibition constant;B;;;BAO_0000192;BAO_0000357;single protein format;CN1Cc2cc3c(cc2C1)C(=O)N(C1CCC(=O)NC1=O)C3=O;;;CHEMBL5365467;J Med Chem;2023;{'bei': '18.68', 'le': '0.35', 'lle': '5.82', 'sei': '6.74'};CHEMBL5423392;;CHEMBL5423392;5.85;0;http://www.openphacts.org/units/Nanomolar;3994319;=;1;1;=;;Ki;nM;;1400.0;CHEMBL3763008;Homo sapiens;Protein cereblon;9606;;;Ki;uM;UO_0000065;;1.4;False
{'action_type': 'DEGRADER', 'description': 'Binds to or antagonizes a receptor, leading to its degradation', 'parent_type': 'NEGATIVE MODULATOR'};;25639178;[];CHEMBL5367924;Binding affinity to CRBN (unknown origin) assessed as inhibition constant;B;;;BAO_0000192;BAO_0000357;single protein format;CN1CCc2cc3c(cc2C1)C(=O)N(C1CCC(=O)NC1=O)C3=O;;;CHEMBL5365467;J Med Chem;2023;{'bei': '15.95', 'le': '0.30', 'lle': '5.14', 'sei': '6.02'};CHEMBL5432225;;CHEMBL5432225;5.22;0;http://www.openphacts.org/units/Nanomolar;3994320;=;1;1;=;;Ki;nM;;6000.0;CHEMBL3763008;Homo sapiens;Protein cereblon;9606;;;Ki;uM;UO_0000065;;6.0;False
{'action_type': 'DEGRADER', 'description': 'Binds to or antagonizes a receptor, leading to its degradation', 'parent_type': 'NEGATIVE MODULATOR'};;25639179;[];CHEMBL5367924;Binding affinity to CRBN (unknown origin) assessed as inhibition constant;B;;;BAO_0000192;BAO_0000357;single protein format;CN1CCc2cc3c(cc2CC1)C(=O)N(C1CCC(=O)NC1=O)C3=O;;;CHEMBL5365467;J Med Chem;2023;{'bei': '15.05', 'le': '0.28', 'lle': '5.02', 'sei': '5.92'};CHEMBL5431079;;CHEMBL5431079;5.14;0;http://www.openphacts.org/units/Nanomolar;3994321;=;1;1;=;;Ki;nM;;7300.0;CHEMBL3763008;Homo sapiens;Protein cereblon;9606;;;Ki;uM;UO_0000065;;7.3;False
{'action_type': 'BINDING AGENT', 'description': 'Binds to a substance such as a cell surface antigen, targeting a drug to that location, but not necessarily affecting the functioning of the substance itself', 'parent_type': 'OTHER'};;25665465;[];CHEMBL5374908;Binding affinity to human CRBN TBD assessed as inhibition constant using BODIPY-uracil as substrate by MST assay;B;;;BAO_0000192;BAO_0000357;single protein format;Nc1cccc2c1C(=O)N(C1CCC(=O)NC1=O)C2=O;;;CHEMBL5370657;J Med Chem;2023;{'bei': '20.06', 'le': '0.37', 'lle': '5.81', 'sei': '5.00'};CHEMBL43452;POMALIDOMIDE;CHEMBL43452;5.48;0;http://www.openphacts.org/units/Nanomolar;3999257;=;1;1;=;;Ki;nM;;3300.0;CHEMBL3763008;Homo sapiens;Protein cereblon;9606;;;Ki;uM;UO_0000065;;3.3;False
{'action_type': 'BINDING AGENT', 'description': 'Binds to a substance such as a cell surface antigen, targeting a drug to that location, but not necessarily affecting the functioning of the substance itself', 'parent_type': 'OTHER'};;25665466;[];CHEMBL5374908;Binding affinity to human CRBN TBD assessed as inhibition constant using BODIPY-uracil as substrate by MST assay;B;;;BAO_0000192;BAO_0000357;single protein format;Nc1cccc2c1CN(C1CCC(=O)NC1=O)C2=O;;;CHEMBL5370657;J Med Chem;2023;{'bei': '20.03', 'le': '0.37', 'lle': '5.16', 'sei': '5.61'};CHEMBL848;LENALIDOMIDE;CHEMBL848;5.19;0;http://www.openphacts.org/units/Nanomolar;3999258;=;1;1;=;;Ki;nM;;6400.0;CHEMBL3763008;Homo sapiens;Protein cereblon;9606;;;Ki;uM;UO_0000065;;6.4;False
{'action_type': 'BINDING AGENT', 'description': 'Binds to a substance such as a cell surface antigen, targeting a drug to that location, but not necessarily affecting the functioning of the substance itself', 'parent_type': 'OTHER'};;25665467;[];CHEMBL5374908;Binding affinity to human CRBN TBD assessed as inhibition constant using BODIPY-uracil as substrate by MST assay;B;;;BAO_0000192;BAO_0000357;single protein format;O=C1CCC(NC(=O)c2ccccc2)C(=O)N1;;;CHEMBL5370657;J Med Chem;2023;{'bei': '18.09', 'le': '0.34', 'lle': '3.98', 'sei': '5.58'};CHEMBL1594734;;CHEMBL1594734;4.20;0;http://www.openphacts.org/units/Nanomolar;3999259;=;1;1;=;;Ki;nM;;63000.0;CHEMBL3763008;Homo sapiens;Protein cereblon;9606;;;Ki;uM;UO_0000065;;63.0;False
{'action_type': 'BINDING AGENT', 'description': 'Binds to a substance such as a cell surface antigen, targeting a drug to that location, but not necessarily affecting the functioning of the substance itself', 'parent_type': 'OTHER'};;25665468;[];CHEMBL5374908;Binding affinity to human CRBN TBD assessed as inhibition constant using BODIPY-uracil as substrate by MST assay;B;;;BAO_0000192;BAO_0000357;single protein format;O=C1CCC(NC(=O)c2cc(F)c(F)c(F)c2F)C(=O)N1;;;CHEMBL5370657;J Med Chem;2023;{'bei': '14.87', 'le': '0.29', 'lle': '3.74', 'sei': '6.01'};CHEMBL5437759;;CHEMBL5437759;4.52;0;http://www.openphacts.org/units/Nanomolar;3999260;=;1;1;=;;Ki;nM;;30000.0;CHEMBL3763008;Homo sapiens;Protein cereblon;9606;;;Ki;uM;UO_0000065;;30.0;False
{'action_type': 'BINDING AGENT', 'description': 'Binds to a substance such as a cell surface antigen, targeting a drug to that location, but not necessarily affecting the functioning of the substance itself', 'parent_type': 'OTHER'};;25665469;[];CHEMBL5374908;Binding affinity to human CRBN TBD assessed as inhibition constant using BODIPY-uracil as substrate by MST assay;B;;;BAO_0000192;BAO_0000357;single protein format;Nc1cccc(C(=O)NC2CCC(=O)NC2=O)c1;;;CHEMBL5370657;J Med Chem;2023;{'bei': '17.29', 'le': '0.32', 'lle': '4.48', 'sei': '4.22'};CHEMBL5398662;;CHEMBL5398662;4.28;0;http://www.openphacts.org/units/Nanomolar;3999261;=;1;1;=;;Ki;nM;;53000.0;CHEMBL3763008;Homo sapiens;Protein cereblon;9606;;;Ki;uM;UO_0000065;;53.0;False
{'action_type': 'BINDING AGENT', 'description': 'Binds to a substance such as a cell surface antigen, targeting a drug to that location, but not necessarily affecting the functioning of the substance itself', 'parent_type': 'OTHER'};;25665470;[];CHEMBL5374908;Binding affinity to human CRBN TBD assessed as inhibition constant using BODIPY-uracil as substrate by MST assay;B;;;BAO_0000192;BAO_0000357;single protein format;Nc1cccc(C(=O)NC2CCC(=O)NC2=O)c1F;;;CHEMBL5370657;J Med Chem;2023;{'bei': '16.39', 'le': '0.31', 'lle': '4.41', 'sei': '4.29'};CHEMBL5411174;;CHEMBL5411174;4.35;0;http://www.openphacts.org/units/Nanomolar;3999262;=;1;1;=;;Ki;nM;;45000.0;CHEMBL3763008;Homo sapiens;Protein cereblon;9606;;;Ki;uM;UO_0000065;;45.0;False
{'action_type': 'BINDING AGENT', 'description': 'Binds to a substance such as a cell surface antigen, targeting a drug to that location, but not necessarily affecting the functioning of the substance itself', 'parent_type': 'OTHER'};;25665471;[];CHEMBL5374908;Binding affinity to human CRBN TBD assessed as inhibition constant using BODIPY-uracil as substrate by MST assay;B;;;BAO_0000192;BAO_0000357;single protein format;Nc1ccc(C(=O)NC2CCC(=O)NC2=O)cc1;;;CHEMBL5370657;J Med Chem;2023;{'bei': '17.74', 'le': '0.33', 'lle': '4.59', 'sei': '4.33'};CHEMBL5424655;;CHEMBL5424655;4.39;0;http://www.openphacts.org/units/Nanomolar;3999263;=;1;1;=;;Ki;nM;;41000.0;CHEMBL3763008;Homo sapiens;Protein cereblon;9606;;;Ki;uM;UO_0000065;;41.0;False
{'action_type': 'BINDING AGENT', 'description': 'Binds to a substance such as a cell surface antigen, targeting a drug to that location, but not necessarily affecting the functioning of the substance itself', 'parent_type': 'OTHER'};;25665472;[];CHEMBL5374908;Binding affinity to human CRBN TBD assessed as inhibition constant using BODIPY-uracil as substrate by MST assay;B;;;BAO_0000192;BAO_0000357;single protein format;Nc1ccc(C(=O)NC2CCC(=O)NC2=O)c(F)c1;;;CHEMBL5370657;J Med Chem;2023;{'bei': '17.11', 'le': '0.33', 'lle': '4.60', 'sei': '4.48'};CHEMBL5410980;;CHEMBL5410980;4.54;0;http://www.openphacts.org/units/Nanomolar;3999264;=;1;1;=;;Ki;nM;;29000.0;CHEMBL3763008;Homo sapiens;Protein cereblon;9606;;;Ki;uM;UO_0000065;;29.0;False
{'action_type': 'BINDING AGENT', 'description': 'Binds to a substance such as a cell surface antigen, targeting a drug to that location, but not necessarily affecting the functioning of the substance itself', 'parent_type': 'OTHER'};;25665473;[];CHEMBL5374908;Binding affinity to human CRBN TBD assessed as inhibition constant using BODIPY-uracil as substrate by MST assay;B;;;BAO_0000192;BAO_0000357;single protein format;Nc1ccccc1C(=O)NC1CCC(=O)NC1=O;;;CHEMBL5370657;J Med Chem;2023;{'bei': '18.02', 'le': '0.34', 'lle': '4.66', 'sei': '4.40'};CHEMBL5399110;;CHEMBL5399110;4.46;0;http://www.openphacts.org/units/Nanomolar;3999265;=;1;1;=;;Ki;nM;;35000.0;CHEMBL3763008;Homo sapiens;Protein cereblon;9606;;;Ki;uM;UO_0000065;;35.0;False
{'action_type': 'BINDING AGENT', 'description': 'Binds to a substance such as a cell surface antigen, targeting a drug to that location, but not necessarily affecting the functioning of the substance itself', 'parent_type': 'OTHER'};;25665474;[];CHEMBL5374908;Binding affinity to human CRBN TBD assessed as inhibition constant using BODIPY-uracil as substrate by MST assay;B;;;BAO_0000192;BAO_0000357;single protein format;Nc1cccc(F)c1C(=O)NC1CCC(=O)NC1=O;;;CHEMBL5370657;J Med Chem;2023;{'bei': '16.03', 'le': '0.31', 'lle': '4.31', 'sei': '4.20'};CHEMBL5439012;;CHEMBL5439012;4.25;0;http://www.openphacts.org/units/Nanomolar;3999266;=;1;1;=;;Ki;nM;;56000.0;CHEMBL3763008;Homo sapiens;Protein cereblon;9606;;;Ki;uM;UO_0000065;;56.0;False
{'action_type': 'BINDING AGENT', 'description': 'Binds to a substance such as a cell surface antigen, targeting a drug to that location, but not necessarily affecting the functioning of the substance itself', 'parent_type': 'OTHER'};;25665475;[];CHEMBL5374908;Binding affinity to human CRBN TBD assessed as inhibition constant using BODIPY-uracil as substrate by MST assay;B;;;BAO_0000192;BAO_0000357;single protein format;Nc1ccc(C(=O)NC2CCC(=O)NC2=O)c(Cl)c1;;;CHEMBL5370657;J Med Chem;2023;{'bei': '16.16', 'le': '0.33', 'lle': '4.09', 'sei': '4.49'};CHEMBL5405702;;CHEMBL5405702;4.55;0;http://www.openphacts.org/units/Nanomolar;3999267;=;1;1;=;;Ki;nM;;28000.0;CHEMBL3763008;Homo sapiens;Protein cereblon;9606;;;Ki;uM;UO_0000065;;28.0;False
{'action_type': 'BINDING AGENT', 'description': 'Binds to a substance such as a cell surface antigen, targeting a drug to that location, but not necessarily affecting the functioning of the substance itself', 'parent_type': 'OTHER'};;25665476;[];CHEMBL5374908;Binding affinity to human CRBN TBD assessed as inhibition constant using BODIPY-uracil as substrate by MST assay;B;;;BAO_0000192;BAO_0000357;single protein format;Nc1ccc(C(=O)NC2CCC(=O)NC2=O)c(C(F)(F)F)c1;;;CHEMBL5370657;J Med Chem;2023;{'bei': '13.88', 'le': '0.27', 'lle': '3.56', 'sei': '4.32'};CHEMBL5404650;;CHEMBL5404650;4.38;0;http://www.openphacts.org/units/Nanomolar;3999268;=;1;1;=;;Ki;nM;;42000.0;CHEMBL3763008;Homo sapiens;Protein cereblon;9606;;;Ki;uM;UO_0000065;;42.0;False
{'action_type': 'BINDING AGENT', 'description': 'Binds to a substance such as a cell surface antigen, targeting a drug to that location, but not necessarily affecting the functioning of the substance itself', 'parent_type': 'OTHER'};;25665477;[];CHEMBL5374908;Binding affinity to human CRBN TBD assessed as inhibition constant using BODIPY-uracil as substrate by MST assay;B;;;BAO_0000192;BAO_0000357;single protein format;Cc1cc(N)ccc1C(=O)NC1CCC(=O)NC1=O;;;CHEMBL5370657;J Med Chem;2023;{'bei': '16.03', 'le': '0.30', 'lle': '4.08', 'sei': '4.13'};CHEMBL5419302;;CHEMBL5419302;4.19;0;http://www.openphacts.org/units/Nanomolar;3999269;=;1;1;=;;Ki;nM;;65000.0;CHEMBL3763008;Homo sapiens;Protein cereblon;9606;;;Ki;uM;UO_0000065;;65.0;False
{'action_type': 'BINDING AGENT', 'description': 'Binds to a substance such as a cell surface antigen, targeting a drug to that location, but not necessarily affecting the functioning of the substance itself', 'parent_type': 'OTHER'};;25665478;[];CHEMBL5374908;Binding affinity to human CRBN TBD assessed as inhibition constant using BODIPY-uracil as substrate by MST assay;B;;;BAO_0000192;BAO_0000357;single protein format;COc1cc(N)ccc1C(=O)NC1CCC(=O)NC1=O;;;CHEMBL5370657;J Med Chem;2023;{'bei': '17.88', 'le': '0.34', 'lle': '5.15', 'sei': '4.49'};CHEMBL5405986;;CHEMBL5405986;4.96;0;http://www.openphacts.org/units/Nanomolar;3999270;=;1;1;=;;Ki;nM;;11000.0;CHEMBL3763008;Homo sapiens;Protein cereblon;9606;;;Ki;uM;UO_0000065;;11.0;False
{'action_type': 'BINDING AGENT', 'description': 'Binds to a substance such as a cell surface antigen, targeting a drug to that location, but not necessarily affecting the functioning of the substance itself', 'parent_type': 'OTHER'};;25665479;[];CHEMBL5374908;Binding affinity to human CRBN TBD assessed as inhibition constant using BODIPY-uracil as substrate by MST assay;B;;;BAO_0000192;BAO_0000357;single protein format;Nc1ccc(C(=O)NC2CCC(=O)NC2=O)c(O)c1;;;CHEMBL5370657;J Med Chem;2023;{'bei': '19.63', 'le': '0.37', 'lle': '5.66', 'sei': '4.25'};CHEMBL5441135;;CHEMBL5441135;5.17;0;http://www.openphacts.org/units/Nanomolar;3999271;=;1;1;=;;Ki;nM;;6800.0;CHEMBL3763008;Homo sapiens;Protein cereblon;9606;;;Ki;uM;UO_0000065;;6.8;False
{'action_type': 'BINDING AGENT', 'description': 'Binds to a substance such as a cell surface antigen, targeting a drug to that location, but not necessarily affecting the functioning of the substance itself', 'parent_type': 'OTHER'};;25665480;[];CHEMBL5374908;Binding affinity to human CRBN TBD assessed as inhibition constant using BODIPY-uracil as substrate by MST assay;B;;;BAO_0000192;BAO_0000357;single protein format;COc1c(N)c(F)cc(C(=O)NC2CCC(=O)NC2=O)c1F;;;CHEMBL5370657;J Med Chem;2023;{'bei': '13.91', 'le': '0.27', 'lle': '4.27', 'sei': '3.94'};CHEMBL5403248;;CHEMBL5403248;4.36;0;http://www.openphacts.org/units/Nanomolar;3999272;=;1;1;=;;Ki;nM;;44000.0;CHEMBL3763008;Homo sapiens;Protein cereblon;9606;;;Ki;uM;UO_0000065;;44.0;False
{'action_type': 'BINDING AGENT', 'description': 'Binds to a substance such as a cell surface antigen, targeting a drug to that location, but not necessarily affecting the functioning of the substance itself', 'parent_type': 'OTHER'};;25665481;[];CHEMBL5374908;Binding affinity to human CRBN TBD assessed as inhibition constant using BODIPY-uracil as substrate by MST assay;B;;;BAO_0000192;BAO_0000357;single protein format;CCCCNc1ccc(C(=O)NC2CCC(=O)NC2=O)c(F)c1;;;CHEMBL5370657;J Med Chem;2023;{'bei': '14.12', 'le': '0.27', 'lle': '2.97', 'sei': '5.20'};CHEMBL5416921;;CHEMBL5416921;4.54;0;http://www.openphacts.org/units/Nanomolar;3999273;=;1;1;=;;Ki;nM;;29000.0;CHEMBL3763008;Homo sapiens;Protein cereblon;9606;;;Ki;uM;UO_0000065;;29.0;False
{'action_type': 'BINDING AGENT', 'description': 'Binds to a substance such as a cell surface antigen, targeting a drug to that location, but not necessarily affecting the functioning of the substance itself', 'parent_type': 'OTHER'};;25665482;[];CHEMBL5374908;Binding affinity to human CRBN TBD assessed as inhibition constant using BODIPY-uracil as substrate by MST assay;B;;;BAO_0000192;BAO_0000357;single protein format;CCCCNC(=O)CNc1ccc(C(=O)NC2CCC(=O)NC2=O)c(F)c1;;;CHEMBL5370657;J Med Chem;2023;{'bei': '12.16', 'le': '0.23', 'lle': '3.91', 'sei': '3.95'};CHEMBL5430307;;CHEMBL5430307;4.60;0;http://www.openphacts.org/units/Nanomolar;3999274;=;1;1;=;;Ki;nM;;25000.0;CHEMBL3763008;Homo sapiens;Protein cereblon;9606;;;Ki;uM;UO_0000065;;25.0;False
{'action_type': 'BINDING AGENT', 'description': 'Binds to a substance such as a cell surface antigen, targeting a drug to that location, but not necessarily affecting the functioning of the substance itself', 'parent_type': 'OTHER'};;25665483;[];CHEMBL5374908;Binding affinity to human CRBN TBD assessed as inhibition constant using BODIPY-uracil as substrate by MST assay;B;;;BAO_0000192;BAO_0000357;single protein format;CCCCOc1ccc(C(=O)NC2CCC(=O)NC2=O)c(F)c1;;;CHEMBL5370657;J Med Chem;2023;{'bei': '13.99', 'le': '0.27', 'lle': '2.97', 'sei': '5.34'};CHEMBL5421440;;CHEMBL5421440;4.51;0;http://www.openphacts.org/units/Nanomolar;3999275;=;1;1;=;;Ki;nM;;31000.0;CHEMBL3763008;Homo sapiens;Protein cereblon;9606;;;Ki;uM;UO_0000065;;31.0;False
{'action_type': 'BINDING AGENT', 'description': 'Binds to a substance such as a cell surface antigen, targeting a drug to that location, but not necessarily affecting the functioning of the substance itself', 'parent_type': 'OTHER'};;25665485;[];CHEMBL5374908;Binding affinity to human CRBN TBD assessed as inhibition constant using BODIPY-uracil as substrate by MST assay;B;;;BAO_0000192;BAO_0000357;single protein format;CCCCNc1c(F)cc(C(=O)NC2CCC(=O)NC2=O)c(F)c1OC;;;CHEMBL5370657;J Med Chem;2023;{'bei': '12.06', 'le': '0.23', 'lle': '2.74', 'sei': '4.62'};CHEMBL5435181;;CHEMBL5435181;4.46;0;http://www.openphacts.org/units/Nanomolar;3999277;=;1;1;=;;Ki;nM;;35000.0;CHEMBL3763008;Homo sapiens;Protein cereblon;9606;;;Ki;uM;UO_0000065;;35.0;False
{'action_type': 'BINDING AGENT', 'description': 'Binds to a substance such as a cell surface antigen, targeting a drug to that location, but not necessarily affecting the functioning of the substance itself', 'parent_type': 'OTHER'};;25665486;[];CHEMBL5374908;Binding affinity to human CRBN TBD assessed as inhibition constant using BODIPY-uracil as substrate by MST assay;B;;;BAO_0000192;BAO_0000357;single protein format;CCCCNc1ccc2c(=O)n(C3CCC(=O)NC3=O)nnc2c1;;;CHEMBL5370657;J Med Chem;2023;{'bei': '16.42', 'le': '0.31', 'lle': '4.43', 'sei': '5.10'};CHEMBL5414951;;CHEMBL5414951;5.41;0;http://www.openphacts.org/units/Nanomolar;3999278;=;1;1;=;;Ki;nM;;3900.0;CHEMBL3763008;Homo sapiens;Protein cereblon;9606;;;Ki;uM;UO_0000065;;3.9;False
{'action_type': 'BINDING AGENT', 'description': 'Binds to a substance such as a cell surface antigen, targeting a drug to that location, but not necessarily affecting the functioning of the substance itself', 'parent_type': 'OTHER'};;25665487;[];CHEMBL5374908;Binding affinity to human CRBN TBD assessed as inhibition constant using BODIPY-uracil as substrate by MST assay;B;;;BAO_0000192;BAO_0000357;single protein format;CCCCOc1ccc(C2CCC(=O)NC2=O)cc1;;;CHEMBL5370657;J Med Chem;2023;{'bei': '20.70', 'le': '0.39', 'lle': '3.02', 'sei': '9.76'};CHEMBL5427990;;CHEMBL5427990;5.41;0;http://www.openphacts.org/units/Nanomolar;3999279;=;1;1;=;;Ki;nM;;3900.0;CHEMBL3763008;Homo sapiens;Protein cereblon;9606;;;Ki;uM;UO_0000065;;3.9;False
{'action_type': 'BINDING AGENT', 'description': 'Binds to a substance such as a cell surface antigen, targeting a drug to that location, but not necessarily affecting the functioning of the substance itself', 'parent_type': 'OTHER'};;25665489;[];CHEMBL5374908;Binding affinity to human CRBN TBD assessed as inhibition constant using BODIPY-uracil as substrate by MST assay;B;;;BAO_0000192;BAO_0000357;single protein format;CCCCNc1ccc2c(c1)CN(C1CCC(=O)NC1=O)C2=O;;;CHEMBL5370657;J Med Chem;2023;{'bei': '20.19', 'le': '0.38', 'lle': '4.71', 'sei': '8.11'};CHEMBL5415637;;CHEMBL5415637;6.37;0;http://www.openphacts.org/units/Nanomolar;3999281;=;1;1;=;;Ki;nM;;430.0;CHEMBL3763008;Homo sapiens;Protein cereblon;9606;;;Ki;uM;UO_0000065;;0.43;False
{'action_type': 'BINDING AGENT', 'description': 'Binds to a substance such as a cell surface antigen, targeting a drug to that location, but not necessarily affecting the functioning of the substance itself', 'parent_type': 'OTHER'};;25665490;[];CHEMBL5374908;Binding affinity to human CRBN TBD assessed as inhibition constant using BODIPY-uracil as substrate by MST assay;B;;;BAO_0000192;BAO_0000357;single protein format;O=C1CCC(NC(=O)c2ccccn2)C(=O)N1;;;CHEMBL5370657;J Med Chem;2023;{'bei': '17.92', 'le': '0.34', 'lle': '4.56', 'sei': '4.74'};CHEMBL5410366;;CHEMBL5410366;4.18;0;http://www.openphacts.org/units/Nanomolar;3999252;=;1;1;=;;Ki;nM;;66000.0;CHEMBL3763008;Homo sapiens;Protein cereblon;9606;;;Ki;uM;UO_0000065;;66.0;False
{'action_type': 'BINDING AGENT', 'description': 'Binds to a substance such as a cell surface antigen, targeting a drug to that location, but not necessarily affecting the functioning of the substance itself', 'parent_type': 'OTHER'};;25665491;[];CHEMBL5374908;Binding affinity to human CRBN TBD assessed as inhibition constant using BODIPY-uracil as substrate by MST assay;B;;;BAO_0000192;BAO_0000357;single protein format;CC(=O)Nc1sccc1C(=O)NC1CCC(=O)NC1=O;;;CHEMBL5370657;J Med Chem;2023;{'bei': '14.18', 'le': '0.29', 'lle': '3.95', 'sei': '4.01'};CHEMBL5420119;;CHEMBL5420119;4.19;0;http://www.openphacts.org/units/Nanomolar;3999253;=;1;1;=;;Ki;nM;;65000.0;CHEMBL3763008;Homo sapiens;Protein cereblon;9606;;;Ki;uM;UO_0000065;;65.0;False
{'action_type': 'BINDING AGENT', 'description': 'Binds to a substance such as a cell surface antigen, targeting a drug to that location, but not necessarily affecting the functioning of the substance itself', 'parent_type': 'OTHER'};;25665492;[];CHEMBL5374908;Binding affinity to human CRBN TBD assessed as inhibition constant using BODIPY-uracil as substrate by MST assay;B;;;BAO_0000192;BAO_0000357;single protein format;Cc1cc2cccc(C(=O)NC3CCC(=O)NC3=O)c2o1;;;CHEMBL5370657;J Med Chem;2023;{'bei': '16.85', 'le': '0.31', 'lle': '3.54', 'sei': '5.46'};CHEMBL5414968;;CHEMBL5414968;4.82;0;http://www.openphacts.org/units/Nanomolar;3999254;=;1;1;=;;Ki;nM;;15000.0;CHEMBL3763008;Homo sapiens;Protein cereblon;9606;;;Ki;uM;UO_0000065;;15.0;False
{'action_type': 'INHIBITOR', 'description': 'Negatively effects (inhibits) the normal functioning of the protein e.g., prevention of enzymatic reaction or activation of downstream pathway', 'parent_type': 'NEGATIVE MODULATOR'};;25848531;[];CHEMBL5506185;Binding affinity to CRBN (unknown origin) assessed as inhibition constant by TR-FRET analysis;B;;;BAO_0000192;BAO_0000357;single protein format;Cc1ccc(NS(=O)(=O)c2cccc(C#N)c2)c2[nH]cc(C#N)c12;;;CHEMBL5505953;Eur J Med Chem;2024;{'bei': '16.46', 'le': '0.32', 'lle': '2.52', 'sei': '5.06'};CHEMBL4297376;E-7820;CHEMBL4297376;5.54;0;http://www.openphacts.org/units/Nanomolar;4057721;=;1;1;=;;Ki;nM;;2900.0;CHEMBL3763008;Homo sapiens;Protein cereblon;9606;;;Ki;uM;UO_0000065;;2.9;False
{'action_type': 'BINDING AGENT', 'description': 'Binds to a substance such as a cell surface antigen, targeting a drug to that location, but not necessarily affecting the functioning of the substance itself', 'parent_type': 'OTHER'};;25908394;[];CHEMBL5524487;Binding affinity to human CRBN TBD assessed as inhibition constant using BODIPY-uracil as substrate by Microscale thermophoresis assay;B;;;BAO_0000192;BAO_0000357;single protein format;O=C1CCC2(CC(c3ccccc3Cl)=NO2)C(=O)N1;;;CHEMBL5523700;Eur J Med Chem;2024;{'bei': '19.53', 'le': '0.39', 'lle': '3.80', 'sei': '8.03'};CHEMBL5561114;;CHEMBL5561114;5.44;0;http://www.openphacts.org/units/Nanomolar;4069148;=;1;1;=;;Ki;nM;;3600.0;CHEMBL3763008;Homo sapiens;Protein cereblon;9606;;;Ki;uM;UO_0000065;;3.6;False
{'action_type': 'BINDING AGENT', 'description': 'Binds to a substance such as a cell surface antigen, targeting a drug to that location, but not necessarily affecting the functioning of the substance itself', 'parent_type': 'OTHER'};;25908395;[];CHEMBL5524487;Binding affinity to human CRBN TBD assessed as inhibition constant using BODIPY-uracil as substrate by Microscale thermophoresis assay;B;;;BAO_0000192;BAO_0000357;single protein format;O=C1CCC2(CC(c3ccc(Cl)cc3Cl)=NO2)C(=O)N1;;;CHEMBL5523700;Eur J Med Chem;2024;{'bei': '17.35', 'le': '0.37', 'lle': '3.14', 'sei': '8.02'};CHEMBL5563368;;CHEMBL5563368;5.43;0;http://www.openphacts.org/units/Nanomolar;4069149;=;1;1;=;;Ki;nM;;3700.0;CHEMBL3763008;Homo sapiens;Protein cereblon;9606;;;Ki;uM;UO_0000065;;3.7;False
{'action_type': 'BINDING AGENT', 'description': 'Binds to a substance such as a cell surface antigen, targeting a drug to that location, but not necessarily affecting the functioning of the substance itself', 'parent_type': 'OTHER'};;25908396;[];CHEMBL5524487;Binding affinity to human CRBN TBD assessed as inhibition constant using BODIPY-uracil as substrate by Microscale thermophoresis assay;B;;;BAO_0000192;BAO_0000357;single protein format;O=C1CCC2(CC(c3c(Cl)cccc3Cl)=NO2)C(=O)N1;;;CHEMBL5523700;Eur J Med Chem;2024;{'bei': '17.31', 'le': '0.37', 'lle': '3.13', 'sei': '8.00'};CHEMBL5559649;;CHEMBL5559649;5.42;0;http://www.openphacts.org/units/Nanomolar;4069150;=;1;1;=;;Ki;nM;;3800.0;CHEMBL3763008;Homo sapiens;Protein cereblon;9606;;;Ki;uM;UO_0000065;;3.8;False
{'action_type': 'BINDING AGENT', 'description': 'Binds to a substance such as a cell surface antigen, targeting a drug to that location, but not necessarily affecting the functioning of the substance itself', 'parent_type': 'OTHER'};;25908397;[];CHEMBL5524487;Binding affinity to human CRBN TBD assessed as inhibition constant using BODIPY-uracil as substrate by Microscale thermophoresis assay;B;;;BAO_0000192;BAO_0000357;single protein format;O=C1CCC2(CC(c3ccccc3Br)=NO2)C(=O)N1;;;CHEMBL5523700;Eur J Med Chem;2024;{'bei': '15.64', 'le': '0.36', 'lle': '3.31', 'sei': '7.46'};CHEMBL5555248;;CHEMBL5555248;5.06;0;http://www.openphacts.org/units/Nanomolar;4069151;=;1;1;=;;Ki;nM;;8800.0;CHEMBL3763008;Homo sapiens;Protein cereblon;9606;;;Ki;uM;UO_0000065;;8.8;False
{'action_type': 'BINDING AGENT', 'description': 'Binds to a substance such as a cell surface antigen, targeting a drug to that location, but not necessarily affecting the functioning of the substance itself', 'parent_type': 'OTHER'};;25908398;[];CHEMBL5524487;Binding affinity to human CRBN TBD assessed as inhibition constant using BODIPY-uracil as substrate by Microscale thermophoresis assay;B;;;BAO_0000192;BAO_0000357;single protein format;O=C1CCC2(CC(c3ccccc3I)=NO2)C(=O)N1;;;CHEMBL5523700;Eur J Med Chem;2024;{'bei': '13.36', 'le': '0.36', 'lle': '3.36', 'sei': '7.30'};CHEMBL5555710;;CHEMBL5555710;4.95;0;http://www.openphacts.org/units/Nanomolar;4069152;=;1;1;=;;Ki;nM;;11300.0;CHEMBL3763008;Homo sapiens;Protein cereblon;9606;;;Ki;uM;UO_0000065;;11.3;False
{'action_type': 'BINDING AGENT', 'description': 'Binds to a substance such as a cell surface antigen, targeting a drug to that location, but not necessarily affecting the functioning of the substance itself', 'parent_type': 'OTHER'};;25908399;[];CHEMBL5524487;Binding affinity to human CRBN TBD assessed as inhibition constant using BODIPY-uracil as substrate by Microscale thermophoresis assay;B;;;BAO_0000192;BAO_0000357;single protein format;O=C1CCC2(CC(c3ccccc3F)=NO2)C(=O)N1;;;CHEMBL5523700;Eur J Med Chem;2024;{'bei': '18.31', 'le': '0.35', 'lle': '3.67', 'sei': '7.09'};CHEMBL5561864;;CHEMBL5561864;4.80;0;http://www.openphacts.org/units/Nanomolar;4069153;=;1;1;=;;Ki;nM;;15800.0;CHEMBL3763008;Homo sapiens;Protein cereblon;9606;;;Ki;uM;UO_0000065;;15.8;False
{'action_type': 'BINDING AGENT', 'description': 'Binds to a substance such as a cell surface antigen, targeting a drug to that location, but not necessarily affecting the functioning of the substance itself', 'parent_type': 'OTHER'};;25908400;[];CHEMBL5524487;Binding affinity to human CRBN TBD assessed as inhibition constant using BODIPY-uracil as substrate by Microscale thermophoresis assay;B;;;BAO_0000192;BAO_0000357;single protein format;O=C1CCC2(CC(c3ccccc3[N+](=O)[O-])=NO2)C(=O)N1;;;CHEMBL5523700;Eur J Med Chem;2024;{'bei': '18.08', 'le': '0.34', 'lle': '4.34', 'sei': '4.72'};CHEMBL5549746;;CHEMBL5549746;5.23;0;http://www.openphacts.org/units/Nanomolar;4069154;=;1;1;=;;Ki;nM;;5900.0;CHEMBL3763008;Homo sapiens;Protein cereblon;9606;;;Ki;uM;UO_0000065;;5.9;False
{'action_type': 'BINDING AGENT', 'description': 'Binds to a substance such as a cell surface antigen, targeting a drug to that location, but not necessarily affecting the functioning of the substance itself', 'parent_type': 'OTHER'};;25908401;[];CHEMBL5524487;Binding affinity to human CRBN TBD assessed as inhibition constant using BODIPY-uracil as substrate by Microscale thermophoresis assay;B;;;BAO_0000192;BAO_0000357;single protein format;COc1ccccc1C1=NOC2(CCC(=O)NC2=O)C1;;;CHEMBL5523700;Eur J Med Chem;2024;{'bei': '18.77', 'le': '0.35', 'lle': '4.16', 'sei': '6.69'};CHEMBL5563976;;CHEMBL5563976;5.15;0;http://www.openphacts.org/units/Nanomolar;4069155;=;1;1;=;;Ki;nM;;7100.0;CHEMBL3763008;Homo sapiens;Protein cereblon;9606;;;Ki;uM;UO_0000065;;7.1;False
{'action_type': 'BINDING AGENT', 'description': 'Binds to a substance such as a cell surface antigen, targeting a drug to that location, but not necessarily affecting the functioning of the substance itself', 'parent_type': 'OTHER'};;25908402;[];CHEMBL5524487;Binding affinity to human CRBN TBD assessed as inhibition constant using BODIPY-uracil as substrate by Microscale thermophoresis assay;B;;;BAO_0000192;BAO_0000357;single protein format;COc1ccc(C2=NOC3(CCC(=O)NC3=O)C2)c(OC)c1OC;;;CHEMBL5523700;Eur J Med Chem;2024;{'bei': '14.10', 'le': '0.27', 'lle': '3.70', 'sei': '4.94'};CHEMBL5559414;;CHEMBL5559414;4.71;0;http://www.openphacts.org/units/Nanomolar;4069156;=;1;1;=;;Ki;nM;;19300.0;CHEMBL3763008;Homo sapiens;Protein cereblon;9606;;;Ki;uM;UO_0000065;;19.3;False
{'action_type': 'BINDING AGENT', 'description': 'Binds to a substance such as a cell surface antigen, targeting a drug to that location, but not necessarily affecting the functioning of the substance itself', 'parent_type': 'OTHER'};;25908403;[];CHEMBL5524487;Binding affinity to human CRBN TBD assessed as inhibition constant using BODIPY-uracil as substrate by Microscale thermophoresis assay;B;;;BAO_0000192;BAO_0000357;single protein format;O=C1CCC2(CC(c3ccc(C(=O)O)cc3)=NO2)C(=O)N1;;;CHEMBL5523700;Eur J Med Chem;2024;{'bei': '16.27', 'le': '0.31', 'lle': '4.01', 'sei': '4.46'};CHEMBL5559886;;CHEMBL5559886;4.69;0;http://www.openphacts.org/units/Nanomolar;4069157;=;1;1;=;;Ki;nM;;20400.0;CHEMBL3763008;Homo sapiens;Protein cereblon;9606;;;Ki;uM;UO_0000065;;20.4;False
{'action_type': 'BINDING AGENT', 'description': 'Binds to a substance such as a cell surface antigen, targeting a drug to that location, but not necessarily affecting the functioning of the substance itself', 'parent_type': 'OTHER'};;25908404;[];CHEMBL5524487;Binding affinity to human CRBN TBD assessed as inhibition constant using BODIPY-uracil as substrate by Microscale thermophoresis assay;B;;;BAO_0000192;BAO_0000357;single protein format;O=C1CCC2(CC(c3cccnc3)=NO2)C(=O)N1;;;CHEMBL5523700;Eur J Med Chem;2024;{'bei': '18.25', 'le': '0.34', 'lle': '4.10', 'sei': '5.55'};CHEMBL5563719;;CHEMBL5563719;4.48;0;http://www.openphacts.org/units/Nanomolar;4069158;=;1;1;=;;Ki;nM;;33400.0;CHEMBL3763008;Homo sapiens;Protein cereblon;9606;;;Ki;uM;UO_0000065;;33.4;False
{'action_type': 'BINDING AGENT', 'description': 'Binds to a substance such as a cell surface antigen, targeting a drug to that location, but not necessarily affecting the functioning of the substance itself', 'parent_type': 'OTHER'};;25908405;[];CHEMBL5524487;Binding affinity to human CRBN TBD assessed as inhibition constant using BODIPY-uracil as substrate by Microscale thermophoresis assay;B;;;BAO_0000192;BAO_0000357;single protein format;O=C1CCC2(CC(C3CCCCC3)=NO2)C(=O)N1;;;CHEMBL5523700;Eur J Med Chem;2024;{'bei': '18.25', 'le': '0.35', 'lle': '3.05', 'sei': '6.74'};CHEMBL5557027;;CHEMBL5557027;4.57;0;http://www.openphacts.org/units/Nanomolar;4069159;=;1;1;=;;Ki;nM;;27100.0;CHEMBL3763008;Homo sapiens;Protein cereblon;9606;;;Ki;uM;UO_0000065;;27.1;False
{'action_type': 'BINDING AGENT', 'description': 'Binds to a substance such as a cell surface antigen, targeting a drug to that location, but not necessarily affecting the functioning of the substance itself', 'parent_type': 'OTHER'};;25908406;[];CHEMBL5524487;Binding affinity to human CRBN TBD assessed as inhibition constant using BODIPY-uracil as substrate by Microscale thermophoresis assay;B;;;BAO_0000192;BAO_0000357;single protein format;O=C1CCC2(CC(C3CCCC3)=NO2)C(=O)N1;;;CHEMBL5523700;Eur J Med Chem;2024;{'bei': '19.14', 'le': '0.36', 'lle': '3.39', 'sei': '6.67'};CHEMBL5563024;;CHEMBL5563024;4.52;0;http://www.openphacts.org/units/Nanomolar;4069160;=;1;1;=;;Ki;nM;;30100.0;CHEMBL3763008;Homo sapiens;Protein cereblon;9606;;;Ki;uM;UO_0000065;;30.1;False
{'action_type': 'BINDING AGENT', 'description': 'Binds to a substance such as a cell surface antigen, targeting a drug to that location, but not necessarily affecting the functioning of the substance itself', 'parent_type': 'OTHER'};;25908407;[];CHEMBL5524487;Binding affinity to human CRBN TBD assessed as inhibition constant using BODIPY-uracil as substrate by Microscale thermophoresis assay;B;;;BAO_0000192;BAO_0000357;single protein format;CCCC1=NOC2(CCC(=O)NC2=O)C1;;;CHEMBL5523700;Eur J Med Chem;2024;{'bei': '20.84', 'le': '0.40', 'lle': '3.64', 'sei': '6.47'};CHEMBL5557543;;CHEMBL5557543;4.38;0;http://www.openphacts.org/units/Nanomolar;4069161;=;1;1;=;;Ki;nM;;41600.0;CHEMBL3763008;Homo sapiens;Protein cereblon;9606;;;Ki;uM;UO_0000065;;41.6;False
{'action_type': 'BINDING AGENT', 'description': 'Binds to a substance such as a cell surface antigen, targeting a drug to that location, but not necessarily affecting the functioning of the substance itself', 'parent_type': 'OTHER'};;25908408;[];CHEMBL5524487;Binding affinity to human CRBN TBD assessed as inhibition constant using BODIPY-uracil as substrate by Microscale thermophoresis assay;B;;;BAO_0000192;BAO_0000357;single protein format;CC(C)(C)C1=NOC2(CCC(=O)NC2=O)C1;;;CHEMBL5523700;Eur J Med Chem;2024;{'bei': '18.33', 'le': '0.35', 'lle': '3.13', 'sei': '6.07'};CHEMBL5560360;;CHEMBL5560360;4.11;0;http://www.openphacts.org/units/Nanomolar;4069162;=;1;1;=;;Ki;nM;;77400.0;CHEMBL3763008;Homo sapiens;Protein cereblon;9606;;;Ki;uM;UO_0000065;;77.4;False
{'action_type': 'BINDING AGENT', 'description': 'Binds to a substance such as a cell surface antigen, targeting a drug to that location, but not necessarily affecting the functioning of the substance itself', 'parent_type': 'OTHER'};;25908409;[];CHEMBL5524487;Binding affinity to human CRBN TBD assessed as inhibition constant using BODIPY-uracil as substrate by Microscale thermophoresis assay;B;;;BAO_0000192;BAO_0000357;single protein format;CCC(CC)C1=NOC2(CCC(=O)NC2=O)C1;;;CHEMBL5523700;Eur J Med Chem;2024;{'bei': '17.17', 'le': '0.33', 'lle': '2.72', 'sei': '6.04'};CHEMBL5565416;;CHEMBL5565416;4.09;0;http://www.openphacts.org/units/Nanomolar;4069163;=;1;1;=;;Ki;nM;;80900.0;CHEMBL3763008;Homo sapiens;Protein cereblon;9606;;;Ki;uM;UO_0000065;;80.9;False
{'action_type': 'BINDING AGENT', 'description': 'Binds to a substance such as a cell surface antigen, targeting a drug to that location, but not necessarily affecting the functioning of the substance itself', 'parent_type': 'OTHER'};;25908410;[];CHEMBL5524487;Binding affinity to human CRBN TBD assessed as inhibition constant using BODIPY-uracil as substrate by Microscale thermophoresis assay;B;;;BAO_0000192;BAO_0000357;single protein format;O=C1CCC(N2C(=O)c3ccccc3C2=O)C(=O)N1;;;CHEMBL5523700;Eur J Med Chem;2024;{'bei': '19.64', 'le': '0.36', 'lle': '4.98', 'sei': '6.07'};CHEMBL468;THALIDOMIDE;CHEMBL468;5.07;1;http://www.openphacts.org/units/Nanomolar;4069164;=;1;1;=;;Ki;nM;;8500.0;CHEMBL3763008;Homo sapiens;Protein cereblon;9606;;;Ki;uM;UO_0000065;;8.5;False
{'action_type': 'BINDING AGENT', 'description': 'Binds to a substance such as a cell surface antigen, targeting a drug to that location, but not necessarily affecting the functioning of the substance itself', 'parent_type': 'OTHER'};;25908411;[];CHEMBL5524487;Binding affinity to human CRBN TBD assessed as inhibition constant using BODIPY-uracil as substrate by Microscale thermophoresis assay;B;;;BAO_0000192;BAO_0000357;single protein format;O=C1CCCC(=O)N1;;;CHEMBL5523700;Eur J Med Chem;2024;{'bei': '35.66', 'le': '0.69', 'lle': '4.22', 'sei': '8.74'};CHEMBL3763941;;CHEMBL3763941;4.03;0;http://www.openphacts.org/units/Nanomolar;4069165;=;1;1;=;;Ki;nM;;92500.0;CHEMBL3763008;Homo sapiens;Protein cereblon;9606;;;Ki;uM;UO_0000065;;92.5;False
{'action_type': 'BINDING AGENT', 'description': 'Binds to a substance such as a cell surface antigen, targeting a drug to that location, but not necessarily affecting the functioning of the substance itself', 'parent_type': 'OTHER'};;25908412;[];CHEMBL5524487;Binding affinity to human CRBN TBD assessed as inhibition constant using BODIPY-uracil as substrate by Microscale thermophoresis assay;B;;;BAO_0000192;BAO_0000357;single protein format;CC1CC(=O)NC(=O)C1;;;CHEMBL5523700;Eur J Med Chem;2024;{'bei': '32.65', 'le': '0.63', 'lle': '4.09', 'sei': '8.99'};CHEMBL5562478;;CHEMBL5562478;4.15;0;http://www.openphacts.org/units/Nanomolar;4069166;=;1;1;=;;Ki;nM;;70700.0;CHEMBL3763008;Homo sapiens;Protein cereblon;9606;;;Ki;uM;UO_0000065;;70.7;False
{'action_type': 'BINDING AGENT', 'description': 'Binds to a substance such as a cell surface antigen, targeting a drug to that location, but not necessarily affecting the functioning of the substance itself', 'parent_type': 'OTHER'};;26009932;[];CHEMBL5577336;Binding affinity to human CRBN TBD (319 to 425 residues) assessed as inhibition constant by MST assay;B;;;BAO_0000192;BAO_0000357;single protein format;O=C1CCC(N2C(=O)c3ccccc3C2=O)C(=O)N1;;;CHEMBL5576087;Bioorg Med Chem Lett;2024;{'bei': '19.63', 'le': '0.36', 'lle': '4.98', 'sei': '6.07'};CHEMBL468;THALIDOMIDE;CHEMBL468;5.07;1;http://www.openphacts.org/units/Nanomolar;4088980;=;1;1;=;;Ki;nM;;8550.0;CHEMBL3763008;Homo sapiens;Protein cereblon;9606;;;Ki;uM;UO_0000065;;8.55;False
{'action_type': 'BINDING AGENT', 'description': 'Binds to a substance such as a cell surface antigen, targeting a drug to that location, but not necessarily affecting the functioning of the substance itself', 'parent_type': 'OTHER'};;26009933;[];CHEMBL5577336;Binding affinity to human CRBN TBD (319 to 425 residues) assessed as inhibition constant by MST assay;B;;;BAO_0000192;BAO_0000357;single protein format;O=C1CCC(N2C(=O)c3c(F)c(F)c(F)c(F)c3C2=O)C(=O)N1;;;CHEMBL5576087;Bioorg Med Chem Lett;2024;{'bei': '15.80', 'le': '0.31', 'lle': '4.58', 'sei': '6.24'};CHEMBL11440;;CHEMBL11440;5.22;0;http://www.openphacts.org/units/Nanomolar;4088981;=;1;1;=;;Ki;nM;;6080.0;CHEMBL3763008;Homo sapiens;Protein cereblon;9606;;;Ki;uM;UO_0000065;;6.08;False
{'action_type': 'BINDING AGENT', 'description': 'Binds to a substance such as a cell surface antigen, targeting a drug to that location, but not necessarily affecting the functioning of the substance itself', 'parent_type': 'OTHER'};;26009936;[];CHEMBL5577336;Binding affinity to human CRBN TBD (319 to 425 residues) assessed as inhibition constant by MST assay;B;;;BAO_0000192;BAO_0000357;single protein format;O=C1CCC(NC(=O)c2ccccc2)C(=O)N1;;;CHEMBL5576087;Bioorg Med Chem Lett;2024;{'bei': '18.10', 'le': '0.34', 'lle': '3.98', 'sei': '5.58'};CHEMBL1594734;;CHEMBL1594734;4.20;1;http://www.openphacts.org/units/Nanomolar;4088984;=;1;1;=;;Ki;nM;;62600.0;CHEMBL3763008;Homo sapiens;Protein cereblon;9606;;;Ki;uM;UO_0000065;;62.6;False
{'action_type': 'BINDING AGENT', 'description': 'Binds to a substance such as a cell surface antigen, targeting a drug to that location, but not necessarily affecting the functioning of the substance itself', 'parent_type': 'OTHER'};;26009937;[];CHEMBL5577336;Binding affinity to human CRBN TBD (319 to 425 residues) assessed as inhibition constant by MST assay;B;;;BAO_0000192;BAO_0000357;single protein format;O=C1CCC(NC(=O)c2cc(F)c(F)c(F)c2F)C(=O)N1;;;CHEMBL5576087;Bioorg Med Chem Lett;2024;{'bei': '14.85', 'le': '0.29', 'lle': '3.74', 'sei': '6.00'};CHEMBL5437759;;CHEMBL5437759;4.52;1;http://www.openphacts.org/units/Nanomolar;4088985;=;1;1;=;;Ki;nM;;30400.0;CHEMBL3763008;Homo sapiens;Protein cereblon;9606;;;Ki;uM;UO_0000065;;30.4;False
{'action_type': 'BINDING AGENT', 'description': 'Binds to a substance such as a cell surface antigen, targeting a drug to that location, but not necessarily affecting the functioning of the substance itself', 'parent_type': 'OTHER'};;26016801;[{'comments': None, 'relation': '=', 'result_flag': 0, 'standard_relation': '=', 'standard_text_value': None, 'standard_type': 'TIME', 'standard_units': 'hr', 'standard_value': '3.0', 'text_value': None, 'type': 'TIME', 'units': 'hrs', 'value': '3.0'}];CHEMBL5579174;Binding affinity to GST-tagged wild-type human CRBN incubated for 3 hrs by TR-FRET assay;B;;;BAO_0000192;BAO_0000357;single protein format;CN1Cc2cc3c(cc2C1)C(=O)N(C1CCC(=O)NC1=O)C3;;;CHEMBL5576143;J Med Chem;2024;{'bei': '18.60', 'le': '0.35', 'lle': '5.18', 'sei': '7.99'};CHEMBL5590084;;CHEMBL5590084;5.57;0;http://www.openphacts.org/units/Nanomolar;4090249;=;1;1;=;;Ki;nM;;2700.0;CHEMBL3763008;Homo sapiens;Protein cereblon;9606;;;Ki;uM;UO_0000065;;2.7;False
{'action_type': 'BINDING AGENT', 'description': 'Binds to a substance such as a cell surface antigen, targeting a drug to that location, but not necessarily affecting the functioning of the substance itself', 'parent_type': 'OTHER'};;26016802;[{'comments': None, 'relation': '=', 'result_flag': 0, 'standard_relation': '=', 'standard_text_value': None, 'standard_type': 'TIME', 'standard_units': 'hr', 'standard_value': '3.0', 'text_value': None, 'type': 'TIME', 'units': 'hrs', 'value': '3.0'}];CHEMBL5579174;Binding affinity to GST-tagged wild-type human CRBN incubated for 3 hrs by TR-FRET assay;B;;;BAO_0000192;BAO_0000357;single protein format;CN1Cc2cc3c(cc2C1)C(=O)N(C1CCC(=O)NC1=O)C3=O;;;CHEMBL5576143;J Med Chem;2024;{'bei': '18.68', 'le': '0.35', 'lle': '5.82', 'sei': '6.74'};CHEMBL5423392;;CHEMBL5423392;5.85;1;http://www.openphacts.org/units/Nanomolar;4090250;=;1;1;=;;Ki;nM;;1400.0;CHEMBL3763008;Homo sapiens;Protein cereblon;9606;;;Ki;uM;UO_0000065;;1.4;False
{'action_type': 'BINDING AGENT', 'description': 'Binds to a substance such as a cell surface antigen, targeting a drug to that location, but not necessarily affecting the functioning of the substance itself', 'parent_type': 'OTHER'};;26016803;[{'comments': None, 'relation': '=', 'result_flag': 0, 'standard_relation': '=', 'standard_text_value': None, 'standard_type': 'TIME', 'standard_units': 'hr', 'standard_value': '3.0', 'text_value': None, 'type': 'TIME', 'units': 'hrs', 'value': '3.0'}];CHEMBL5579174;Binding affinity to GST-tagged wild-type human CRBN incubated for 3 hrs by TR-FRET assay;B;;;BAO_0000192;BAO_0000357;single protein format;Nc1cccc2c1CN(C1CCC(=O)NC1=O)C2=O;;;CHEMBL5576143;J Med Chem;2024;{'bei': '23.52', 'le': '0.44', 'lle': '6.07', 'sei': '6.59'};CHEMBL848;LENALIDOMIDE;CHEMBL848;6.10;0;http://www.openphacts.org/units/Nanomolar;4090251;=;1;1;=;;Ki;nM;;800.0;CHEMBL3763008;Homo sapiens;Protein cereblon;9606;;;Ki;uM;UO_0000065;;0.8;False
{'action_type': 'BINDING AGENT', 'description': 'Binds to a substance such as a cell surface antigen, targeting a drug to that location, but not necessarily affecting the functioning of the substance itself', 'parent_type': 'OTHER'};;26016804;[{'comments': None, 'relation': '=', 'result_flag': 0, 'standard_relation': '=', 'standard_text_value': None, 'standard_type': 'TIME', 'standard_units': 'hr', 'standard_value': '3.0', 'text_value': None, 'type': 'TIME', 'units': 'hrs', 'value': '3.0'}];CHEMBL5579174;Binding affinity to GST-tagged wild-type human CRBN incubated for 3 hrs by TR-FRET assay;B;;;BAO_0000192;BAO_0000357;single protein format;O=C1CCC(N2C(=O)c3ccccc3C2=O)C(=O)N1;;;CHEMBL5576143;J Med Chem;2024;{'bei': '22.25', 'le': '0.41', 'lle': '5.65', 'sei': '6.88'};CHEMBL468;THALIDOMIDE;CHEMBL468;5.75;1;http://www.openphacts.org/units/Nanomolar;4090252;=;1;1;=;;Ki;nM;;1800.0;CHEMBL3763008;Homo sapiens;Protein cereblon;9606;;;Ki;uM;UO_0000065;;1.8;False
;1232014;28873508;[];CHEMBL5738796;TBD: TBD;B;;;BAO_0000192;BAO_0000357;single protein format;Nc1cccc2c1CN(C1CCC(=O)NC1=O)C2=O;;;CHEMBL5729492;;2022;{'bei': '22.47', 'le': '0.42', 'lle': '5.80', 'sei': '6.30'};CHEMBL848;LENALIDOMIDE;CHEMBL848;5.83;1;http://www.openphacts.org/units/Nanomolar;4613196;=;37;1;=;;Ki;nM;;1490.0;CHEMBL3763008;Homo sapiens;Protein cereblon;9606;;;Ki;nM;UO_0000065;;1490.0;False
;1232016;28873514;[];CHEMBL5738796;TBD: TBD;B;;;BAO_0000192;BAO_0000357;single protein format;O=C1CCC(N2Cc3c(NC(=O)CNc4ccnc(Nc5ccccc5F)n4)cccc3C2=O)C(=O)N1;;;CHEMBL5729492;;2022;{'bei': '10.07', 'le': '0.19', 'lle': '2.90', 'sei': '3.49'};CHEMBL5781025;;CHEMBL5781025;5.07;0;http://www.openphacts.org/units/Nanomolar;4613197;=;37;1;=;;Ki;nM;;8500.0;CHEMBL3763008;Homo sapiens;Protein cereblon;9606;;;Ki;nM;UO_0000065;;8500.0;False
;1232018;28873520;[];CHEMBL5738796;TBD: TBD;B;;;BAO_0000192;BAO_0000357;single protein format;O=C1CCC(N2Cc3c(NC(=O)CNc4ccnc(Nc5ccc6c(c5)CCC6)n4)cccc3C2=O)C(=O)N1;;;CHEMBL5729492;;2022;{'bei': '9.26', 'le': '0.17', 'lle': '2.35', 'sei': '3.35'};CHEMBL5916236;;CHEMBL5916236;4.87;0;http://www.openphacts.org/units/Nanomolar;4613198;=;37;1;=;;Ki;nM;;13600.0;CHEMBL3763008;Homo sapiens;Protein cereblon;9606;;;Ki;nM;UO_0000065;;13600.0;False
;1232020;28873526;[];CHEMBL5738796;TBD: TBD;B;;;BAO_0000192;BAO_0000357;single protein format;O=C1CCC(N2Cc3c(NC(=O)CNc4ccnc(NCc5ccc6c(c5)OCO6)n4)cccc3C2=O)C(=O)N1;;;CHEMBL5729492;;2022;{'bei': '8.95', 'le': '0.17', 'lle': '3.24', 'sei': '2.97'};CHEMBL5742761;;CHEMBL5742761;4.87;0;http://www.openphacts.org/units/Nanomolar;4613199;=;37;1;=;;Ki;nM;;13600.0;CHEMBL3763008;Homo sapiens;Protein cereblon;9606;;;Ki;nM;UO_0000065;;13600.0;False
;1232022;28873532;[];CHEMBL5738796;TBD: TBD;B;;;BAO_0000192;BAO_0000357;single protein format;O=C1CCC(N2Cc3c(NC(=O)CNc4ccnc(N5CCC[C@H]5CO)n4)cccc3C2=O)C(=O)N1;;;CHEMBL5729492;;2022;{'bei': '11.39', 'le': '0.21', 'lle': '5.37', 'sei': '3.58'};CHEMBL5977237;;CHEMBL5977237;5.62;0;http://www.openphacts.org/units/Nanomolar;4613200;=;37;1;=;;Ki;nM;;2400.0;CHEMBL3763008;Homo sapiens;Protein cereblon;9606;;;Ki;nM;UO_0000065;;2400.0;False
;1232024;28873538;[];CHEMBL5738796;TBD: TBD;B;;;BAO_0000192;BAO_0000357;single protein format;O=C1CCC(N2Cc3c(NC(=O)CNc4ccnc(Nc5ccc6c(c5)OCO6)n4)cccc3C2=O)C(=O)N1;;;CHEMBL5729492;;2022;{'bei': '9.28', 'le': '0.17', 'lle': '3.15', 'sei': '3.00'};CHEMBL5752790;;CHEMBL5752790;4.91;0;http://www.openphacts.org/units/Nanomolar;4613201;=;37;1;=;;Ki;nM;;12200.0;CHEMBL3763008;Homo sapiens;Protein cereblon;9606;;;Ki;nM;UO_0000065;;12200.0;False
;1232026;28873544;[];CHEMBL5738796;TBD: TBD;B;;;BAO_0000192;BAO_0000357;single protein format;O=C1CCC(N2Cc3c(NC(=O)CNc4ccnc(NCCCN5CCCC5=O)n4)cccc3C2=O)C(=O)N1;;;CHEMBL5729492;;2022;{'bei': '9.70', 'le': '0.18', 'lle': '4.48', 'sei': '3.13'};CHEMBL5742588;;CHEMBL5742588;5.19;0;http://www.openphacts.org/units/Nanomolar;4613202;=;37;1;=;;Ki;nM;;6500.0;CHEMBL3763008;Homo sapiens;Protein cereblon;9606;;;Ki;nM;UO_0000065;;6500.0;False
;1232028;28873550;[];CHEMBL5738796;TBD: TBD;B;;;BAO_0000192;BAO_0000357;single protein format;COc1ccc(Nc2nccc(NCC(=O)Nc3cccc4c3CN(C3CCC(=O)NC3=O)C4=O)n2)cc1;;;CHEMBL5729492;;2022;{'bei': '9.61', 'le': '0.18', 'lle': '2.91', 'sei': '3.20'};CHEMBL5747403;;CHEMBL5747403;4.96;0;http://www.openphacts.org/units/Nanomolar;4613203;=;37;1;=;;Ki;nM;;11100.0;CHEMBL3763008;Homo sapiens;Protein cereblon;9606;;;Ki;nM;UO_0000065;;11100.0;False
;1232030;28873556;[];CHEMBL5738796;TBD: TBD;B;;;BAO_0000192;BAO_0000357;single protein format;COc1cccc(-c2nccc(NCC(=O)Nc3cccc4c3CN(C3CCC(=O)NC3=O)C4=O)n2)c1;;;CHEMBL5729492;;2022;{'bei': '10.39', 'le': '0.19', 'lle': '3.24', 'sei': '3.65'};CHEMBL6001497;;CHEMBL6001497;5.20;0;http://www.openphacts.org/units/Nanomolar;4613204;=;37;1;=;;Ki;nM;;6300.0;CHEMBL3763008;Homo sapiens;Protein cereblon;9606;;;Ki;nM;UO_0000065;;6300.0;False
;1232032;28873562;[];CHEMBL5738796;TBD: TBD;B;;;BAO_0000192;BAO_0000357;single protein format;COc1ccc(OC)c(-c2nccc(NCC(=O)Nc3cccc4c3CN(C3CCC(=O)NC3=O)C4=O)n2)c1;;;CHEMBL5729492;;2022;{'bei': '9.93', 'le': '0.18', 'lle': '3.30', 'sei': '3.47'};CHEMBL5880887;;CHEMBL5880887;5.27;0;http://www.openphacts.org/units/Nanomolar;4613205;=;37;1;=;;Ki;nM;;5400.0;CHEMBL3763008;Homo sapiens;Protein cereblon;9606;;;Ki;nM;UO_0000065;;5400.0;False
;1232034;28873568;[];CHEMBL5738796;TBD: TBD;B;;;BAO_0000192;BAO_0000357;single protein format;O=C1CCC(N2Cc3c(NC(=O)CNc4ccnc(-c5ccc(F)cc5)n4)cccc3C2=O)C(=O)N1;;;CHEMBL5729492;;2022;{'bei': '11.01', 'le': '0.20', 'lle': '3.29', 'sei': '4.03'};CHEMBL5944959;;CHEMBL5944959;5.38;0;http://www.openphacts.org/units/Nanomolar;4613206;=;37;1;=;;Ki;nM;;4200.0;CHEMBL3763008;Homo sapiens;Protein cereblon;9606;;;Ki;nM;UO_0000065;;4200.0;False
;1232036;28873574;[];CHEMBL5738796;TBD: TBD;B;;;BAO_0000192;BAO_0000357;single protein format;CC(=O)c1ccc(-c2nccc(NCC(=O)Nc3cccc4c3CN(C3CCC(=O)NC3=O)C4=O)n2)cc1;;;CHEMBL5729492;;2022;{'bei': '10.55', 'le': '0.19', 'lle': '3.25', 'sei': '3.59'};CHEMBL5885092;;CHEMBL5885092;5.41;0;http://www.openphacts.org/units/Nanomolar;4613207;=;37;1;=;;Ki;nM;;3900.0;CHEMBL3763008;Homo sapiens;Protein cereblon;9606;;;Ki;nM;UO_0000065;;3900.0;False
;1232038;28873580;[];CHEMBL5738796;TBD: TBD;B;;;BAO_0000192;BAO_0000357;single protein format;O=C1CCC(N2Cc3c(NC(=O)CNc4ccnc(-c5cc6ccccc6o5)n4)cccc3C2=O)C(=O)N1;;;CHEMBL5729492;;2022;{'bei': '9.95', 'le': '0.18', 'lle': '2.38', 'sei': '3.47'};CHEMBL6031802;;CHEMBL6031802;5.08;0;http://www.openphacts.org/units/Nanomolar;4613208;=;37;1;=;;Ki;nM;;8300.0;CHEMBL3763008;Homo sapiens;Protein cereblon;9606;;;Ki;nM;UO_0000065;;8300.0;False
;1232040;28873586;[];CHEMBL5738796;TBD: TBD;B;;;BAO_0000192;BAO_0000357;single protein format;O=C1CCC(N2Cc3c(NC(=O)CNc4ccnc(N5CCC[C@@H]5CO)n4)cccc3C2=O)C(=O)N1;;;CHEMBL5729492;;2022;{'bei': '12.88', 'le': '0.24', 'lle': '6.11', 'sei': '4.05'};CHEMBL4635421;;CHEMBL4635421;6.36;1;http://www.openphacts.org/units/Nanomolar;4613209;=;37;1;=;;Ki;nM;;440.0;CHEMBL3763008;Homo sapiens;Protein cereblon;9606;;;Ki;nM;UO_0000065;;440.0;False
;1232042;28873592;[];CHEMBL5738796;TBD: TBD;B;;;BAO_0000192;BAO_0000357;single protein format;COc1ccccc1Nc1nccc(NCC(=O)Nc2cccc3c2CN(C2CCC(=O)NC2=O)C3=O)n1;;;CHEMBL5729492;;2022;{'bei': '10.41', 'le': '0.19', 'lle': '3.33', 'sei': '3.47'};CHEMBL6052125;;CHEMBL6052125;5.37;0;http://www.openphacts.org/units/Nanomolar;4613210;=;37;1;=;;Ki;nM;;4300.0;CHEMBL3763008;Homo sapiens;Protein cereblon;9606;;;Ki;nM;UO_0000065;;4300.0;False
;1232044;28873598;[];CHEMBL5738796;TBD: TBD;B;;;BAO_0000192;BAO_0000357;single protein format;O=C1CCC(N2Cc3c(NC(=O)CNc4ccnc(N5CCN(c6cccc(C(F)(F)F)c6)CC5)n4)cccc3C2=O)C(=O)N1;;;CHEMBL5729492;;2022;{'bei': '11.06', 'le': '0.21', 'lle': '4.26', 'sei': '4.92'};CHEMBL4648907;;CHEMBL4648907;6.89;1;http://www.openphacts.org/units/Nanomolar;4613211;=;37;1;=;;Ki;nM;;130.0;CHEMBL3763008;Homo sapiens;Protein cereblon;9606;;;Ki;nM;UO_0000065;;130.0;False
;1232046;28873604;[];CHEMBL5738796;TBD: TBD;B;;;BAO_0000192;BAO_0000357;single protein format;CN(c1ccccc1)c1nccc(NCC(=O)Nc2cccc3c2CN(C2CCC(=O)NC2=O)C3=O)n1;;;CHEMBL5729492;;2022;{'bei': '12.04', 'le': '0.22', 'lle': '3.95', 'sei': '4.40'};CHEMBL4645406;;CHEMBL4645406;6.01;1;http://www.openphacts.org/units/Nanomolar;4613212;=;37;1;=;;Ki;nM;;970.0;CHEMBL3763008;Homo sapiens;Protein cereblon;9606;;;Ki;nM;UO_0000065;;970.0;False
