pdb_id	protein_url	ligand_file	source
1g5m	https://files.rcsb.org/download/1G5M.pdb	BCL2_Ki_WT_ChEMBL.csv	ChEMBL API snapshot (local copy; not a live query)
2v5z	https://files.rcsb.org/download/2V5Z.pdb	MAO-B_Ki_WT_ChEMBL.csv	ChEMBL API snapshot (local copy; not a live query)
3eyg	https://files.rcsb.org/download/3EYG.pdb	JAK1_Ki_WT_ChEMBL.csv	ChEMBL API snapshot (local copy; not a live query)
3jy9	https://files.rcsb.org/download/3JY9.pdb	JAK2_Ki_WT_ChEMBL.csv	ChEMBL API snapshot (local copy; not a live query)
3lxk	https://files.rcsb.org/download/3LXK.pdb	JAK3_Ki_WT_ChEMBL.csv	ChEMBL API snapshot (local copy; not a live query)
11ue	https://files.rcsb.org/download/11UE.pdb	PDGFRB_Ki_WT_ChEMBL.csv	ChEMBL API snapshot (local copy; not a live query)
4ase	https://files.rcsb.org/download/4ASE.pdb	VEGFR2_Ki_WT_ChEMBL.csv	ChEMBL API snapshot (local copy; not a live query)
4f65	https://files.rcsb.org/download/4F65.pdb	FGFR1_Ki_WT_ChEMBL.csv	ChEMBL API snapshot (local copy; not a live query)
4tz4	https://files.rcsb.org/download/4TZ4.pdb	CRBN_Ki_WT_ChEMBL.csv	ChEMBL API snapshot (local copy; not a live query)
4zau	https://files.rcsb.org/download/4ZAU.pdb	EGFR_Ki_WT_curated.csv	ChEMBL API snapshot (local copy; not a live query)
5jkv	https://files.rcsb.org/download/5JKV.pdb	CYP19A1_Aromatase_Ki_WT_ChEMBL.csv	ChEMBL API snapshot (local copy; not a live query)
5mo4	https://files.rcsb.org/download/5MO4.pdb	ABL1_BCR-ABL_Ki_WT_ChEMBL.csv	ChEMBL API snapshot (local copy; not a live query)
6gqj	https://files.rcsb.org/download/6GQJ.pdb	KIT_Ki_WT_curated.csv	ChEMBL API snapshot (local copy; not a live query)
6jok	https://files.rcsb.org/download/6JOK.pdb	PDGFRA_Ki_WT_curated.csv	ChEMBL API snapshot (local copy; not a live query)
5lf3	https://files.rcsb.org/download/5LF3.pdb	PSMB5_Ki_WT_ChEMBL.csv	ChEMBL API snapshot (local copy; not a live query)
7kk3	https://files.rcsb.org/download/7KK3.pdb	PARP1_Ki_WT_ChEMBL.csv	ChEMBL API snapshot (local copy; not a live query)
