ligand_id,canonical_smiles,assay_chembl_id,standard_value,value,action_type,activity_comment,activity_id,activity_properties,assay_description,assay_type,assay_variant_accession,assay_variant_mutation,bao_endpoint,bao_format,bao_label,data_validity_comment,data_validity_description,document_chembl_id,document_journal,document_year,ligand_efficiency,molecule_chembl_id,molecule_pref_name,parent_molecule_chembl_id,pchembl_value,potential_duplicate,qudt_units,record_id,relation,src_id,standard_flag,standard_relation,standard_text_value,standard_type,standard_units,standard_upper_value,target_chembl_id,target_organism,target_pref_name,target_tax_id,text_value,toid,type,units,uo_units,upper_value,is_mutant,pKi,pValue,is_active,activity_class
ligand_0001,CC(=O)NC(N)=O,CHEMBL5340015,522000.0,522.0,"{'action_type': 'INHIBITOR', 'description': 'Negatively effects (inhibits) the normal functioning of the protein e.g., prevention of enzymatic reaction or activation of downstream pathway', 'parent_type': 'NEGATIVE MODULATOR'}",,25528463,[],Binding affinity to CRBN (unknown origin) assessed as inhibition constant by FRET assay,B,,,BAO_0000192,BAO_0000357,single protein format,,,CHEMBL5338729,J Med Chem,2023,"{'bei': '32.15', 'le': '0.64', 'lle': '4.08', 'sei': '4.55'}",CHEMBL5399028,,CHEMBL5399028,3.28,0,http://www.openphacts.org/units/Nanomolar,3972874,=,1,1,=,,Ki,nM,,CHEMBL3763008,Homo sapiens,Protein cereblon,9606,,,Ki,uM,UO_0000065,,False,3.282329496997738,3.282329496997738,False,low
ligand_0002,CC(=O)Nc1ccc(SCC2CCC(=O)NC2=O)cc1,CHEMBL5355404,3000.0,3.0,"{'action_type': 'BINDING AGENT', 'description': 'Binds to a substance such as a cell surface antigen, targeting a drug to that location, but not necessarily affecting the functioning of the substance itself', 'parent_type': 'OTHER'}",,25589454,[],Binding affinity to human CRBN thalidomide binding domain assessed as inhibition constant by microscale thermophoresis analysis,B,,,BAO_0000192,BAO_0000357,single protein format,,,CHEMBL5352463,Eur J Med Chem,2023,"{'bei': '18.89', 'le': '0.38', 'lle': '3.73', 'sei': '7.34'}",CHEMBL5419709,,CHEMBL5419709,5.52,0,http://www.openphacts.org/units/Nanomolar,3984128,=,1,1,=,,Ki,nM,,CHEMBL3763008,Homo sapiens,Protein cereblon,9606,,,Ki,uM,UO_0000065,,False,5.522878745280337,5.522878745280337,False,low
ligand_0003,CC(=O)Nc1cccc(SCC2CCC(=O)NC2=O)c1,CHEMBL5355404,3300.0,3.3,"{'action_type': 'BINDING AGENT', 'description': 'Binds to a substance such as a cell surface antigen, targeting a drug to that location, but not necessarily affecting the functioning of the substance itself', 'parent_type': 'OTHER'}",,25589453,[],Binding affinity to human CRBN thalidomide binding domain assessed as inhibition constant by microscale thermophoresis analysis,B,,,BAO_0000192,BAO_0000357,single protein format,,,CHEMBL5352463,Eur J Med Chem,2023,"{'bei': '18.75', 'le': '0.37', 'lle': '3.69', 'sei': '7.28'}",CHEMBL5434742,,CHEMBL5434742,5.48,0,http://www.openphacts.org/units/Nanomolar,3984127,=,1,1,=,,Ki,nM,,CHEMBL3763008,Homo sapiens,Protein cereblon,9606,,,Ki,uM,UO_0000065,,False,5.481486060122112,5.481486060122112,False,low
ligand_0004,CC(=O)Nc1ccccc1SCC1CCC(=O)NC1=O,CHEMBL5355404,3000.0,3.0,"{'action_type': 'BINDING AGENT', 'description': 'Binds to a substance such as a cell surface antigen, targeting a drug to that location, but not necessarily affecting the functioning of the substance itself', 'parent_type': 'OTHER'}",,25589452,[],Binding affinity to human CRBN thalidomide binding domain assessed as inhibition constant by microscale thermophoresis analysis,B,,,BAO_0000192,BAO_0000357,single protein format,,,CHEMBL5352463,Eur J Med Chem,2023,"{'bei': '18.89', 'le': '0.38', 'lle': '3.73', 'sei': '7.34'}",CHEMBL5436622,,CHEMBL5436622,5.52,0,http://www.openphacts.org/units/Nanomolar,3984126,=,1,1,=,,Ki,nM,,CHEMBL3763008,Homo sapiens,Protein cereblon,9606,,,Ki,uM,UO_0000065,,False,5.522878745280337,5.522878745280337,False,low
ligand_0005,CC(=O)Nc1sccc1C(=O)NC1CCC(=O)NC1=O,CHEMBL5374908,65000.0,65.0,"{'action_type': 'BINDING AGENT', 'description': 'Binds to a substance such as a cell surface antigen, targeting a drug to that location, but not necessarily affecting the functioning of the substance itself', 'parent_type': 'OTHER'}",,25665491,[],Binding affinity to human CRBN TBD assessed as inhibition constant using BODIPY-uracil as substrate by MST assay,B,,,BAO_0000192,BAO_0000357,single protein format,,,CHEMBL5370657,J Med Chem,2023,"{'bei': '14.18', 'le': '0.29', 'lle': '3.95', 'sei': '4.01'}",CHEMBL5420119,,CHEMBL5420119,4.19,0,http://www.openphacts.org/units/Nanomolar,3999253,=,1,1,=,,Ki,nM,,CHEMBL3763008,Homo sapiens,Protein cereblon,9606,,,Ki,uM,UO_0000065,,False,4.187086643357144,4.187086643357144,False,low
ligand_0006,CC(=O)c1ccc(-c2nccc(NCC(=O)Nc3cccc4c3CN(C3CCC(=O)NC3=O)C4=O)n2)cc1,CHEMBL5738796,3900.0,3900.0,,1232036.0,28873574,[],TBD: TBD,B,,,BAO_0000192,BAO_0000357,single protein format,,,CHEMBL5729492,,2022,"{'bei': '10.55', 'le': '0.19', 'lle': '3.25', 'sei': '3.59'}",CHEMBL5885092,,CHEMBL5885092,5.41,0,http://www.openphacts.org/units/Nanomolar,4613207,=,37,1,=,,Ki,nM,,CHEMBL3763008,Homo sapiens,Protein cereblon,9606,,,Ki,nM,UO_0000065,,False,5.4089353929735005,5.4089353929735005,False,low
ligand_0007,CC(C)(C)C1=NOC2(CCC(=O)NC2=O)C1,CHEMBL5524487,77400.0,77.4,"{'action_type': 'BINDING AGENT', 'description': 'Binds to a substance such as a cell surface antigen, targeting a drug to that location, but not necessarily affecting the functioning of the substance itself', 'parent_type': 'OTHER'}",,25908408,[],Binding affinity to human CRBN TBD assessed as inhibition constant using BODIPY-uracil as substrate by Microscale thermophoresis assay,B,,,BAO_0000192,BAO_0000357,single protein format,,,CHEMBL5523700,Eur J Med Chem,2024,"{'bei': '18.33', 'le': '0.35', 'lle': '3.13', 'sei': '6.07'}",CHEMBL5560360,,CHEMBL5560360,4.11,0,http://www.openphacts.org/units/Nanomolar,4069162,=,1,1,=,,Ki,nM,,CHEMBL3763008,Homo sapiens,Protein cereblon,9606,,,Ki,uM,UO_0000065,,False,4.111259039317107,4.111259039317107,False,low
ligand_0008,CC1CC(=O)NC(=O)C1,CHEMBL5524487,70700.0,70.7,"{'action_type': 'BINDING AGENT', 'description': 'Binds to a substance such as a cell surface antigen, targeting a drug to that location, but not necessarily affecting the functioning of the substance itself', 'parent_type': 'OTHER'}",,25908412,[],Binding affinity to human CRBN TBD assessed as inhibition constant using BODIPY-uracil as substrate by Microscale thermophoresis assay,B,,,BAO_0000192,BAO_0000357,single protein format,,,CHEMBL5523700,Eur J Med Chem,2024,"{'bei': '32.65', 'le': '0.63', 'lle': '4.09', 'sei': '8.99'}",CHEMBL5562478,,CHEMBL5562478,4.15,0,http://www.openphacts.org/units/Nanomolar,4069166,=,1,1,=,,Ki,nM,,CHEMBL3763008,Homo sapiens,Protein cereblon,9606,,,Ki,uM,UO_0000065,,False,4.150580586203101,4.150580586203101,False,low
ligand_0009,CCC(CC)C1=NOC2(CCC(=O)NC2=O)C1,CHEMBL5524487,80900.0,80.9,"{'action_type': 'BINDING AGENT', 'description': 'Binds to a substance such as a cell surface antigen, targeting a drug to that location, but not necessarily affecting the functioning of the substance itself', 'parent_type': 'OTHER'}",,25908409,[],Binding affinity to human CRBN TBD assessed as inhibition constant using BODIPY-uracil as substrate by Microscale thermophoresis assay,B,,,BAO_0000192,BAO_0000357,single protein format,,,CHEMBL5523700,Eur J Med Chem,2024,"{'bei': '17.17', 'le': '0.33', 'lle': '2.72', 'sei': '6.04'}",CHEMBL5565416,,CHEMBL5565416,4.09,0,http://www.openphacts.org/units/Nanomolar,4069163,=,1,1,=,,Ki,nM,,CHEMBL3763008,Homo sapiens,Protein cereblon,9606,,,Ki,uM,UO_0000065,,False,4.092051478387727,4.092051478387727,False,low
ligand_0010,CCCC1=NOC2(CCC(=O)NC2=O)C1,CHEMBL5524487,41600.0,41.6,"{'action_type': 'BINDING AGENT', 'description': 'Binds to a substance such as a cell surface antigen, targeting a drug to that location, but not necessarily affecting the functioning of the substance itself', 'parent_type': 'OTHER'}",,25908407,[],Binding affinity to human CRBN TBD assessed as inhibition constant using BODIPY-uracil as substrate by Microscale thermophoresis assay,B,,,BAO_0000192,BAO_0000357,single protein format,,,CHEMBL5523700,Eur J Med Chem,2024,"{'bei': '20.84', 'le': '0.40', 'lle': '3.64', 'sei': '6.47'}",CHEMBL5557543,,CHEMBL5557543,4.38,0,http://www.openphacts.org/units/Nanomolar,4069161,=,1,1,=,,Ki,nM,,CHEMBL3763008,Homo sapiens,Protein cereblon,9606,,,Ki,uM,UO_0000065,,False,4.380906669373258,4.380906669373258,False,low
ligand_0011,CCCCNC(=O)CNc1ccc(C(=O)NC2CCC(=O)NC2=O)c(F)c1,CHEMBL5374908,25000.0,25.0,"{'action_type': 'BINDING AGENT', 'description': 'Binds to a substance such as a cell surface antigen, targeting a drug to that location, but not necessarily affecting the functioning of the substance itself', 'parent_type': 'OTHER'}",,25665482,[],Binding affinity to human CRBN TBD assessed as inhibition constant using BODIPY-uracil as substrate by MST assay,B,,,BAO_0000192,BAO_0000357,single protein format,,,CHEMBL5370657,J Med Chem,2023,"{'bei': '12.16', 'le': '0.23', 'lle': '3.91', 'sei': '3.95'}",CHEMBL5430307,,CHEMBL5430307,4.6,0,http://www.openphacts.org/units/Nanomolar,3999274,=,1,1,=,,Ki,nM,,CHEMBL3763008,Homo sapiens,Protein cereblon,9606,,,Ki,uM,UO_0000065,,False,4.6020599913279625,4.6020599913279625,False,low
ligand_0012,CCCCNc1c(F)cc(C(=O)NC2CCC(=O)NC2=O)c(F)c1OC,CHEMBL5374908,35000.0,35.0,"{'action_type': 'BINDING AGENT', 'description': 'Binds to a substance such as a cell surface antigen, targeting a drug to that location, but not necessarily affecting the functioning of the substance itself', 'parent_type': 'OTHER'}",,25665485,[],Binding affinity to human CRBN TBD assessed as inhibition constant using BODIPY-uracil as substrate by MST assay,B,,,BAO_0000192,BAO_0000357,single protein format,,,CHEMBL5370657,J Med Chem,2023,"{'bei': '12.06', 'le': '0.23', 'lle': '2.74', 'sei': '4.62'}",CHEMBL5435181,,CHEMBL5435181,4.46,0,http://www.openphacts.org/units/Nanomolar,3999277,=,1,1,=,,Ki,nM,,CHEMBL3763008,Homo sapiens,Protein cereblon,9606,,,Ki,uM,UO_0000065,,False,4.455931955649724,4.455931955649724,False,low
ligand_0013,CCCCNc1ccc(C(=O)NC2CCC(=O)NC2=O)c(F)c1,CHEMBL5374908,29000.0,29.0,"{'action_type': 'BINDING AGENT', 'description': 'Binds to a substance such as a cell surface antigen, targeting a drug to that location, but not necessarily affecting the functioning of the substance itself', 'parent_type': 'OTHER'}",,25665481,[],Binding affinity to human CRBN TBD assessed as inhibition constant using BODIPY-uracil as substrate by MST assay,B,,,BAO_0000192,BAO_0000357,single protein format,,,CHEMBL5370657,J Med Chem,2023,"{'bei': '14.12', 'le': '0.27', 'lle': '2.97', 'sei': '5.20'}",CHEMBL5416921,,CHEMBL5416921,4.54,0,http://www.openphacts.org/units/Nanomolar,3999273,=,1,1,=,,Ki,nM,,CHEMBL3763008,Homo sapiens,Protein cereblon,9606,,,Ki,uM,UO_0000065,,False,4.537602002101044,4.537602002101044,False,low
ligand_0014,CCCCNc1ccc2c(=O)n(C3CCC(=O)NC3=O)nnc2c1,CHEMBL5374908,3900.0,3.9,"{'action_type': 'BINDING AGENT', 'description': 'Binds to a substance such as a cell surface antigen, targeting a drug to that location, but not necessarily affecting the functioning of the substance itself', 'parent_type': 'OTHER'}",,25665486,[],Binding affinity to human CRBN TBD assessed as inhibition constant using BODIPY-uracil as substrate by MST assay,B,,,BAO_0000192,BAO_0000357,single protein format,,,CHEMBL5370657,J Med Chem,2023,"{'bei': '16.42', 'le': '0.31', 'lle': '4.43', 'sei': '5.10'}",CHEMBL5414951,,CHEMBL5414951,5.41,0,http://www.openphacts.org/units/Nanomolar,3999278,=,1,1,=,,Ki,nM,,CHEMBL3763008,Homo sapiens,Protein cereblon,9606,,,Ki,uM,UO_0000065,,False,5.4089353929735005,5.4089353929735005,False,low
ligand_0015,CCCCNc1ccc2c(c1)CN(C1CCC(=O)NC1=O)C2=O,CHEMBL5374908,430.0,0.43,"{'action_type': 'BINDING AGENT', 'description': 'Binds to a substance such as a cell surface antigen, targeting a drug to that location, but not necessarily affecting the functioning of the substance itself', 'parent_type': 'OTHER'}",,25665489,[],Binding affinity to human CRBN TBD assessed as inhibition constant using BODIPY-uracil as substrate by MST assay,B,,,BAO_0000192,BAO_0000357,single protein format,,,CHEMBL5370657,J Med Chem,2023,"{'bei': '20.19', 'le': '0.38', 'lle': '4.71', 'sei': '8.11'}",CHEMBL5415637,,CHEMBL5415637,6.37,0,http://www.openphacts.org/units/Nanomolar,3999281,=,1,1,=,,Ki,nM,,CHEMBL3763008,Homo sapiens,Protein cereblon,9606,,,Ki,uM,UO_0000065,,False,6.366531544420413,6.366531544420413,True,medium
ligand_0016,CCCCOc1ccc(C(=O)NC2CCC(=O)NC2=O)c(F)c1,CHEMBL5374908,31000.0,31.0,"{'action_type': 'BINDING AGENT', 'description': 'Binds to a substance such as a cell surface antigen, targeting a drug to that location, but not necessarily affecting the functioning of the substance itself', 'parent_type': 'OTHER'}",,25665483,[],Binding affinity to human CRBN TBD assessed as inhibition constant using BODIPY-uracil as substrate by MST assay,B,,,BAO_0000192,BAO_0000357,single protein format,,,CHEMBL5370657,J Med Chem,2023,"{'bei': '13.99', 'le': '0.27', 'lle': '2.97', 'sei': '5.34'}",CHEMBL5421440,,CHEMBL5421440,4.51,0,http://www.openphacts.org/units/Nanomolar,3999275,=,1,1,=,,Ki,nM,,CHEMBL3763008,Homo sapiens,Protein cereblon,9606,,,Ki,uM,UO_0000065,,False,4.508638306165727,4.508638306165727,False,low
ligand_0017,CCCCOc1ccc(C2CCC(=O)NC2=O)cc1,CHEMBL5374908,3900.0,3.9,"{'action_type': 'BINDING AGENT', 'description': 'Binds to a substance such as a cell surface antigen, targeting a drug to that location, but not necessarily affecting the functioning of the substance itself', 'parent_type': 'OTHER'}",,25665487,[],Binding affinity to human CRBN TBD assessed as inhibition constant using BODIPY-uracil as substrate by MST assay,B,,,BAO_0000192,BAO_0000357,single protein format,,,CHEMBL5370657,J Med Chem,2023,"{'bei': '20.70', 'le': '0.39', 'lle': '3.02', 'sei': '9.76'}",CHEMBL5427990,,CHEMBL5427990,5.41,0,http://www.openphacts.org/units/Nanomolar,3999279,=,1,1,=,,Ki,nM,,CHEMBL3763008,Homo sapiens,Protein cereblon,9606,,,Ki,uM,UO_0000065,,False,5.4089353929735005,5.4089353929735005,False,low
ligand_0018,CN(c1ccccc1)c1nccc(NCC(=O)Nc2cccc3c2CN(C2CCC(=O)NC2=O)C3=O)n1,CHEMBL4618786,970.0,0.97,,,20663272,[],Binding affinity to CBRN (unknown origin) incubated for 60 mins by lenalidomide displacement assay,B,,,BAO_0000192,BAO_0000357,single protein format,,,CHEMBL4616687,ACS Med Chem Lett,2020,"{'bei': '12.04', 'le': '0.22', 'lle': '3.95', 'sei': '4.40'}",CHEMBL4645406,,CHEMBL4645406,6.01,0,http://www.openphacts.org/units/Nanomolar,3479139,=,1,1,=,,Ki,nM,,CHEMBL3763008,Homo sapiens,Protein cereblon,9606,,,Ki,uM,UO_0000065,,False,6.013228265733755,6.013228265733755,True,medium
ligand_0019,CN1CC(=O)NC1=O,CHEMBL4679656,67800.0,67.8,"{'action_type': 'BINDING AGENT', 'description': 'Binds to a substance such as a cell surface antigen, targeting a drug to that location, but not necessarily affecting the functioning of the substance itself', 'parent_type': 'OTHER'}",,22446511,[],Binding affinity to human CRBN-thalidomide binding domain expressed in Escherichia coli by measuring baseline corrected normalized fluorescence by MST based assay,B,,,BAO_0000192,BAO_0000019,assay format,,,CHEMBL4673389,ACS Med Chem Lett,2021,"{'bei': '36.54', 'le': '0.71', 'lle': '5.00', 'sei': '8.44'}",CHEMBL4758352,,CHEMBL4758352,4.17,0,http://www.openphacts.org/units/Nanomolar,3518012,=,1,1,=,,Ki,nM,,CHEMBL3763008,Homo sapiens,Protein cereblon,9606,,,Ki,uM,UO_0000065,,False,4.168770306132937,4.168770306132937,False,low
ligand_0020,CN1CCN(c2cc3c(cc2F)C(=O)N(C2CCC(=O)NC2=O)C3=O)CC1,CHEMBL5367924,4900.0,4.9,"{'action_type': 'DEGRADER', 'description': 'Binds to or antagonizes a receptor, leading to its degradation', 'parent_type': 'NEGATIVE MODULATOR'}",,25639176,[],Binding affinity to CRBN (unknown origin) assessed as inhibition constant,B,,,BAO_0000192,BAO_0000357,single protein format,,,CHEMBL5365467,J Med Chem,2023,"{'bei': '14.18', 'le': '0.27', 'lle': '5.33', 'sei': '5.90'}",CHEMBL5409944,,CHEMBL5409944,5.31,0,http://www.openphacts.org/units/Nanomolar,3994318,=,1,1,=,,Ki,nM,,CHEMBL3763008,Homo sapiens,Protein cereblon,9606,,,Ki,uM,UO_0000065,,False,5.309803919971486,5.309803919971486,False,low
ligand_0021,CN1CCc2cc3c(cc2C1)C(=O)N(C1CCC(=O)NC1=O)C3=O,CHEMBL5367924,6000.0,6.0,"{'action_type': 'DEGRADER', 'description': 'Binds to or antagonizes a receptor, leading to its degradation', 'parent_type': 'NEGATIVE MODULATOR'}",,25639178,[],Binding affinity to CRBN (unknown origin) assessed as inhibition constant,B,,,BAO_0000192,BAO_0000357,single protein format,,,CHEMBL5365467,J Med Chem,2023,"{'bei': '15.95', 'le': '0.30', 'lle': '5.14', 'sei': '6.02'}",CHEMBL5432225,,CHEMBL5432225,5.22,0,http://www.openphacts.org/units/Nanomolar,3994320,=,1,1,=,,Ki,nM,,CHEMBL3763008,Homo sapiens,Protein cereblon,9606,,,Ki,uM,UO_0000065,,False,5.221848749616356,5.221848749616356,False,low
ligand_0022,CN1CCc2cc3c(cc2CC1)C(=O)N(C1CCC(=O)NC1=O)C3=O,CHEMBL5367924,7300.0,7.3,"{'action_type': 'DEGRADER', 'description': 'Binds to or antagonizes a receptor, leading to its degradation', 'parent_type': 'NEGATIVE MODULATOR'}",,25639179,[],Binding affinity to CRBN (unknown origin) assessed as inhibition constant,B,,,BAO_0000192,BAO_0000357,single protein format,,,CHEMBL5365467,J Med Chem,2023,"{'bei': '15.05', 'le': '0.28', 'lle': '5.02', 'sei': '5.92'}",CHEMBL5431079,,CHEMBL5431079,5.14,0,http://www.openphacts.org/units/Nanomolar,3994321,=,1,1,=,,Ki,nM,,CHEMBL3763008,Homo sapiens,Protein cereblon,9606,,,Ki,uM,UO_0000065,,False,5.136677139879544,5.136677139879544,False,low
ligand_0023,CN1Cc2cc3c(cc2C1)C(=O)N(C1CCC(=O)NC1=O)C3,CHEMBL5579174,2700.0,2.7,"{'action_type': 'BINDING AGENT', 'description': 'Binds to a substance such as a cell surface antigen, targeting a drug to that location, but not necessarily affecting the functioning of the substance itself', 'parent_type': 'OTHER'}",,26016801,"[{'comments': None, 'relation': '=', 'result_flag': 0, 'standard_relation': '=', 'standard_text_value': None, 'standard_type': 'TIME', 'standard_units': 'hr', 'standard_value': '3.0', 'text_value': None, 'type': 'TIME', 'units': 'hrs', 'value': '3.0'}]",Binding affinity to GST-tagged wild-type human CRBN incubated for 3 hrs by TR-FRET assay,B,,,BAO_0000192,BAO_0000357,single protein format,,,CHEMBL5576143,J Med Chem,2024,"{'bei': '18.60', 'le': '0.35', 'lle': '5.18', 'sei': '7.99'}",CHEMBL5590084,,CHEMBL5590084,5.57,0,http://www.openphacts.org/units/Nanomolar,4090249,=,1,1,=,,Ki,nM,,CHEMBL3763008,Homo sapiens,Protein cereblon,9606,,,Ki,uM,UO_0000065,,False,5.568636235841012,5.568636235841012,False,low
ligand_0024,CN1Cc2cc3c(cc2C1)C(=O)N(C1CCC(=O)NC1=O)C3=O,CHEMBL5367924,1400.0,1.4,"{'action_type': 'DEGRADER', 'description': 'Binds to or antagonizes a receptor, leading to its degradation', 'parent_type': 'NEGATIVE MODULATOR'}",,25639177,[],Binding affinity to CRBN (unknown origin) assessed as inhibition constant,B,,,BAO_0000192,BAO_0000357,single protein format,,,CHEMBL5365467,J Med Chem,2023,"{'bei': '18.68', 'le': '0.35', 'lle': '5.82', 'sei': '6.74'}",CHEMBL5423392,,CHEMBL5423392,5.85,0,http://www.openphacts.org/units/Nanomolar,3994319,=,1,1,=,,Ki,nM,,CHEMBL3763008,Homo sapiens,Protein cereblon,9606,,,Ki,uM,UO_0000065,,False,5.853871964321762,5.853871964321762,False,low
ligand_0025,COC(=O)c1ccccc1SCC1CCC(=O)NC1=O,CHEMBL5355404,1100.0,1.1,"{'action_type': 'BINDING AGENT', 'description': 'Binds to a substance such as a cell surface antigen, targeting a drug to that location, but not necessarily affecting the functioning of the substance itself', 'parent_type': 'OTHER'}",,25589440,[],Binding affinity to human CRBN thalidomide binding domain assessed as inhibition constant by microscale thermophoresis analysis,B,,,BAO_0000192,BAO_0000357,single protein format,,,CHEMBL5352463,Eur J Med Chem,2023,"{'bei': '20.31', 'le': '0.41', 'lle': '4.34', 'sei': '8.22'}",CHEMBL5413097,,CHEMBL5413097,5.96,0,http://www.openphacts.org/units/Nanomolar,3984114,=,1,1,=,,Ki,nM,,CHEMBL3763008,Homo sapiens,Protein cereblon,9606,,,Ki,uM,UO_0000065,,False,5.958607314841775,5.958607314841775,False,low
ligand_0026,COc1c(-c2ccc3cc(NS(C)(=O)=O)ccc3c2)cc(-n2ccc(=O)[nH]c2=O)cc1C(C)(C)C,CHEMBL4679656,4710.0,4.71,"{'action_type': 'BINDING AGENT', 'description': 'Binds to a substance such as a cell surface antigen, targeting a drug to that location, but not necessarily affecting the functioning of the substance itself', 'parent_type': 'OTHER'}",,22446501,[],Binding affinity to human CRBN-thalidomide binding domain expressed in Escherichia coli by measuring baseline corrected normalized fluorescence by MST based assay,B,,,BAO_0000192,BAO_0000019,assay format,,,CHEMBL4673389,ACS Med Chem Lett,2021,"{'bei': '10.79', 'le': '0.21', 'lle': '1.31', 'sei': '4.83'}",CHEMBL3137312,DASABUVIR,CHEMBL3137312,5.33,0,http://www.openphacts.org/units/Nanomolar,3518007,=,1,1,=,,Ki,nM,,CHEMBL3763008,Homo sapiens,Protein cereblon,9606,,,Ki,uM,UO_0000065,,False,5.326979092871104,5.326979092871104,False,low
ligand_0027,COc1c(N)c(F)cc(C(=O)NC2CCC(=O)NC2=O)c1F,CHEMBL5374908,44000.0,44.0,"{'action_type': 'BINDING AGENT', 'description': 'Binds to a substance such as a cell surface antigen, targeting a drug to that location, but not necessarily affecting the functioning of the substance itself', 'parent_type': 'OTHER'}",,25665480,[],Binding affinity to human CRBN TBD assessed as inhibition constant using BODIPY-uracil as substrate by MST assay,B,,,BAO_0000192,BAO_0000357,single protein format,,,CHEMBL5370657,J Med Chem,2023,"{'bei': '13.91', 'le': '0.27', 'lle': '4.27', 'sei': '3.94'}",CHEMBL5403248,,CHEMBL5403248,4.36,0,http://www.openphacts.org/units/Nanomolar,3999272,=,1,1,=,,Ki,nM,,CHEMBL3763008,Homo sapiens,Protein cereblon,9606,,,Ki,uM,UO_0000065,,False,4.356547323513812,4.356547323513812,False,low
ligand_0028,COc1cc(N)ccc1C(=O)NC1CCC(=O)NC1=O,CHEMBL5374908,11000.0,11.0,"{'action_type': 'BINDING AGENT', 'description': 'Binds to a substance such as a cell surface antigen, targeting a drug to that location, but not necessarily affecting the functioning of the substance itself', 'parent_type': 'OTHER'}",,25665478,[],Binding affinity to human CRBN TBD assessed as inhibition constant using BODIPY-uracil as substrate by MST assay,B,,,BAO_0000192,BAO_0000357,single protein format,,,CHEMBL5370657,J Med Chem,2023,"{'bei': '17.88', 'le': '0.34', 'lle': '5.15', 'sei': '4.49'}",CHEMBL5405986,,CHEMBL5405986,4.96,0,http://www.openphacts.org/units/Nanomolar,3999270,=,1,1,=,,Ki,nM,,CHEMBL3763008,Homo sapiens,Protein cereblon,9606,,,Ki,uM,UO_0000065,,False,4.958607314841775,4.958607314841775,False,low
ligand_0029,COc1ccc(C2=NOC3(CCC(=O)NC3=O)C2)c(OC)c1OC,CHEMBL5524487,19300.0,19.3,"{'action_type': 'BINDING AGENT', 'description': 'Binds to a substance such as a cell surface antigen, targeting a drug to that location, but not necessarily affecting the functioning of the substance itself', 'parent_type': 'OTHER'}",,25908402,[],Binding affinity to human CRBN TBD assessed as inhibition constant using BODIPY-uracil as substrate by Microscale thermophoresis assay,B,,,BAO_0000192,BAO_0000357,single protein format,,,CHEMBL5523700,Eur J Med Chem,2024,"{'bei': '14.10', 'le': '0.27', 'lle': '3.70', 'sei': '4.94'}",CHEMBL5559414,,CHEMBL5559414,4.71,0,http://www.openphacts.org/units/Nanomolar,4069156,=,1,1,=,,Ki,nM,,CHEMBL3763008,Homo sapiens,Protein cereblon,9606,,,Ki,uM,UO_0000065,,False,4.714442690992226,4.714442690992226,False,low
ligand_0030,COc1ccc(CS(=O)(=O)CC2CCC(=O)NC2=O)cc1,CHEMBL5355404,5500.0,5.5,"{'action_type': 'BINDING AGENT', 'description': 'Binds to a substance such as a cell surface antigen, targeting a drug to that location, but not necessarily affecting the functioning of the substance itself', 'parent_type': 'OTHER'}",,25589461,[],Binding affinity to human CRBN thalidomide binding domain assessed as inhibition constant by microscale thermophoresis analysis,B,,,BAO_0000192,BAO_0000357,single protein format,,,CHEMBL5352463,Eur J Med Chem,2023,"{'bei': '16.89', 'le': '0.34', 'lle': '4.60', 'sei': '5.87'}",CHEMBL5418383,,CHEMBL5418383,5.26,0,http://www.openphacts.org/units/Nanomolar,3984138,=,1,1,=,,Ki,nM,,CHEMBL3763008,Homo sapiens,Protein cereblon,9606,,,Ki,uM,UO_0000065,,False,5.259637310505756,5.259637310505756,False,low
ligand_0031,COc1ccc(CSCC2CCC(=O)NC2=O)cc1,CHEMBL5355404,4000.0,4.0,"{'action_type': 'BINDING AGENT', 'description': 'Binds to a substance such as a cell surface antigen, targeting a drug to that location, but not necessarily affecting the functioning of the substance itself', 'parent_type': 'OTHER'}",,25589445,[],Binding affinity to human CRBN thalidomide binding domain assessed as inhibition constant by microscale thermophoresis analysis,B,,,BAO_0000192,BAO_0000357,single protein format,,,CHEMBL5352463,Eur J Med Chem,2023,"{'bei': '19.32', 'le': '0.39', 'lle': '3.42', 'sei': '9.74'}",CHEMBL5418032,,CHEMBL5418032,5.4,0,http://www.openphacts.org/units/Nanomolar,3984119,=,1,1,=,,Ki,nM,,CHEMBL3763008,Homo sapiens,Protein cereblon,9606,,,Ki,uM,UO_0000065,,False,5.3979400086720375,5.3979400086720375,False,low
ligand_0032,COc1ccc(Nc2nccc(NCC(=O)Nc3cccc4c3CN(C3CCC(=O)NC3=O)C4=O)n2)cc1,CHEMBL5738796,11100.0,11100.0,,1232028.0,28873550,[],TBD: TBD,B,,,BAO_0000192,BAO_0000357,single protein format,,,CHEMBL5729492,,2022,"{'bei': '9.61', 'le': '0.18', 'lle': '2.91', 'sei': '3.20'}",CHEMBL5747403,,CHEMBL5747403,4.96,0,http://www.openphacts.org/units/Nanomolar,4613203,=,37,1,=,,Ki,nM,,CHEMBL3763008,Homo sapiens,Protein cereblon,9606,,,Ki,nM,UO_0000065,,False,4.954677021213342,4.954677021213342,False,low
ligand_0033,COc1ccc(OC)c(-c2nccc(NCC(=O)Nc3cccc4c3CN(C3CCC(=O)NC3=O)C4=O)n2)c1,CHEMBL5738796,5400.0,5400.0,,1232032.0,28873562,[],TBD: TBD,B,,,BAO_0000192,BAO_0000357,single protein format,,,CHEMBL5729492,,2022,"{'bei': '9.93', 'le': '0.18', 'lle': '3.30', 'sei': '3.47'}",CHEMBL5880887,,CHEMBL5880887,5.27,0,http://www.openphacts.org/units/Nanomolar,4613205,=,37,1,=,,Ki,nM,,CHEMBL3763008,Homo sapiens,Protein cereblon,9606,,,Ki,nM,UO_0000065,,False,5.267606240177031,5.267606240177031,False,low
ligand_0034,COc1cccc(-c2nccc(NCC(=O)Nc3cccc4c3CN(C3CCC(=O)NC3=O)C4=O)n2)c1,CHEMBL5738796,6300.0,6300.0,,1232030.0,28873556,[],TBD: TBD,B,,,BAO_0000192,BAO_0000357,single protein format,,,CHEMBL5729492,,2022,"{'bei': '10.39', 'le': '0.19', 'lle': '3.24', 'sei': '3.65'}",CHEMBL6001497,,CHEMBL6001497,5.2,0,http://www.openphacts.org/units/Nanomolar,4613204,=,37,1,=,,Ki,nM,,CHEMBL3763008,Homo sapiens,Protein cereblon,9606,,,Ki,nM,UO_0000065,,False,5.200659450546418,5.200659450546418,False,low
ligand_0035,COc1ccccc1C1=NOC2(CCC(=O)NC2=O)C1,CHEMBL5524487,7100.0,7.1,"{'action_type': 'BINDING AGENT', 'description': 'Binds to a substance such as a cell surface antigen, targeting a drug to that location, but not necessarily affecting the functioning of the substance itself', 'parent_type': 'OTHER'}",,25908401,[],Binding affinity to human CRBN TBD assessed as inhibition constant using BODIPY-uracil as substrate by Microscale thermophoresis assay,B,,,BAO_0000192,BAO_0000357,single protein format,,,CHEMBL5523700,Eur J Med Chem,2024,"{'bei': '18.77', 'le': '0.35', 'lle': '4.16', 'sei': '6.69'}",CHEMBL5563976,,CHEMBL5563976,5.15,0,http://www.openphacts.org/units/Nanomolar,4069155,=,1,1,=,,Ki,nM,,CHEMBL3763008,Homo sapiens,Protein cereblon,9606,,,Ki,uM,UO_0000065,,False,5.1487416512809245,5.1487416512809245,False,low
ligand_0036,COc1ccccc1Nc1nccc(NCC(=O)Nc2cccc3c2CN(C2CCC(=O)NC2=O)C3=O)n1,CHEMBL5738796,4300.0,4300.0,,1232042.0,28873592,[],TBD: TBD,B,,,BAO_0000192,BAO_0000357,single protein format,,,CHEMBL5729492,,2022,"{'bei': '10.41', 'le': '0.19', 'lle': '3.33', 'sei': '3.47'}",CHEMBL6052125,,CHEMBL6052125,5.37,0,http://www.openphacts.org/units/Nanomolar,4613210,=,37,1,=,,Ki,nM,,CHEMBL3763008,Homo sapiens,Protein cereblon,9606,,,Ki,nM,UO_0000065,,False,5.366531544420413,5.366531544420413,False,low
ligand_0037,Cc1cc(C)c(SCC2CCC(=O)NC2=O)c(C)c1,CHEMBL5355404,13000.0,13.0,"{'action_type': 'BINDING AGENT', 'description': 'Binds to a substance such as a cell surface antigen, targeting a drug to that location, but not necessarily affecting the functioning of the substance itself', 'parent_type': 'OTHER'}",,25589438,[],Binding affinity to human CRBN thalidomide binding domain assessed as inhibition constant by microscale thermophoresis analysis,B,,,BAO_0000192,BAO_0000357,single protein format,,,CHEMBL5352463,Eur J Med Chem,2023,"{'bei': '17.61', 'le': '0.35', 'lle': '2.13', 'sei': '10.58'}",CHEMBL5419971,,CHEMBL5419971,4.89,0,http://www.openphacts.org/units/Nanomolar,3984112,=,1,1,=,,Ki,nM,,CHEMBL3763008,Homo sapiens,Protein cereblon,9606,,,Ki,uM,UO_0000065,,False,4.886056647693163,4.886056647693163,False,low
ligand_0038,Cc1cc(N)ccc1C(=O)NC1CCC(=O)NC1=O,CHEMBL5374908,65000.0,65.0,"{'action_type': 'BINDING AGENT', 'description': 'Binds to a substance such as a cell surface antigen, targeting a drug to that location, but not necessarily affecting the functioning of the substance itself', 'parent_type': 'OTHER'}",,25665477,[],Binding affinity to human CRBN TBD assessed as inhibition constant using BODIPY-uracil as substrate by MST assay,B,,,BAO_0000192,BAO_0000357,single protein format,,,CHEMBL5370657,J Med Chem,2023,"{'bei': '16.03', 'le': '0.30', 'lle': '4.08', 'sei': '4.13'}",CHEMBL5419302,,CHEMBL5419302,4.19,0,http://www.openphacts.org/units/Nanomolar,3999269,=,1,1,=,,Ki,nM,,CHEMBL3763008,Homo sapiens,Protein cereblon,9606,,,Ki,uM,UO_0000065,,False,4.187086643357144,4.187086643357144,False,low
ligand_0039,Cc1cc2cccc(C(=O)NC3CCC(=O)NC3=O)c2o1,CHEMBL5374908,15000.0,15.0,"{'action_type': 'BINDING AGENT', 'description': 'Binds to a substance such as a cell surface antigen, targeting a drug to that location, but not necessarily affecting the functioning of the substance itself', 'parent_type': 'OTHER'}",,25665492,[],Binding affinity to human CRBN TBD assessed as inhibition constant using BODIPY-uracil as substrate by MST assay,B,,,BAO_0000192,BAO_0000357,single protein format,,,CHEMBL5370657,J Med Chem,2023,"{'bei': '16.85', 'le': '0.31', 'lle': '3.54', 'sei': '5.46'}",CHEMBL5414968,,CHEMBL5414968,4.82,0,http://www.openphacts.org/units/Nanomolar,3999254,=,1,1,=,,Ki,nM,,CHEMBL3763008,Homo sapiens,Protein cereblon,9606,,,Ki,uM,UO_0000065,,False,4.823908740944319,4.823908740944319,False,low
ligand_0040,Cc1ccc(NS(=O)(=O)c2cccc(C#N)c2)c2[nH]cc(C#N)c12,CHEMBL5506185,2900.0,2.9,"{'action_type': 'INHIBITOR', 'description': 'Negatively effects (inhibits) the normal functioning of the protein e.g., prevention of enzymatic reaction or activation of downstream pathway', 'parent_type': 'NEGATIVE MODULATOR'}",,25848531,[],Binding affinity to CRBN (unknown origin) assessed as inhibition constant by TR-FRET analysis,B,,,BAO_0000192,BAO_0000357,single protein format,,,CHEMBL5505953,Eur J Med Chem,2024,"{'bei': '16.46', 'le': '0.32', 'lle': '2.52', 'sei': '5.06'}",CHEMBL4297376,E-7820,CHEMBL4297376,5.54,0,http://www.openphacts.org/units/Nanomolar,4057721,=,1,1,=,,Ki,nM,,CHEMBL3763008,Homo sapiens,Protein cereblon,9606,,,Ki,uM,UO_0000065,,False,5.537602002101044,5.537602002101044,False,low
ligand_0041,Cc1ccc(S(=O)(=O)CC2CCC(=O)NC2=O)cc1,CHEMBL5355404,10000.0,10.0,"{'action_type': 'BINDING AGENT', 'description': 'Binds to a substance such as a cell surface antigen, targeting a drug to that location, but not necessarily affecting the functioning of the substance itself', 'parent_type': 'OTHER'}",,25589458,[],Binding affinity to human CRBN thalidomide binding domain assessed as inhibition constant by microscale thermophoresis analysis,B,,,BAO_0000192,BAO_0000357,single protein format,,,CHEMBL5352463,Eur J Med Chem,2023,"{'bei': '17.77', 'le': '0.36', 'lle': '4.18', 'sei': '6.23'}",CHEMBL5429778,,CHEMBL5429778,5.0,0,http://www.openphacts.org/units/Nanomolar,3984135,=,1,1,=,,Ki,nM,,CHEMBL3763008,Homo sapiens,Protein cereblon,9606,,,Ki,uM,UO_0000065,,False,5.0,5.0,False,low
ligand_0042,Cc1ccc(SCC2CCC(=O)NC2=O)cc1,CHEMBL5355404,5000.0,5.0,"{'action_type': 'BINDING AGENT', 'description': 'Binds to a substance such as a cell surface antigen, targeting a drug to that location, but not necessarily affecting the functioning of the substance itself', 'parent_type': 'OTHER'}",,25589435,[],Binding affinity to human CRBN thalidomide binding domain assessed as inhibition constant by microscale thermophoresis analysis,B,,,BAO_0000192,BAO_0000357,single protein format,,,CHEMBL5352463,Eur J Med Chem,2023,"{'bei': '21.26', 'le': '0.43', 'lle': '3.16', 'sei': '11.48'}",CHEMBL5406302,,CHEMBL5406302,5.3,0,http://www.openphacts.org/units/Nanomolar,3984109,=,1,1,=,,Ki,nM,,CHEMBL3763008,Homo sapiens,Protein cereblon,9606,,,Ki,uM,UO_0000065,,False,5.301029995663981,5.301029995663981,False,low
ligand_0043,Cc1ccnc(SCC2CCC(=O)NC2=O)n1,CHEMBL5355404,6000.0,6.0,"{'action_type': 'BINDING AGENT', 'description': 'Binds to a substance such as a cell surface antigen, targeting a drug to that location, but not necessarily affecting the functioning of the substance itself', 'parent_type': 'OTHER'}",,25589448,[],Binding affinity to human CRBN thalidomide binding domain assessed as inhibition constant by microscale thermophoresis analysis,B,,,BAO_0000192,BAO_0000357,single protein format,,,CHEMBL5352463,Eur J Med Chem,2023,"{'bei': '20.78', 'le': '0.42', 'lle': '4.29', 'sei': '7.26'}",CHEMBL5436049,,CHEMBL5436049,5.22,0,http://www.openphacts.org/units/Nanomolar,3984122,=,1,1,=,,Ki,nM,,CHEMBL3763008,Homo sapiens,Protein cereblon,9606,,,Ki,uM,UO_0000065,,False,5.221848749616356,5.221848749616356,False,low
ligand_0044,Cc1nc2cccc(N)c2c(=O)n1C1CCC(=O)NC1=O,CHEMBL4679656,16700.0,16.7,"{'action_type': 'BINDING AGENT', 'description': 'Binds to a substance such as a cell surface antigen, targeting a drug to that location, but not necessarily affecting the functioning of the substance itself', 'parent_type': 'OTHER'}",,22446529,[],Binding affinity to human CRBN-thalidomide binding domain expressed in Escherichia coli by measuring baseline corrected normalized fluorescence by MST based assay,B,,,BAO_0000192,BAO_0000019,assay format,,,CHEMBL4673389,ACS Med Chem Lett,2021,"{'bei': '16.69', 'le': '0.31', 'lle': '4.52', 'sei': '4.46'}",CHEMBL3989934,AVADOMIDE,CHEMBL3989934,4.78,0,http://www.openphacts.org/units/Nanomolar,3518000,=,1,1,=,,Ki,nM,,CHEMBL3763008,Homo sapiens,Protein cereblon,9606,,,Ki,uM,UO_0000065,,False,4.777283528852417,4.777283528852417,False,low
ligand_0045,Cn1ccc(=O)[nH]c1=O,CHEMBL4679656,30800.0,30.8,"{'action_type': 'BINDING AGENT', 'description': 'Binds to a substance such as a cell surface antigen, targeting a drug to that location, but not necessarily affecting the functioning of the substance itself', 'parent_type': 'OTHER'}",,22446537,[],Binding affinity to human CRBN-thalidomide binding domain expressed in Escherichia coli by measuring baseline corrected normalized fluorescence by MST based assay,B,,,BAO_0000192,BAO_0000019,assay format,,,CHEMBL4673389,ACS Med Chem Lett,2021,"{'bei': '35.77', 'le': '0.68', 'lle': '5.44', 'sei': '8.22'}",CHEMBL4797970,,CHEMBL4797970,4.51,0,http://www.openphacts.org/units/Nanomolar,3518004,=,1,1,=,,Ki,nM,,CHEMBL3763008,Homo sapiens,Protein cereblon,9606,,,Ki,uM,UO_0000065,,False,4.511449283499556,4.511449283499556,False,low
ligand_0046,Cn1cnnc1SCC1CCC(=O)NC1=O,CHEMBL5355404,21000.0,21.0,"{'action_type': 'BINDING AGENT', 'description': 'Binds to a substance such as a cell surface antigen, targeting a drug to that location, but not necessarily affecting the functioning of the substance itself', 'parent_type': 'OTHER'}",,25589439,[],Binding affinity to human CRBN thalidomide binding domain assessed as inhibition constant by microscale thermophoresis analysis,B,,,BAO_0000192,BAO_0000357,single protein format,,,CHEMBL5352463,Eur J Med Chem,2023,"{'bei': '19.47', 'le': '0.40', 'lle': '4.72', 'sei': '6.08'}",CHEMBL5420053,,CHEMBL5420053,4.68,0,http://www.openphacts.org/units/Nanomolar,3984113,=,1,1,=,,Ki,nM,,CHEMBL3763008,Homo sapiens,Protein cereblon,9606,,,Ki,uM,UO_0000065,,False,4.6777807052660805,4.6777807052660805,False,low
ligand_0047,Nc1ccc(C(=O)NC2CCC(=O)NC2=O)c(C(F)(F)F)c1,CHEMBL5374908,42000.0,42.0,"{'action_type': 'BINDING AGENT', 'description': 'Binds to a substance such as a cell surface antigen, targeting a drug to that location, but not necessarily affecting the functioning of the substance itself', 'parent_type': 'OTHER'}",,25665476,[],Binding affinity to human CRBN TBD assessed as inhibition constant using BODIPY-uracil as substrate by MST assay,B,,,BAO_0000192,BAO_0000357,single protein format,,,CHEMBL5370657,J Med Chem,2023,"{'bei': '13.88', 'le': '0.27', 'lle': '3.56', 'sei': '4.32'}",CHEMBL5404650,,CHEMBL5404650,4.38,0,http://www.openphacts.org/units/Nanomolar,3999268,=,1,1,=,,Ki,nM,,CHEMBL3763008,Homo sapiens,Protein cereblon,9606,,,Ki,uM,UO_0000065,,False,4.376750709602099,4.376750709602099,False,low
ligand_0048,Nc1ccc(C(=O)NC2CCC(=O)NC2=O)c(Cl)c1,CHEMBL5374908,28000.0,28.0,"{'action_type': 'BINDING AGENT', 'description': 'Binds to a substance such as a cell surface antigen, targeting a drug to that location, but not necessarily affecting the functioning of the substance itself', 'parent_type': 'OTHER'}",,25665475,[],Binding affinity to human CRBN TBD assessed as inhibition constant using BODIPY-uracil as substrate by MST assay,B,,,BAO_0000192,BAO_0000357,single protein format,,,CHEMBL5370657,J Med Chem,2023,"{'bei': '16.16', 'le': '0.33', 'lle': '4.09', 'sei': '4.49'}",CHEMBL5405702,,CHEMBL5405702,4.55,0,http://www.openphacts.org/units/Nanomolar,3999267,=,1,1,=,,Ki,nM,,CHEMBL3763008,Homo sapiens,Protein cereblon,9606,,,Ki,uM,UO_0000065,,False,4.552841968657781,4.552841968657781,False,low
ligand_0049,Nc1ccc(C(=O)NC2CCC(=O)NC2=O)c(F)c1,CHEMBL5374908,29000.0,29.0,"{'action_type': 'BINDING AGENT', 'description': 'Binds to a substance such as a cell surface antigen, targeting a drug to that location, but not necessarily affecting the functioning of the substance itself', 'parent_type': 'OTHER'}",,25665472,[],Binding affinity to human CRBN TBD assessed as inhibition constant using BODIPY-uracil as substrate by MST assay,B,,,BAO_0000192,BAO_0000357,single protein format,,,CHEMBL5370657,J Med Chem,2023,"{'bei': '17.11', 'le': '0.33', 'lle': '4.60', 'sei': '4.48'}",CHEMBL5410980,,CHEMBL5410980,4.54,0,http://www.openphacts.org/units/Nanomolar,3999264,=,1,1,=,,Ki,nM,,CHEMBL3763008,Homo sapiens,Protein cereblon,9606,,,Ki,uM,UO_0000065,,False,4.537602002101044,4.537602002101044,False,low
ligand_0050,Nc1ccc(C(=O)NC2CCC(=O)NC2=O)c(O)c1,CHEMBL5374908,6800.0,6.8,"{'action_type': 'BINDING AGENT', 'description': 'Binds to a substance such as a cell surface antigen, targeting a drug to that location, but not necessarily affecting the functioning of the substance itself', 'parent_type': 'OTHER'}",,25665479,[],Binding affinity to human CRBN TBD assessed as inhibition constant using BODIPY-uracil as substrate by MST assay,B,,,BAO_0000192,BAO_0000357,single protein format,,,CHEMBL5370657,J Med Chem,2023,"{'bei': '19.63', 'le': '0.37', 'lle': '5.66', 'sei': '4.25'}",CHEMBL5441135,,CHEMBL5441135,5.17,0,http://www.openphacts.org/units/Nanomolar,3999271,=,1,1,=,,Ki,nM,,CHEMBL3763008,Homo sapiens,Protein cereblon,9606,,,Ki,uM,UO_0000065,,False,5.167491087293763,5.167491087293763,False,low
ligand_0051,Nc1ccc(C(=O)NC2CCC(=O)NC2=O)c2ncccc12,CHEMBL4618786,800.0,0.8,,,20663273,[],Binding affinity to CBRN (unknown origin) incubated for 60 mins by lenalidomide displacement assay,B,,,BAO_0000192,BAO_0000357,single protein format,,,CHEMBL4616687,ACS Med Chem Lett,2020,"{'bei': '20.44', 'le': '0.38', 'lle': '5.75', 'sei': '5.34'}",CHEMBL4648134,,CHEMBL4648134,6.1,0,http://www.openphacts.org/units/Nanomolar,3479140,=,1,1,=,,Ki,nM,,CHEMBL3763008,Homo sapiens,Protein cereblon,9606,,,Ki,uM,UO_0000065,,False,6.096910013008056,6.096910013008056,True,medium
ligand_0052,Nc1ccc(C(=O)NC2CCC(=O)NC2=O)cc1,CHEMBL5374908,41000.0,41.0,"{'action_type': 'BINDING AGENT', 'description': 'Binds to a substance such as a cell surface antigen, targeting a drug to that location, but not necessarily affecting the functioning of the substance itself', 'parent_type': 'OTHER'}",,25665471,[],Binding affinity to human CRBN TBD assessed as inhibition constant using BODIPY-uracil as substrate by MST assay,B,,,BAO_0000192,BAO_0000357,single protein format,,,CHEMBL5370657,J Med Chem,2023,"{'bei': '17.74', 'le': '0.33', 'lle': '4.59', 'sei': '4.33'}",CHEMBL5424655,,CHEMBL5424655,4.39,0,http://www.openphacts.org/units/Nanomolar,3999263,=,1,1,=,,Ki,nM,,CHEMBL3763008,Homo sapiens,Protein cereblon,9606,,,Ki,uM,UO_0000065,,False,4.3872161432802645,4.3872161432802645,False,low
ligand_0053,Nc1ccc(SCC2CCC(=O)NC2=O)cc1,CHEMBL5355404,7100.0,7.1,"{'action_type': 'BINDING AGENT', 'description': 'Binds to a substance such as a cell surface antigen, targeting a drug to that location, but not necessarily affecting the functioning of the substance itself', 'parent_type': 'OTHER'}",,25589451,[],Binding affinity to human CRBN thalidomide binding domain assessed as inhibition constant by microscale thermophoresis analysis,B,,,BAO_0000192,BAO_0000357,single protein format,,,CHEMBL5352463,Eur J Med Chem,2023,"{'bei': '20.57', 'le': '0.41', 'lle': '3.74', 'sei': '7.13'}",CHEMBL5411137,,CHEMBL5411137,5.15,0,http://www.openphacts.org/units/Nanomolar,3984125,=,1,1,=,,Ki,nM,,CHEMBL3763008,Homo sapiens,Protein cereblon,9606,,,Ki,uM,UO_0000065,,False,5.1487416512809245,5.1487416512809245,False,low
ligand_0054,Nc1cccc(C(=O)NC2CCC(=O)NC2=O)c1,CHEMBL5374908,53000.0,53.0,"{'action_type': 'BINDING AGENT', 'description': 'Binds to a substance such as a cell surface antigen, targeting a drug to that location, but not necessarily affecting the functioning of the substance itself', 'parent_type': 'OTHER'}",,25665469,[],Binding affinity to human CRBN TBD assessed as inhibition constant using BODIPY-uracil as substrate by MST assay,B,,,BAO_0000192,BAO_0000357,single protein format,,,CHEMBL5370657,J Med Chem,2023,"{'bei': '17.29', 'le': '0.32', 'lle': '4.48', 'sei': '4.22'}",CHEMBL5398662,,CHEMBL5398662,4.28,0,http://www.openphacts.org/units/Nanomolar,3999261,=,1,1,=,,Ki,nM,,CHEMBL3763008,Homo sapiens,Protein cereblon,9606,,,Ki,uM,UO_0000065,,False,4.275724130399211,4.275724130399211,False,low
ligand_0055,Nc1cccc(C(=O)NC2CCC(=O)NC2=O)c1F,CHEMBL5374908,45000.0,45.0,"{'action_type': 'BINDING AGENT', 'description': 'Binds to a substance such as a cell surface antigen, targeting a drug to that location, but not necessarily affecting the functioning of the substance itself', 'parent_type': 'OTHER'}",,25665470,[],Binding affinity to human CRBN TBD assessed as inhibition constant using BODIPY-uracil as substrate by MST assay,B,,,BAO_0000192,BAO_0000357,single protein format,,,CHEMBL5370657,J Med Chem,2023,"{'bei': '16.39', 'le': '0.31', 'lle': '4.41', 'sei': '4.29'}",CHEMBL5411174,,CHEMBL5411174,4.35,0,http://www.openphacts.org/units/Nanomolar,3999262,=,1,1,=,,Ki,nM,,CHEMBL3763008,Homo sapiens,Protein cereblon,9606,,,Ki,uM,UO_0000065,,False,4.346787486224656,4.346787486224656,False,low
ligand_0056,Nc1cccc(F)c1C(=O)NC1CCC(=O)NC1=O,CHEMBL5374908,56000.0,56.0,"{'action_type': 'BINDING AGENT', 'description': 'Binds to a substance such as a cell surface antigen, targeting a drug to that location, but not necessarily affecting the functioning of the substance itself', 'parent_type': 'OTHER'}",,25665474,[],Binding affinity to human CRBN TBD assessed as inhibition constant using BODIPY-uracil as substrate by MST assay,B,,,BAO_0000192,BAO_0000357,single protein format,,,CHEMBL5370657,J Med Chem,2023,"{'bei': '16.03', 'le': '0.31', 'lle': '4.31', 'sei': '4.20'}",CHEMBL5439012,,CHEMBL5439012,4.25,0,http://www.openphacts.org/units/Nanomolar,3999266,=,1,1,=,,Ki,nM,,CHEMBL3763008,Homo sapiens,Protein cereblon,9606,,,Ki,uM,UO_0000065,,False,4.251811972993799,4.251811972993799,False,low
ligand_0057,Nc1cccc(SCC2CCC(=O)NC2=O)c1,CHEMBL5355404,3100.0,3.1,"{'action_type': 'BINDING AGENT', 'description': 'Binds to a substance such as a cell surface antigen, targeting a drug to that location, but not necessarily affecting the functioning of the substance itself', 'parent_type': 'OTHER'}",,25589450,[],Binding affinity to human CRBN thalidomide binding domain assessed as inhibition constant by microscale thermophoresis analysis,B,,,BAO_0000192,BAO_0000357,single protein format,,,CHEMBL5352463,Eur J Med Chem,2023,"{'bei': '22.01', 'le': '0.44', 'lle': '4.10', 'sei': '7.63'}",CHEMBL5397580,,CHEMBL5397580,5.51,0,http://www.openphacts.org/units/Nanomolar,3984124,=,1,1,=,,Ki,nM,,CHEMBL3763008,Homo sapiens,Protein cereblon,9606,,,Ki,uM,UO_0000065,,False,5.508638306165727,5.508638306165727,False,low
ligand_0058,Nc1cccc2c1C(=O)N(C1CCC(=O)NC1=O)C2=O,CHEMBL4679656,10000.0,10.0,"{'action_type': 'BINDING AGENT', 'description': 'Binds to a substance such as a cell surface antigen, targeting a drug to that location, but not necessarily affecting the functioning of the substance itself', 'parent_type': 'OTHER'}",,22446525,[],Binding affinity to human CRBN-thalidomide binding domain expressed in Escherichia coli by measuring baseline corrected normalized fluorescence by MST based assay,B,,,BAO_0000192,BAO_0000019,assay format,,,CHEMBL4673389,ACS Med Chem Lett,2021,"{'bei': '18.30', 'le': '0.34', 'lle': '5.33', 'sei': '4.56'}",CHEMBL43452,POMALIDOMIDE,CHEMBL43452,5.0,0,http://www.openphacts.org/units/Nanomolar,3517998,=,1,1,=,,Ki,nM,,CHEMBL3763008,Homo sapiens,Protein cereblon,9606,,,Ki,uM,UO_0000065,,False,5.0,5.0,False,low
ligand_0059,Nc1cccc2c1C(=O)N(C1CCC(=O)NC1=O)C2=O,CHEMBL5374908,3300.0,3.3,"{'action_type': 'BINDING AGENT', 'description': 'Binds to a substance such as a cell surface antigen, targeting a drug to that location, but not necessarily affecting the functioning of the substance itself', 'parent_type': 'OTHER'}",,25665465,[],Binding affinity to human CRBN TBD assessed as inhibition constant using BODIPY-uracil as substrate by MST assay,B,,,BAO_0000192,BAO_0000357,single protein format,,,CHEMBL5370657,J Med Chem,2023,"{'bei': '20.06', 'le': '0.37', 'lle': '5.81', 'sei': '5.00'}",CHEMBL43452,POMALIDOMIDE,CHEMBL43452,5.48,0,http://www.openphacts.org/units/Nanomolar,3999257,=,1,1,=,,Ki,nM,,CHEMBL3763008,Homo sapiens,Protein cereblon,9606,,,Ki,uM,UO_0000065,,False,5.481486060122112,5.481486060122112,False,low
ligand_0060,Nc1cccc2c1CN(C1CCC(=O)NC1=O)C2=O,CHEMBL4618786,1490.0,1.49,,,20663269,[],Binding affinity to CBRN (unknown origin) incubated for 60 mins by lenalidomide displacement assay,B,,,BAO_0000192,BAO_0000357,single protein format,,,CHEMBL4616687,ACS Med Chem Lett,2020,"{'bei': '22.47', 'le': '0.42', 'lle': '5.80', 'sei': '6.30'}",CHEMBL848,LENALIDOMIDE,CHEMBL848,5.83,0,http://www.openphacts.org/units/Nanomolar,3479136,=,1,1,=,,Ki,nM,,CHEMBL3763008,Homo sapiens,Protein cereblon,9606,,,Ki,uM,UO_0000065,,False,5.826813731587726,5.826813731587726,False,low
ligand_0061,Nc1cccc2c1CN(C1CCC(=O)NC1=O)C2=O,CHEMBL4679656,16300.0,16.3,"{'action_type': 'BINDING AGENT', 'description': 'Binds to a substance such as a cell surface antigen, targeting a drug to that location, but not necessarily affecting the functioning of the substance itself', 'parent_type': 'OTHER'}",,22446527,[],Binding affinity to human CRBN-thalidomide binding domain expressed in Escherichia coli by measuring baseline corrected normalized fluorescence by MST based assay,B,,,BAO_0000192,BAO_0000019,assay format,,,CHEMBL4673389,ACS Med Chem Lett,2021,"{'bei': '18.47', 'le': '0.34', 'lle': '4.76', 'sei': '5.18'}",CHEMBL848,LENALIDOMIDE,CHEMBL848,4.79,0,http://www.openphacts.org/units/Nanomolar,3517999,=,1,1,=,,Ki,nM,,CHEMBL3763008,Homo sapiens,Protein cereblon,9606,,,Ki,uM,UO_0000065,,False,4.787812395596042,4.787812395596042,False,low
ligand_0062,Nc1cccc2c1CN(C1CCC(=O)NC1=O)C2=O,CHEMBL5374908,6400.0,6.4,"{'action_type': 'BINDING AGENT', 'description': 'Binds to a substance such as a cell surface antigen, targeting a drug to that location, but not necessarily affecting the functioning of the substance itself', 'parent_type': 'OTHER'}",,25665466,[],Binding affinity to human CRBN TBD assessed as inhibition constant using BODIPY-uracil as substrate by MST assay,B,,,BAO_0000192,BAO_0000357,single protein format,,,CHEMBL5370657,J Med Chem,2023,"{'bei': '20.03', 'le': '0.37', 'lle': '5.16', 'sei': '5.61'}",CHEMBL848,LENALIDOMIDE,CHEMBL848,5.19,0,http://www.openphacts.org/units/Nanomolar,3999258,=,1,1,=,,Ki,nM,,CHEMBL3763008,Homo sapiens,Protein cereblon,9606,,,Ki,uM,UO_0000065,,False,5.1938200260161125,5.1938200260161125,False,low
ligand_0063,Nc1cccc2c1CN(C1CCC(=O)NC1=O)C2=O,CHEMBL5579174,800.0,0.8,"{'action_type': 'BINDING AGENT', 'description': 'Binds to a substance such as a cell surface antigen, targeting a drug to that location, but not necessarily affecting the functioning of the substance itself', 'parent_type': 'OTHER'}",,26016803,"[{'comments': None, 'relation': '=', 'result_flag': 0, 'standard_relation': '=', 'standard_text_value': None, 'standard_type': 'TIME', 'standard_units': 'hr', 'standard_value': '3.0', 'text_value': None, 'type': 'TIME', 'units': 'hrs', 'value': '3.0'}]",Binding affinity to GST-tagged wild-type human CRBN incubated for 3 hrs by TR-FRET assay,B,,,BAO_0000192,BAO_0000357,single protein format,,,CHEMBL5576143,J Med Chem,2024,"{'bei': '23.52', 'le': '0.44', 'lle': '6.07', 'sei': '6.59'}",CHEMBL848,LENALIDOMIDE,CHEMBL848,6.1,0,http://www.openphacts.org/units/Nanomolar,4090251,=,1,1,=,,Ki,nM,,CHEMBL3763008,Homo sapiens,Protein cereblon,9606,,,Ki,uM,UO_0000065,,False,6.096910013008056,6.096910013008056,True,medium
ligand_0064,Nc1ccccc1C(=O)NC1CCC(=O)NC1=O,CHEMBL5374908,35000.0,35.0,"{'action_type': 'BINDING AGENT', 'description': 'Binds to a substance such as a cell surface antigen, targeting a drug to that location, but not necessarily affecting the functioning of the substance itself', 'parent_type': 'OTHER'}",,25665473,[],Binding affinity to human CRBN TBD assessed as inhibition constant using BODIPY-uracil as substrate by MST assay,B,,,BAO_0000192,BAO_0000357,single protein format,,,CHEMBL5370657,J Med Chem,2023,"{'bei': '18.02', 'le': '0.34', 'lle': '4.66', 'sei': '4.40'}",CHEMBL5399110,,CHEMBL5399110,4.46,0,http://www.openphacts.org/units/Nanomolar,3999265,=,1,1,=,,Ki,nM,,CHEMBL3763008,Homo sapiens,Protein cereblon,9606,,,Ki,uM,UO_0000065,,False,4.455931955649724,4.455931955649724,False,low
ligand_0065,Nc1ccccc1SCC1CCC(=O)NC1=O,CHEMBL5355404,6000.0,6.0,"{'action_type': 'BINDING AGENT', 'description': 'Binds to a substance such as a cell surface antigen, targeting a drug to that location, but not necessarily affecting the functioning of the substance itself', 'parent_type': 'OTHER'}",,25589449,[],Binding affinity to human CRBN thalidomide binding domain assessed as inhibition constant by microscale thermophoresis analysis,B,,,BAO_0000192,BAO_0000357,single protein format,,,CHEMBL5352463,Eur J Med Chem,2023,"{'bei': '20.86', 'le': '0.42', 'lle': '3.81', 'sei': '7.23'}",CHEMBL5404825,,CHEMBL5404825,5.22,0,http://www.openphacts.org/units/Nanomolar,3984123,=,1,1,=,,Ki,nM,,CHEMBL3763008,Homo sapiens,Protein cereblon,9606,,,Ki,uM,UO_0000065,,False,5.221848749616356,5.221848749616356,False,low
ligand_0066,Nc1ccnc2c(C(=O)NC3CCC(=O)NC3=O)cccc12,CHEMBL4618786,2200.0,2.2,,,20663274,[],Binding affinity to CBRN (unknown origin) incubated for 60 mins by lenalidomide displacement assay,B,,,BAO_0000192,BAO_0000357,single protein format,,,CHEMBL4616687,ACS Med Chem Lett,2020,"{'bei': '18.97', 'le': '0.35', 'lle': '5.31', 'sei': '4.95'}",CHEMBL4639892,,CHEMBL4639892,5.66,0,http://www.openphacts.org/units/Nanomolar,3479141,=,1,1,=,,Ki,nM,,CHEMBL3763008,Homo sapiens,Protein cereblon,9606,,,Ki,uM,UO_0000065,,False,5.657577319177793,5.657577319177793,False,low
ligand_0067,Nn1ccc(=O)[nH]c1=O,CHEMBL4679656,40700.0,40.7,"{'action_type': 'BINDING AGENT', 'description': 'Binds to a substance such as a cell surface antigen, targeting a drug to that location, but not necessarily affecting the functioning of the substance itself', 'parent_type': 'OTHER'}",,22446539,[],Binding affinity to human CRBN-thalidomide binding domain expressed in Escherichia coli by measuring baseline corrected normalized fluorescence by MST based assay,B,,,BAO_0000192,BAO_0000019,assay format,,,CHEMBL4673389,ACS Med Chem Lett,2021,"{'bei': '34.54', 'le': '0.67', 'lle': '6.14', 'sei': '5.43'}",CHEMBL4759876,,CHEMBL4759876,4.39,0,http://www.openphacts.org/units/Nanomolar,3518005,=,1,1,=,,Ki,nM,,CHEMBL3763008,Homo sapiens,Protein cereblon,9606,,,Ki,uM,UO_0000065,,False,4.39040559077478,4.39040559077478,False,low
ligand_0068,O=C1CCC(=O)N1,CHEMBL3768102,26200.0,26.2,,,16469721,[],Inhibition of MANT-uracil binding to human CRBN (delta 1 to 315) by Cheng-Prusoff equation analysis,B,,,BAO_0000192,BAO_0000357,single protein format,,,CHEMBL3763149,J Med Chem,2016,"{'bei': '46.24', 'le': '0.89', 'lle': '5.16', 'sei': '9.92'}",CHEMBL275661,SUCCINIMIDE,CHEMBL275661,4.58,0,http://www.openphacts.org/units/Nanomolar,2757848,=,1,1,=,,Ki,nM,,CHEMBL3763008,Homo sapiens,Protein cereblon,9606,,,Ki,uM,UO_0000065,,False,4.581698708680254,4.581698708680254,False,low
ligand_0069,O=C1CCC(=O)N1,CHEMBL4679656,8190.0,8.19,"{'action_type': 'BINDING AGENT', 'description': 'Binds to a substance such as a cell surface antigen, targeting a drug to that location, but not necessarily affecting the functioning of the substance itself', 'parent_type': 'OTHER'}",,22446523,[],Binding affinity to human CRBN-thalidomide binding domain expressed in Escherichia coli by measuring baseline corrected normalized fluorescence by MST based assay,B,,,BAO_0000192,BAO_0000019,assay format,,,CHEMBL4673389,ACS Med Chem Lett,2021,"{'bei': '51.33', 'le': '0.99', 'lle': '5.67', 'sei': '11.02'}",CHEMBL275661,SUCCINIMIDE,CHEMBL275661,5.09,0,http://www.openphacts.org/units/Nanomolar,3517996,=,1,1,=,,Ki,nM,,CHEMBL3763008,Homo sapiens,Protein cereblon,9606,,,Ki,uM,UO_0000065,,False,5.086716098239581,5.086716098239581,False,low
ligand_0070,O=C1CCC(=O)N1,CHEMBL5340015,4300.0,4.3,"{'action_type': 'INHIBITOR', 'description': 'Negatively effects (inhibits) the normal functioning of the protein e.g., prevention of enzymatic reaction or activation of downstream pathway', 'parent_type': 'NEGATIVE MODULATOR'}",,25528460,[],Binding affinity to CRBN (unknown origin) assessed as inhibition constant by FRET assay,B,,,BAO_0000192,BAO_0000357,single protein format,,,CHEMBL5338729,J Med Chem,2023,"{'bei': '54.16', 'le': '1.05', 'lle': '5.95', 'sei': '11.62'}",CHEMBL275661,SUCCINIMIDE,CHEMBL275661,5.37,0,http://www.openphacts.org/units/Nanomolar,3972871,=,1,1,=,,Ki,nM,,CHEMBL3763008,Homo sapiens,Protein cereblon,9606,,,Ki,uM,UO_0000065,,False,5.366531544420413,5.366531544420413,False,low
ligand_0071,O=C1CCC(CS(=O)(=O)Cc2ccccc2)C(=O)N1,CHEMBL5355404,7000.0,7.0,"{'action_type': 'BINDING AGENT', 'description': 'Binds to a substance such as a cell surface antigen, targeting a drug to that location, but not necessarily affecting the functioning of the substance itself', 'parent_type': 'OTHER'}",,25589460,[],Binding affinity to human CRBN thalidomide binding domain assessed as inhibition constant by microscale thermophoresis analysis,B,,,BAO_0000192,BAO_0000357,single protein format,,,CHEMBL5352463,Eur J Med Chem,2023,"{'bei': '18.32', 'le': '0.37', 'lle': '4.50', 'sei': '6.42'}",CHEMBL5404837,,CHEMBL5404837,5.16,0,http://www.openphacts.org/units/Nanomolar,3984137,=,1,1,=,,Ki,nM,,CHEMBL3763008,Homo sapiens,Protein cereblon,9606,,,Ki,uM,UO_0000065,,False,5.154901959985743,5.154901959985743,False,low
ligand_0072,O=C1CCC(CS(=O)(=O)c2ccc(Cl)cc2)C(=O)N1,CHEMBL5355404,7400.0,7.4,"{'action_type': 'BINDING AGENT', 'description': 'Binds to a substance such as a cell surface antigen, targeting a drug to that location, but not necessarily affecting the functioning of the substance itself', 'parent_type': 'OTHER'}",,25589457,[],Binding affinity to human CRBN thalidomide binding domain assessed as inhibition constant by microscale thermophoresis analysis,B,,,BAO_0000192,BAO_0000357,single protein format,,,CHEMBL5352463,Eur J Med Chem,2023,"{'bei': '17.00', 'le': '0.37', 'lle': '3.96', 'sei': '6.39'}",CHEMBL5397775,,CHEMBL5397775,5.13,0,http://www.openphacts.org/units/Nanomolar,3984134,=,1,1,=,,Ki,nM,,CHEMBL3763008,Homo sapiens,Protein cereblon,9606,,,Ki,uM,UO_0000065,,False,5.130768280269024,5.130768280269024,False,low
ligand_0073,O=C1CCC(CS(=O)(=O)c2ccc(F)cc2)C(=O)N1,CHEMBL5355404,4800.0,4.8,"{'action_type': 'BINDING AGENT', 'description': 'Binds to a substance such as a cell surface antigen, targeting a drug to that location, but not necessarily affecting the functioning of the substance itself', 'parent_type': 'OTHER'}",,25589459,[],Binding affinity to human CRBN thalidomide binding domain assessed as inhibition constant by microscale thermophoresis analysis,B,,,BAO_0000192,BAO_0000357,single protein format,,,CHEMBL5352463,Eur J Med Chem,2023,"{'bei': '18.64', 'le': '0.38', 'lle': '4.67', 'sei': '6.62'}",CHEMBL5422899,,CHEMBL5422899,5.32,0,http://www.openphacts.org/units/Nanomolar,3984136,=,1,1,=,,Ki,nM,,CHEMBL3763008,Homo sapiens,Protein cereblon,9606,,,Ki,uM,UO_0000065,,False,5.318758762624412,5.318758762624412,False,low
ligand_0074,O=C1CCC(CS(=O)(=O)c2ccccc2)C(=O)N1,CHEMBL5355404,7500.0,7.5,"{'action_type': 'BINDING AGENT', 'description': 'Binds to a substance such as a cell surface antigen, targeting a drug to that location, but not necessarily affecting the functioning of the substance itself', 'parent_type': 'OTHER'}",,25589456,[],Binding affinity to human CRBN thalidomide binding domain assessed as inhibition constant by microscale thermophoresis analysis,B,,,BAO_0000192,BAO_0000357,single protein format,,,CHEMBL5352463,Eur J Med Chem,2023,"{'bei': '19.17', 'le': '0.39', 'lle': '4.61', 'sei': '6.38'}",CHEMBL5416620,,CHEMBL5416620,5.12,0,http://www.openphacts.org/units/Nanomolar,3984133,=,1,1,=,,Ki,nM,,CHEMBL3763008,Homo sapiens,Protein cereblon,9606,,,Ki,uM,UO_0000065,,False,5.1249387366083,5.1249387366083,False,low
ligand_0075,O=C1CCC(CSCc2ccccc2)C(=O)N1,CHEMBL5355404,13000.0,13.0,"{'action_type': 'BINDING AGENT', 'description': 'Binds to a substance such as a cell surface antigen, targeting a drug to that location, but not necessarily affecting the functioning of the substance itself', 'parent_type': 'OTHER'}",,25589444,[],Binding affinity to human CRBN thalidomide binding domain assessed as inhibition constant by microscale thermophoresis analysis,B,,,BAO_0000192,BAO_0000357,single protein format,,,CHEMBL5352463,Eur J Med Chem,2023,"{'bei': '19.60', 'le': '0.39', 'lle': '2.92', 'sei': '10.58'}",CHEMBL5402303,,CHEMBL5402303,4.89,0,http://www.openphacts.org/units/Nanomolar,3984118,=,1,1,=,,Ki,nM,,CHEMBL3763008,Homo sapiens,Protein cereblon,9606,,,Ki,uM,UO_0000065,,False,4.886056647693163,4.886056647693163,False,low
ligand_0076,O=C1CCC(CSc2ccc(Br)cc2)C(=O)N1,CHEMBL5355404,3500.0,3.5,"{'action_type': 'BINDING AGENT', 'description': 'Binds to a substance such as a cell surface antigen, targeting a drug to that location, but not necessarily affecting the functioning of the substance itself', 'parent_type': 'OTHER'}",,25589437,[],Binding affinity to human CRBN thalidomide binding domain assessed as inhibition constant by microscale thermophoresis analysis,B,,,BAO_0000192,BAO_0000357,single protein format,,,CHEMBL5352463,Eur J Med Chem,2023,"{'bei': '17.36', 'le': '0.44', 'lle': '2.87', 'sei': '11.82'}",CHEMBL5418463,,CHEMBL5418463,5.46,0,http://www.openphacts.org/units/Nanomolar,3984111,=,1,1,=,,Ki,nM,,CHEMBL3763008,Homo sapiens,Protein cereblon,9606,,,Ki,uM,UO_0000065,,False,5.455931955649724,5.455931955649724,False,low
ligand_0077,O=C1CCC(CSc2ccc(Cl)cc2)C(=O)N1,CHEMBL5355404,5100.0,5.1,"{'action_type': 'BINDING AGENT', 'description': 'Binds to a substance such as a cell surface antigen, targeting a drug to that location, but not necessarily affecting the functioning of the substance itself', 'parent_type': 'OTHER'}",,25589434,[],Binding affinity to human CRBN thalidomide binding domain assessed as inhibition constant by microscale thermophoresis analysis,B,,,BAO_0000192,BAO_0000357,single protein format,,,CHEMBL5352463,Eur J Med Chem,2023,"{'bei': '19.62', 'le': '0.43', 'lle': '2.81', 'sei': '11.46'}",CHEMBL5418739,,CHEMBL5418739,5.29,0,http://www.openphacts.org/units/Nanomolar,3984108,=,1,1,=,,Ki,nM,,CHEMBL3763008,Homo sapiens,Protein cereblon,9606,,,Ki,uM,UO_0000065,,False,5.292429823902063,5.292429823902063,False,low
ligand_0078,O=C1CCC(CSc2ccc(F)cc2)C(=O)N1,CHEMBL5355404,9000.0,9.0,"{'action_type': 'BINDING AGENT', 'description': 'Binds to a substance such as a cell surface antigen, targeting a drug to that location, but not necessarily affecting the functioning of the substance itself', 'parent_type': 'OTHER'}",,25589436,[],Binding affinity to human CRBN thalidomide binding domain assessed as inhibition constant by microscale thermophoresis analysis,B,,,BAO_0000192,BAO_0000357,single protein format,,,CHEMBL5352463,Eur J Med Chem,2023,"{'bei': '19.92', 'le': '0.41', 'lle': '3.08', 'sei': '10.93'}",CHEMBL5413552,,CHEMBL5413552,5.05,0,http://www.openphacts.org/units/Nanomolar,3984110,=,1,1,=,,Ki,nM,,CHEMBL3763008,Homo sapiens,Protein cereblon,9606,,,Ki,uM,UO_0000065,,False,5.045757490560675,5.045757490560675,False,low
ligand_0079,O=C1CCC(CSc2ccc([N+](=O)[O-])cc2)C(=O)N1,CHEMBL5355404,3000.0,3.0,"{'action_type': 'BINDING AGENT', 'description': 'Binds to a substance such as a cell surface antigen, targeting a drug to that location, but not necessarily affecting the functioning of the substance itself', 'parent_type': 'OTHER'}",,25589443,[],Binding affinity to human CRBN thalidomide binding domain assessed as inhibition constant by microscale thermophoresis analysis,B,,,BAO_0000192,BAO_0000357,single protein format,,,CHEMBL5352463,Eur J Med Chem,2023,"{'bei': '19.70', 'le': '0.40', 'lle': '3.78', 'sei': '6.18'}",CHEMBL5435497,,CHEMBL5435497,5.52,0,http://www.openphacts.org/units/Nanomolar,3984117,=,1,1,=,,Ki,nM,,CHEMBL3763008,Homo sapiens,Protein cereblon,9606,,,Ki,uM,UO_0000065,,False,5.522878745280337,5.522878745280337,False,low
ligand_0080,O=C1CCC(CSc2cccc([N+](=O)[O-])c2)C(=O)N1,CHEMBL5355404,500.0,0.5,"{'action_type': 'BINDING AGENT', 'description': 'Binds to a substance such as a cell surface antigen, targeting a drug to that location, but not necessarily affecting the functioning of the substance itself', 'parent_type': 'OTHER'}",,25589442,[],Binding affinity to human CRBN thalidomide binding domain assessed as inhibition constant by microscale thermophoresis analysis,B,,,BAO_0000192,BAO_0000357,single protein format,,,CHEMBL5352463,Eur J Med Chem,2023,"{'bei': '22.48', 'le': '0.45', 'lle': '4.56', 'sei': '7.06'}",CHEMBL5409302,,CHEMBL5409302,6.3,0,http://www.openphacts.org/units/Nanomolar,3984116,=,1,1,=,,Ki,nM,,CHEMBL3763008,Homo sapiens,Protein cereblon,9606,,,Ki,uM,UO_0000065,,False,6.301029995663981,6.301029995663981,True,medium
ligand_0081,O=C1CCC(CSc2ccccc2)C(=O)N1,CHEMBL5355404,7100.0,7.1,"{'action_type': 'BINDING AGENT', 'description': 'Binds to a substance such as a cell surface antigen, targeting a drug to that location, but not necessarily affecting the functioning of the substance itself', 'parent_type': 'OTHER'}",,25589433,[],Binding affinity to human CRBN thalidomide binding domain assessed as inhibition constant by microscale thermophoresis analysis,B,,,BAO_0000192,BAO_0000357,single protein format,,,CHEMBL5352463,Eur J Med Chem,2023,"{'bei': '21.88', 'le': '0.44', 'lle': '3.32', 'sei': '11.15'}",CHEMBL5428083,,CHEMBL5428083,5.15,0,http://www.openphacts.org/units/Nanomolar,3984107,=,1,1,=,,Ki,nM,,CHEMBL3763008,Homo sapiens,Protein cereblon,9606,,,Ki,uM,UO_0000065,,False,5.1487416512809245,5.1487416512809245,False,low
ligand_0082,O=C1CCC(CSc2ccccc2[N+](=O)[O-])C(=O)N1,CHEMBL5355404,3400.0,3.4,"{'action_type': 'BINDING AGENT', 'description': 'Binds to a substance such as a cell surface antigen, targeting a drug to that location, but not necessarily affecting the functioning of the substance itself', 'parent_type': 'OTHER'}",,25589441,[],Binding affinity to human CRBN thalidomide binding domain assessed as inhibition constant by microscale thermophoresis analysis,B,,,BAO_0000192,BAO_0000357,single protein format,,,CHEMBL5352463,Eur J Med Chem,2023,"{'bei': '19.51', 'le': '0.39', 'lle': '3.73', 'sei': '6.12'}",CHEMBL5439702,,CHEMBL5439702,5.47,0,http://www.openphacts.org/units/Nanomolar,3984115,=,1,1,=,,Ki,nM,,CHEMBL3763008,Homo sapiens,Protein cereblon,9606,,,Ki,uM,UO_0000065,,False,5.468521082957745,5.468521082957745,False,low
ligand_0083,O=C1CCC(CSc2ccccn2)C(=O)N1,CHEMBL5355404,7800.0,7.8,"{'action_type': 'BINDING AGENT', 'description': 'Binds to a substance such as a cell surface antigen, targeting a drug to that location, but not necessarily affecting the functioning of the substance itself', 'parent_type': 'OTHER'}",,25589446,[],Binding affinity to human CRBN thalidomide binding domain assessed as inhibition constant by microscale thermophoresis analysis,B,,,BAO_0000192,BAO_0000357,single protein format,,,CHEMBL5352463,Eur J Med Chem,2023,"{'bei': '21.62', 'le': '0.44', 'lle': '3.88', 'sei': '8.65'}",CHEMBL5435385,,CHEMBL5435385,5.11,0,http://www.openphacts.org/units/Nanomolar,3984120,=,1,1,=,,Ki,nM,,CHEMBL3763008,Homo sapiens,Protein cereblon,9606,,,Ki,uM,UO_0000065,,False,5.107905397309519,5.107905397309519,False,low
ligand_0084,O=C1CCC(CSc2ncccn2)C(=O)N1,CHEMBL5355404,7300.0,7.3,"{'action_type': 'BINDING AGENT', 'description': 'Binds to a substance such as a cell surface antigen, targeting a drug to that location, but not necessarily affecting the functioning of the substance itself', 'parent_type': 'OTHER'}",,25589447,[],Binding affinity to human CRBN thalidomide binding domain assessed as inhibition constant by microscale thermophoresis analysis,B,,,BAO_0000192,BAO_0000357,single protein format,,,CHEMBL5352463,Eur J Med Chem,2023,"{'bei': '21.65', 'le': '0.44', 'lle': '4.52', 'sei': '7.14'}",CHEMBL5398118,,CHEMBL5398118,5.14,0,http://www.openphacts.org/units/Nanomolar,3984121,=,1,1,=,,Ki,nM,,CHEMBL3763008,Homo sapiens,Protein cereblon,9606,,,Ki,uM,UO_0000065,,False,5.136677139879544,5.136677139879544,False,low
ligand_0085,O=C1CCC(N2C(=O)c3c(F)c(F)c(F)c(F)c3C2=O)C(=O)N1,CHEMBL5577336,6080.0,6.08,"{'action_type': 'BINDING AGENT', 'description': 'Binds to a substance such as a cell surface antigen, targeting a drug to that location, but not necessarily affecting the functioning of the substance itself', 'parent_type': 'OTHER'}",,26009933,[],Binding affinity to human CRBN TBD (319 to 425 residues) assessed as inhibition constant by MST assay,B,,,BAO_0000192,BAO_0000357,single protein format,,,CHEMBL5576087,Bioorg Med Chem Lett,2024,"{'bei': '15.80', 'le': '0.31', 'lle': '4.58', 'sei': '6.24'}",CHEMBL11440,,CHEMBL11440,5.22,0,http://www.openphacts.org/units/Nanomolar,4088981,=,1,1,=,,Ki,nM,,CHEMBL3763008,Homo sapiens,Protein cereblon,9606,,,Ki,uM,UO_0000065,,False,5.216096420727265,5.216096420727265,False,low
ligand_0086,O=C1CCC(N2C(=O)c3ccc(N4CCC4)cc3C2=O)C(=O)N1,CHEMBL5367924,500.0,0.5,"{'action_type': 'DEGRADER', 'description': 'Binds to or antagonizes a receptor, leading to its degradation', 'parent_type': 'NEGATIVE MODULATOR'}",,25639175,[],Binding affinity to CRBN (unknown origin) assessed as inhibition constant,B,,,BAO_0000192,BAO_0000357,single protein format,,,CHEMBL5365467,J Med Chem,2023,"{'bei': '20.11', 'le': '0.37', 'lle': '6.00', 'sei': '7.26'}",CHEMBL5438540,,CHEMBL5438540,6.3,0,http://www.openphacts.org/units/Nanomolar,3994317,=,1,1,=,,Ki,nM,,CHEMBL3763008,Homo sapiens,Protein cereblon,9606,,,Ki,uM,UO_0000065,,False,6.301029995663981,6.301029995663981,True,medium
ligand_0087,O=C1CCC(N2C(=O)c3ccccc3C2=O)C(=O)N1,CHEMBL3768102,22700.0,22.7,,,16469729,[],Inhibition of MANT-uracil binding to human CRBN (delta 1 to 315) by Cheng-Prusoff equation analysis,B,,,BAO_0000192,BAO_0000357,single protein format,,,CHEMBL3763149,J Med Chem,2016,"{'bei': '17.98', 'le': '0.33', 'lle': '4.55', 'sei': '5.56'}",CHEMBL468,THALIDOMIDE,CHEMBL468,4.64,0,http://www.openphacts.org/units/Nanomolar,2757847,=,1,1,=,,Ki,nM,,CHEMBL3763008,Homo sapiens,Protein cereblon,9606,,,Ki,uM,UO_0000065,,False,4.6439741428068775,4.6439741428068775,False,low
ligand_0088,O=C1CCC(N2C(=O)c3ccccc3C2=O)C(=O)N1,CHEMBL4679655,8510.0,8.51,"{'action_type': 'BINDING AGENT', 'description': 'Binds to a substance such as a cell surface antigen, targeting a drug to that location, but not necessarily affecting the functioning of the substance itself', 'parent_type': 'OTHER'}",,22446499,[],Binding affinity to human CRBN-thalidomide binding domain expressed in Escherichia coli by measuring baseline corrected normalized fluorescence in presence of 0.5% DMSO by MST based assay,B,,,BAO_0000192,BAO_0000019,assay format,,,CHEMBL4673389,ACS Med Chem Lett,2021,"{'bei': '19.63', 'le': '0.36', 'lle': '4.98', 'sei': '6.07'}",CHEMBL468,THALIDOMIDE,CHEMBL468,5.07,0,http://www.openphacts.org/units/Nanomolar,3517997,=,1,1,=,,Ki,nM,,CHEMBL3763008,Homo sapiens,Protein cereblon,9606,,,Ki,uM,UO_0000065,,False,5.070070439915412,5.070070439915412,False,low
ligand_0089,O=C1CCC(N2C(=O)c3ccccc3C2=O)C(=O)N1,CHEMBL5340015,4400.0,4.4,"{'action_type': 'INHIBITOR', 'description': 'Negatively effects (inhibits) the normal functioning of the protein e.g., prevention of enzymatic reaction or activation of downstream pathway', 'parent_type': 'NEGATIVE MODULATOR'}",,25528464,[],Binding affinity to CRBN (unknown origin) assessed as inhibition constant by FRET assay,B,,,BAO_0000192,BAO_0000357,single protein format,,,CHEMBL5338729,J Med Chem,2023,"{'bei': '20.74', 'le': '0.39', 'lle': '5.27', 'sei': '6.41'}",CHEMBL468,THALIDOMIDE,CHEMBL468,5.36,0,http://www.openphacts.org/units/Nanomolar,3972881,=,1,1,=,,Ki,nM,,CHEMBL3763008,Homo sapiens,Protein cereblon,9606,,,Ki,uM,UO_0000065,,False,5.356547323513812,5.356547323513812,False,low
ligand_0090,O=C1CCC(N2C(=O)c3ccccc3C2=O)C(=O)N1,CHEMBL5355404,8500.0,8.5,"{'action_type': 'BINDING AGENT', 'description': 'Binds to a substance such as a cell surface antigen, targeting a drug to that location, but not necessarily affecting the functioning of the substance itself', 'parent_type': 'OTHER'}",,25589462,[],Binding affinity to human CRBN thalidomide binding domain assessed as inhibition constant by microscale thermophoresis analysis,B,,,BAO_0000192,BAO_0000357,single protein format,,,CHEMBL5352463,Eur J Med Chem,2023,"{'bei': '19.64', 'le': '0.36', 'lle': '4.98', 'sei': '6.07'}",CHEMBL468,THALIDOMIDE,CHEMBL468,5.07,1,http://www.openphacts.org/units/Nanomolar,3984139,=,1,1,=,,Ki,nM,,CHEMBL3763008,Homo sapiens,Protein cereblon,9606,,,Ki,uM,UO_0000065,,False,5.070581074285707,5.070581074285707,False,low
ligand_0091,O=C1CCC(N2C(=O)c3ccccc3C2=O)C(=O)N1,CHEMBL5367924,1800.0,1.8,"{'action_type': 'DEGRADER', 'description': 'Binds to or antagonizes a receptor, leading to its degradation', 'parent_type': 'NEGATIVE MODULATOR'}",,25639174,[],Binding affinity to CRBN (unknown origin) assessed as inhibition constant,B,,,BAO_0000192,BAO_0000357,single protein format,,,CHEMBL5365467,J Med Chem,2023,"{'bei': '22.25', 'le': '0.41', 'lle': '5.65', 'sei': '6.88'}",CHEMBL468,THALIDOMIDE,CHEMBL468,5.75,0,http://www.openphacts.org/units/Nanomolar,3994316,=,1,1,=,,Ki,nM,,CHEMBL3763008,Homo sapiens,Protein cereblon,9606,,,Ki,uM,UO_0000065,,False,5.7447274948966935,5.7447274948966935,False,low
ligand_0092,O=C1CCC(N2C(=O)c3ccccc3C2=O)C(=O)N1,CHEMBL5577336,8550.0,8.55,"{'action_type': 'BINDING AGENT', 'description': 'Binds to a substance such as a cell surface antigen, targeting a drug to that location, but not necessarily affecting the functioning of the substance itself', 'parent_type': 'OTHER'}",,26009932,[],Binding affinity to human CRBN TBD (319 to 425 residues) assessed as inhibition constant by MST assay,B,,,BAO_0000192,BAO_0000357,single protein format,,,CHEMBL5576087,Bioorg Med Chem Lett,2024,"{'bei': '19.63', 'le': '0.36', 'lle': '4.98', 'sei': '6.07'}",CHEMBL468,THALIDOMIDE,CHEMBL468,5.07,1,http://www.openphacts.org/units/Nanomolar,4088980,=,1,1,=,,Ki,nM,,CHEMBL3763008,Homo sapiens,Protein cereblon,9606,,,Ki,uM,UO_0000065,,False,5.068033885271827,5.068033885271827,False,low
ligand_0093,O=C1CCC(N2Cc3c(NC(=O)CNc4ccnc(-c5cc6ccccc6o5)n4)cccc3C2=O)C(=O)N1,CHEMBL5738796,8300.0,8300.0,,1232038.0,28873580,[],TBD: TBD,B,,,BAO_0000192,BAO_0000357,single protein format,,,CHEMBL5729492,,2022,"{'bei': '9.95', 'le': '0.18', 'lle': '2.38', 'sei': '3.47'}",CHEMBL6031802,,CHEMBL6031802,5.08,0,http://www.openphacts.org/units/Nanomolar,4613208,=,37,1,=,,Ki,nM,,CHEMBL3763008,Homo sapiens,Protein cereblon,9606,,,Ki,nM,UO_0000065,,False,5.080921907623926,5.080921907623926,False,low
ligand_0094,O=C1CCC(N2Cc3c(NC(=O)CNc4ccnc(-c5ccc(F)cc5)n4)cccc3C2=O)C(=O)N1,CHEMBL5738796,4200.0,4200.0,,1232034.0,28873568,[],TBD: TBD,B,,,BAO_0000192,BAO_0000357,single protein format,,,CHEMBL5729492,,2022,"{'bei': '11.01', 'le': '0.20', 'lle': '3.29', 'sei': '4.03'}",CHEMBL5944959,,CHEMBL5944959,5.38,0,http://www.openphacts.org/units/Nanomolar,4613206,=,37,1,=,,Ki,nM,,CHEMBL3763008,Homo sapiens,Protein cereblon,9606,,,Ki,nM,UO_0000065,,False,5.376750709602099,5.376750709602099,False,low
ligand_0095,O=C1CCC(N2Cc3c(NC(=O)CNc4ccnc(N5CCC[C@@H]5CO)n4)cccc3C2=O)C(=O)N1,CHEMBL4618786,440.0,0.44,,,20663270,[],Binding affinity to CBRN (unknown origin) incubated for 60 mins by lenalidomide displacement assay,B,,,BAO_0000192,BAO_0000357,single protein format,,,CHEMBL4616687,ACS Med Chem Lett,2020,"{'bei': '12.88', 'le': '0.24', 'lle': '6.11', 'sei': '4.05'}",CHEMBL4635421,,CHEMBL4635421,6.36,0,http://www.openphacts.org/units/Nanomolar,3479137,=,1,1,=,,Ki,nM,,CHEMBL3763008,Homo sapiens,Protein cereblon,9606,,,Ki,uM,UO_0000065,,False,6.356547323513812,6.356547323513812,True,medium
ligand_0096,O=C1CCC(N2Cc3c(NC(=O)CNc4ccnc(N5CCC[C@H]5CO)n4)cccc3C2=O)C(=O)N1,CHEMBL5738796,2400.0,2400.0,,1232022.0,28873532,[],TBD: TBD,B,,,BAO_0000192,BAO_0000357,single protein format,,,CHEMBL5729492,,2022,"{'bei': '11.39', 'le': '0.21', 'lle': '5.37', 'sei': '3.58'}",CHEMBL5977237,,CHEMBL5977237,5.62,0,http://www.openphacts.org/units/Nanomolar,4613200,=,37,1,=,,Ki,nM,,CHEMBL3763008,Homo sapiens,Protein cereblon,9606,,,Ki,nM,UO_0000065,,False,5.619788758288394,5.619788758288394,False,low
ligand_0097,O=C1CCC(N2Cc3c(NC(=O)CNc4ccnc(N5CCN(c6cccc(C(F)(F)F)c6)CC5)n4)cccc3C2=O)C(=O)N1,CHEMBL4618786,130.0,0.13,,,20663271,[],Binding affinity to CBRN (unknown origin) incubated for 60 mins by lenalidomide displacement assay,B,,,BAO_0000192,BAO_0000357,single protein format,,,CHEMBL4616687,ACS Med Chem Lett,2020,"{'bei': '11.06', 'le': '0.21', 'lle': '4.26', 'sei': '4.92'}",CHEMBL4648907,,CHEMBL4648907,6.89,0,http://www.openphacts.org/units/Nanomolar,3479138,=,1,1,=,,Ki,nM,,CHEMBL3763008,Homo sapiens,Protein cereblon,9606,,,Ki,uM,UO_0000065,,False,6.886056647693163,6.886056647693163,True,medium
ligand_0098,O=C1CCC(N2Cc3c(NC(=O)CNc4ccnc(NCCCN5CCCC5=O)n4)cccc3C2=O)C(=O)N1,CHEMBL5738796,6500.0,6500.0,,1232026.0,28873544,[],TBD: TBD,B,,,BAO_0000192,BAO_0000357,single protein format,,,CHEMBL5729492,,2022,"{'bei': '9.70', 'le': '0.18', 'lle': '4.48', 'sei': '3.13'}",CHEMBL5742588,,CHEMBL5742588,5.19,0,http://www.openphacts.org/units/Nanomolar,4613202,=,37,1,=,,Ki,nM,,CHEMBL3763008,Homo sapiens,Protein cereblon,9606,,,Ki,nM,UO_0000065,,False,5.187086643357144,5.187086643357144,False,low
ligand_0099,O=C1CCC(N2Cc3c(NC(=O)CNc4ccnc(NCc5ccc6c(c5)OCO6)n4)cccc3C2=O)C(=O)N1,CHEMBL5738796,13600.0,13600.0,,1232020.0,28873526,[],TBD: TBD,B,,,BAO_0000192,BAO_0000357,single protein format,,,CHEMBL5729492,,2022,"{'bei': '8.95', 'le': '0.17', 'lle': '3.24', 'sei': '2.97'}",CHEMBL5742761,,CHEMBL5742761,4.87,0,http://www.openphacts.org/units/Nanomolar,4613199,=,37,1,=,,Ki,nM,,CHEMBL3763008,Homo sapiens,Protein cereblon,9606,,,Ki,nM,UO_0000065,,False,4.866461091629782,4.866461091629782,False,low
ligand_0100,O=C1CCC(N2Cc3c(NC(=O)CNc4ccnc(Nc5ccc6c(c5)CCC6)n4)cccc3C2=O)C(=O)N1,CHEMBL5738796,13600.0,13600.0,,1232018.0,28873520,[],TBD: TBD,B,,,BAO_0000192,BAO_0000357,single protein format,,,CHEMBL5729492,,2022,"{'bei': '9.26', 'le': '0.17', 'lle': '2.35', 'sei': '3.35'}",CHEMBL5916236,,CHEMBL5916236,4.87,0,http://www.openphacts.org/units/Nanomolar,4613198,=,37,1,=,,Ki,nM,,CHEMBL3763008,Homo sapiens,Protein cereblon,9606,,,Ki,nM,UO_0000065,,False,4.866461091629782,4.866461091629782,False,low
ligand_0101,O=C1CCC(N2Cc3c(NC(=O)CNc4ccnc(Nc5ccc6c(c5)OCO6)n4)cccc3C2=O)C(=O)N1,CHEMBL5738796,12200.0,12200.0,,1232024.0,28873538,[],TBD: TBD,B,,,BAO_0000192,BAO_0000357,single protein format,,,CHEMBL5729492,,2022,"{'bei': '9.28', 'le': '0.17', 'lle': '3.15', 'sei': '3.00'}",CHEMBL5752790,,CHEMBL5752790,4.91,0,http://www.openphacts.org/units/Nanomolar,4613201,=,37,1,=,,Ki,nM,,CHEMBL3763008,Homo sapiens,Protein cereblon,9606,,,Ki,nM,UO_0000065,,False,4.913640169325252,4.913640169325252,False,low
ligand_0102,O=C1CCC(N2Cc3c(NC(=O)CNc4ccnc(Nc5ccccc5F)n4)cccc3C2=O)C(=O)N1,CHEMBL5738796,8500.0,8500.0,,1232016.0,28873514,[],TBD: TBD,B,,,BAO_0000192,BAO_0000357,single protein format,,,CHEMBL5729492,,2022,"{'bei': '10.07', 'le': '0.19', 'lle': '2.90', 'sei': '3.49'}",CHEMBL5781025,,CHEMBL5781025,5.07,0,http://www.openphacts.org/units/Nanomolar,4613197,=,37,1,=,,Ki,nM,,CHEMBL3763008,Homo sapiens,Protein cereblon,9606,,,Ki,nM,UO_0000065,,False,5.070581074285707,5.070581074285707,False,low
ligand_0103,O=C1CCC(NC(=O)c2cc(F)c(F)c(F)c2F)C(=O)N1,CHEMBL5374908,30000.0,30.0,"{'action_type': 'BINDING AGENT', 'description': 'Binds to a substance such as a cell surface antigen, targeting a drug to that location, but not necessarily affecting the functioning of the substance itself', 'parent_type': 'OTHER'}",,25665468,[],Binding affinity to human CRBN TBD assessed as inhibition constant using BODIPY-uracil as substrate by MST assay,B,,,BAO_0000192,BAO_0000357,single protein format,,,CHEMBL5370657,J Med Chem,2023,"{'bei': '14.87', 'le': '0.29', 'lle': '3.74', 'sei': '6.01'}",CHEMBL5437759,,CHEMBL5437759,4.52,0,http://www.openphacts.org/units/Nanomolar,3999260,=,1,1,=,,Ki,nM,,CHEMBL3763008,Homo sapiens,Protein cereblon,9606,,,Ki,uM,UO_0000065,,False,4.522878745280337,4.522878745280337,False,low
ligand_0104,O=C1CCC(NC(=O)c2cc(F)c(F)c(F)c2F)C(=O)N1,CHEMBL5577336,30400.0,30.4,"{'action_type': 'BINDING AGENT', 'description': 'Binds to a substance such as a cell surface antigen, targeting a drug to that location, but not necessarily affecting the functioning of the substance itself', 'parent_type': 'OTHER'}",,26009937,[],Binding affinity to human CRBN TBD (319 to 425 residues) assessed as inhibition constant by MST assay,B,,,BAO_0000192,BAO_0000357,single protein format,,,CHEMBL5576087,Bioorg Med Chem Lett,2024,"{'bei': '14.85', 'le': '0.29', 'lle': '3.74', 'sei': '6.00'}",CHEMBL5437759,,CHEMBL5437759,4.52,1,http://www.openphacts.org/units/Nanomolar,4088985,=,1,1,=,,Ki,nM,,CHEMBL3763008,Homo sapiens,Protein cereblon,9606,,,Ki,uM,UO_0000065,,False,4.517126416391246,4.517126416391246,False,low
ligand_0105,O=C1CCC(NC(=O)c2ccccc2)C(=O)N1,CHEMBL5374908,63000.0,63.0,"{'action_type': 'BINDING AGENT', 'description': 'Binds to a substance such as a cell surface antigen, targeting a drug to that location, but not necessarily affecting the functioning of the substance itself', 'parent_type': 'OTHER'}",,25665467,[],Binding affinity to human CRBN TBD assessed as inhibition constant using BODIPY-uracil as substrate by MST assay,B,,,BAO_0000192,BAO_0000357,single protein format,,,CHEMBL5370657,J Med Chem,2023,"{'bei': '18.09', 'le': '0.34', 'lle': '3.98', 'sei': '5.58'}",CHEMBL1594734,,CHEMBL1594734,4.2,0,http://www.openphacts.org/units/Nanomolar,3999259,=,1,1,=,,Ki,nM,,CHEMBL3763008,Homo sapiens,Protein cereblon,9606,,,Ki,uM,UO_0000065,,False,4.200659450546418,4.200659450546418,False,low
ligand_0106,O=C1CCC(NC(=O)c2ccccc2)C(=O)N1,CHEMBL5577336,62600.0,62.6,"{'action_type': 'BINDING AGENT', 'description': 'Binds to a substance such as a cell surface antigen, targeting a drug to that location, but not necessarily affecting the functioning of the substance itself', 'parent_type': 'OTHER'}",,26009936,[],Binding affinity to human CRBN TBD (319 to 425 residues) assessed as inhibition constant by MST assay,B,,,BAO_0000192,BAO_0000357,single protein format,,,CHEMBL5576087,Bioorg Med Chem Lett,2024,"{'bei': '18.10', 'le': '0.34', 'lle': '3.98', 'sei': '5.58'}",CHEMBL1594734,,CHEMBL1594734,4.2,1,http://www.openphacts.org/units/Nanomolar,4088984,=,1,1,=,,Ki,nM,,CHEMBL3763008,Homo sapiens,Protein cereblon,9606,,,Ki,uM,UO_0000065,,False,4.20342566678957,4.20342566678957,False,low
ligand_0107,O=C1CCC(NC(=O)c2ccccn2)C(=O)N1,CHEMBL5374908,66000.0,66.0,"{'action_type': 'BINDING AGENT', 'description': 'Binds to a substance such as a cell surface antigen, targeting a drug to that location, but not necessarily affecting the functioning of the substance itself', 'parent_type': 'OTHER'}",,25665490,[],Binding affinity to human CRBN TBD assessed as inhibition constant using BODIPY-uracil as substrate by MST assay,B,,,BAO_0000192,BAO_0000357,single protein format,,,CHEMBL5370657,J Med Chem,2023,"{'bei': '17.92', 'le': '0.34', 'lle': '4.56', 'sei': '4.74'}",CHEMBL5410366,,CHEMBL5410366,4.18,0,http://www.openphacts.org/units/Nanomolar,3999252,=,1,1,=,,Ki,nM,,CHEMBL3763008,Homo sapiens,Protein cereblon,9606,,,Ki,uM,UO_0000065,,False,4.180456064458132,4.180456064458132,False,low
ligand_0108,O=C1CCC(SCc2ccccc2)C(=O)N1,CHEMBL5355404,20000.0,20.0,"{'action_type': 'BINDING AGENT', 'description': 'Binds to a substance such as a cell surface antigen, targeting a drug to that location, but not necessarily affecting the functioning of the substance itself', 'parent_type': 'OTHER'}",,25589455,[],Binding affinity to human CRBN thalidomide binding domain assessed as inhibition constant by microscale thermophoresis analysis,B,,,BAO_0000192,BAO_0000357,single protein format,,,CHEMBL5352463,Eur J Med Chem,2023,"{'bei': '19.97', 'le': '0.40', 'lle': '2.97', 'sei': '10.18'}",CHEMBL5435212,,CHEMBL5435212,4.7,0,http://www.openphacts.org/units/Nanomolar,3984132,=,1,1,=,,Ki,nM,,CHEMBL3763008,Homo sapiens,Protein cereblon,9606,,,Ki,uM,UO_0000065,,False,4.698970004336019,4.698970004336019,False,low
ligand_0109,O=C1CCC2(CC(C3CCCC3)=NO2)C(=O)N1,CHEMBL5524487,30100.0,30.1,"{'action_type': 'BINDING AGENT', 'description': 'Binds to a substance such as a cell surface antigen, targeting a drug to that location, but not necessarily affecting the functioning of the substance itself', 'parent_type': 'OTHER'}",,25908406,[],Binding affinity to human CRBN TBD assessed as inhibition constant using BODIPY-uracil as substrate by Microscale thermophoresis assay,B,,,BAO_0000192,BAO_0000357,single protein format,,,CHEMBL5523700,Eur J Med Chem,2024,"{'bei': '19.14', 'le': '0.36', 'lle': '3.39', 'sei': '6.67'}",CHEMBL5563024,,CHEMBL5563024,4.52,0,http://www.openphacts.org/units/Nanomolar,4069160,=,1,1,=,,Ki,nM,,CHEMBL3763008,Homo sapiens,Protein cereblon,9606,,,Ki,uM,UO_0000065,,False,4.521433504406157,4.521433504406157,False,low
ligand_0110,O=C1CCC2(CC(C3CCCCC3)=NO2)C(=O)N1,CHEMBL5524487,27100.0,27.1,"{'action_type': 'BINDING AGENT', 'description': 'Binds to a substance such as a cell surface antigen, targeting a drug to that location, but not necessarily affecting the functioning of the substance itself', 'parent_type': 'OTHER'}",,25908405,[],Binding affinity to human CRBN TBD assessed as inhibition constant using BODIPY-uracil as substrate by Microscale thermophoresis assay,B,,,BAO_0000192,BAO_0000357,single protein format,,,CHEMBL5523700,Eur J Med Chem,2024,"{'bei': '18.25', 'le': '0.35', 'lle': '3.05', 'sei': '6.74'}",CHEMBL5557027,,CHEMBL5557027,4.57,0,http://www.openphacts.org/units/Nanomolar,4069159,=,1,1,=,,Ki,nM,,CHEMBL3763008,Homo sapiens,Protein cereblon,9606,,,Ki,uM,UO_0000065,,False,4.567030709125595,4.567030709125595,False,low
ligand_0111,O=C1CCC2(CC(c3c(Cl)cccc3Cl)=NO2)C(=O)N1,CHEMBL5524487,3800.0,3.8,"{'action_type': 'BINDING AGENT', 'description': 'Binds to a substance such as a cell surface antigen, targeting a drug to that location, but not necessarily affecting the functioning of the substance itself', 'parent_type': 'OTHER'}",,25908396,[],Binding affinity to human CRBN TBD assessed as inhibition constant using BODIPY-uracil as substrate by Microscale thermophoresis assay,B,,,BAO_0000192,BAO_0000357,single protein format,,,CHEMBL5523700,Eur J Med Chem,2024,"{'bei': '17.31', 'le': '0.37', 'lle': '3.13', 'sei': '8.00'}",CHEMBL5559649,,CHEMBL5559649,5.42,0,http://www.openphacts.org/units/Nanomolar,4069150,=,1,1,=,,Ki,nM,,CHEMBL3763008,Homo sapiens,Protein cereblon,9606,,,Ki,uM,UO_0000065,,False,5.42021640338319,5.42021640338319,False,low
ligand_0112,O=C1CCC2(CC(c3ccc(C(=O)O)cc3)=NO2)C(=O)N1,CHEMBL5524487,20400.0,20.4,"{'action_type': 'BINDING AGENT', 'description': 'Binds to a substance such as a cell surface antigen, targeting a drug to that location, but not necessarily affecting the functioning of the substance itself', 'parent_type': 'OTHER'}",,25908403,[],Binding affinity to human CRBN TBD assessed as inhibition constant using BODIPY-uracil as substrate by Microscale thermophoresis assay,B,,,BAO_0000192,BAO_0000357,single protein format,,,CHEMBL5523700,Eur J Med Chem,2024,"{'bei': '16.27', 'le': '0.31', 'lle': '4.01', 'sei': '4.46'}",CHEMBL5559886,,CHEMBL5559886,4.69,0,http://www.openphacts.org/units/Nanomolar,4069157,=,1,1,=,,Ki,nM,,CHEMBL3763008,Homo sapiens,Protein cereblon,9606,,,Ki,uM,UO_0000065,,False,4.690369832574102,4.690369832574102,False,low
ligand_0113,O=C1CCC2(CC(c3ccc(Cl)cc3Cl)=NO2)C(=O)N1,CHEMBL5524487,3700.0,3.7,"{'action_type': 'BINDING AGENT', 'description': 'Binds to a substance such as a cell surface antigen, targeting a drug to that location, but not necessarily affecting the functioning of the substance itself', 'parent_type': 'OTHER'}",,25908395,[],Binding affinity to human CRBN TBD assessed as inhibition constant using BODIPY-uracil as substrate by Microscale thermophoresis assay,B,,,BAO_0000192,BAO_0000357,single protein format,,,CHEMBL5523700,Eur J Med Chem,2024,"{'bei': '17.35', 'le': '0.37', 'lle': '3.14', 'sei': '8.02'}",CHEMBL5563368,,CHEMBL5563368,5.43,0,http://www.openphacts.org/units/Nanomolar,4069149,=,1,1,=,,Ki,nM,,CHEMBL3763008,Homo sapiens,Protein cereblon,9606,,,Ki,uM,UO_0000065,,False,5.431798275933005,5.431798275933005,False,low
ligand_0114,O=C1CCC2(CC(c3ccccc3Br)=NO2)C(=O)N1,CHEMBL5524487,8800.0,8.8,"{'action_type': 'BINDING AGENT', 'description': 'Binds to a substance such as a cell surface antigen, targeting a drug to that location, but not necessarily affecting the functioning of the substance itself', 'parent_type': 'OTHER'}",,25908397,[],Binding affinity to human CRBN TBD assessed as inhibition constant using BODIPY-uracil as substrate by Microscale thermophoresis assay,B,,,BAO_0000192,BAO_0000357,single protein format,,,CHEMBL5523700,Eur J Med Chem,2024,"{'bei': '15.64', 'le': '0.36', 'lle': '3.31', 'sei': '7.46'}",CHEMBL5555248,,CHEMBL5555248,5.06,0,http://www.openphacts.org/units/Nanomolar,4069151,=,1,1,=,,Ki,nM,,CHEMBL3763008,Homo sapiens,Protein cereblon,9606,,,Ki,uM,UO_0000065,,False,5.055517327849831,5.055517327849831,False,low
ligand_0115,O=C1CCC2(CC(c3ccccc3Cl)=NO2)C(=O)N1,CHEMBL5524487,3600.0,3.6,"{'action_type': 'BINDING AGENT', 'description': 'Binds to a substance such as a cell surface antigen, targeting a drug to that location, but not necessarily affecting the functioning of the substance itself', 'parent_type': 'OTHER'}",,25908394,[],Binding affinity to human CRBN TBD assessed as inhibition constant using BODIPY-uracil as substrate by Microscale thermophoresis assay,B,,,BAO_0000192,BAO_0000357,single protein format,,,CHEMBL5523700,Eur J Med Chem,2024,"{'bei': '19.53', 'le': '0.39', 'lle': '3.80', 'sei': '8.03'}",CHEMBL5561114,,CHEMBL5561114,5.44,0,http://www.openphacts.org/units/Nanomolar,4069148,=,1,1,=,,Ki,nM,,CHEMBL3763008,Homo sapiens,Protein cereblon,9606,,,Ki,uM,UO_0000065,,False,5.443697499232712,5.443697499232712,False,low
ligand_0116,O=C1CCC2(CC(c3ccccc3F)=NO2)C(=O)N1,CHEMBL5524487,15800.0,15.8,"{'action_type': 'BINDING AGENT', 'description': 'Binds to a substance such as a cell surface antigen, targeting a drug to that location, but not necessarily affecting the functioning of the substance itself', 'parent_type': 'OTHER'}",,25908399,[],Binding affinity to human CRBN TBD assessed as inhibition constant using BODIPY-uracil as substrate by Microscale thermophoresis assay,B,,,BAO_0000192,BAO_0000357,single protein format,,,CHEMBL5523700,Eur J Med Chem,2024,"{'bei': '18.31', 'le': '0.35', 'lle': '3.67', 'sei': '7.09'}",CHEMBL5561864,,CHEMBL5561864,4.8,0,http://www.openphacts.org/units/Nanomolar,4069153,=,1,1,=,,Ki,nM,,CHEMBL3763008,Homo sapiens,Protein cereblon,9606,,,Ki,uM,UO_0000065,,False,4.801342913045577,4.801342913045577,False,low
ligand_0117,O=C1CCC2(CC(c3ccccc3I)=NO2)C(=O)N1,CHEMBL5524487,11300.0,11.3,"{'action_type': 'BINDING AGENT', 'description': 'Binds to a substance such as a cell surface antigen, targeting a drug to that location, but not necessarily affecting the functioning of the substance itself', 'parent_type': 'OTHER'}",,25908398,[],Binding affinity to human CRBN TBD assessed as inhibition constant using BODIPY-uracil as substrate by Microscale thermophoresis assay,B,,,BAO_0000192,BAO_0000357,single protein format,,,CHEMBL5523700,Eur J Med Chem,2024,"{'bei': '13.36', 'le': '0.36', 'lle': '3.36', 'sei': '7.30'}",CHEMBL5555710,,CHEMBL5555710,4.95,0,http://www.openphacts.org/units/Nanomolar,4069152,=,1,1,=,,Ki,nM,,CHEMBL3763008,Homo sapiens,Protein cereblon,9606,,,Ki,uM,UO_0000065,,False,4.94692155651658,4.94692155651658,False,low
ligand_0118,O=C1CCC2(CC(c3ccccc3[N+](=O)[O-])=NO2)C(=O)N1,CHEMBL5524487,5900.0,5.9,"{'action_type': 'BINDING AGENT', 'description': 'Binds to a substance such as a cell surface antigen, targeting a drug to that location, but not necessarily affecting the functioning of the substance itself', 'parent_type': 'OTHER'}",,25908400,[],Binding affinity to human CRBN TBD assessed as inhibition constant using BODIPY-uracil as substrate by Microscale thermophoresis assay,B,,,BAO_0000192,BAO_0000357,single protein format,,,CHEMBL5523700,Eur J Med Chem,2024,"{'bei': '18.08', 'le': '0.34', 'lle': '4.34', 'sei': '4.72'}",CHEMBL5549746,,CHEMBL5549746,5.23,0,http://www.openphacts.org/units/Nanomolar,4069154,=,1,1,=,,Ki,nM,,CHEMBL3763008,Homo sapiens,Protein cereblon,9606,,,Ki,uM,UO_0000065,,False,5.229147988357855,5.229147988357855,False,low
ligand_0119,O=C1CCC2(CC(c3cccnc3)=NO2)C(=O)N1,CHEMBL5524487,33400.0,33.4,"{'action_type': 'BINDING AGENT', 'description': 'Binds to a substance such as a cell surface antigen, targeting a drug to that location, but not necessarily affecting the functioning of the substance itself', 'parent_type': 'OTHER'}",,25908404,[],Binding affinity to human CRBN TBD assessed as inhibition constant using BODIPY-uracil as substrate by Microscale thermophoresis assay,B,,,BAO_0000192,BAO_0000357,single protein format,,,CHEMBL5523700,Eur J Med Chem,2024,"{'bei': '18.25', 'le': '0.34', 'lle': '4.10', 'sei': '5.55'}",CHEMBL5563719,,CHEMBL5563719,4.48,0,http://www.openphacts.org/units/Nanomolar,4069158,=,1,1,=,,Ki,nM,,CHEMBL3763008,Homo sapiens,Protein cereblon,9606,,,Ki,uM,UO_0000065,,False,4.476253533188435,4.476253533188435,False,low
ligand_0120,O=C1CCCC(=O)N1,CHEMBL5340015,28000.0,28.0,"{'action_type': 'INHIBITOR', 'description': 'Negatively effects (inhibits) the normal functioning of the protein e.g., prevention of enzymatic reaction or activation of downstream pathway', 'parent_type': 'NEGATIVE MODULATOR'}",,25528456,[],Binding affinity to CRBN (unknown origin) assessed as inhibition constant by FRET assay,B,,,BAO_0000192,BAO_0000357,single protein format,,,CHEMBL5338729,J Med Chem,2023,"{'bei': '40.25', 'le': '0.78', 'lle': '4.74', 'sei': '9.86'}",CHEMBL3763941,,CHEMBL3763941,4.55,0,http://www.openphacts.org/units/Nanomolar,3972867,=,1,1,=,,Ki,nM,,CHEMBL3763008,Homo sapiens,Protein cereblon,9606,,,Ki,uM,UO_0000065,,False,4.552841968657781,4.552841968657781,False,low
ligand_0121,O=C1CCCC(=O)N1,CHEMBL5524487,92500.0,92.5,"{'action_type': 'BINDING AGENT', 'description': 'Binds to a substance such as a cell surface antigen, targeting a drug to that location, but not necessarily affecting the functioning of the substance itself', 'parent_type': 'OTHER'}",,25908411,[],Binding affinity to human CRBN TBD assessed as inhibition constant using BODIPY-uracil as substrate by Microscale thermophoresis assay,B,,,BAO_0000192,BAO_0000357,single protein format,,,CHEMBL5523700,Eur J Med Chem,2024,"{'bei': '35.66', 'le': '0.69', 'lle': '4.22', 'sei': '8.74'}",CHEMBL3763941,,CHEMBL3763941,4.03,0,http://www.openphacts.org/units/Nanomolar,4069165,=,1,1,=,,Ki,nM,,CHEMBL3763008,Homo sapiens,Protein cereblon,9606,,,Ki,uM,UO_0000065,,False,4.0338582672609675,4.0338582672609675,False,low
ligand_0122,O=C1CCCCN1,CHEMBL5340015,146000.0,146.0,"{'action_type': 'INHIBITOR', 'description': 'Negatively effects (inhibits) the normal functioning of the protein e.g., prevention of enzymatic reaction or activation of downstream pathway', 'parent_type': 'NEGATIVE MODULATOR'}",,25528457,[],Binding affinity to CRBN (unknown origin) assessed as inhibition constant by FRET assay,B,,,BAO_0000192,BAO_0000357,single protein format,,,CHEMBL5338729,J Med Chem,2023,"{'bei': '38.69', 'le': '0.75', 'lle': '3.55', 'sei': '13.18'}",CHEMBL12193,,CHEMBL12193,3.84,0,http://www.openphacts.org/units/Nanomolar,3972868,=,1,1,=,,Ki,nM,,CHEMBL3763008,Homo sapiens,Protein cereblon,9606,,,Ki,uM,UO_0000065,,False,3.835647144215563,3.835647144215563,False,low
ligand_0123,O=C1CCN1,CHEMBL5340015,77000.0,77.0,"{'action_type': 'INHIBITOR', 'description': 'Negatively effects (inhibits) the normal functioning of the protein e.g., prevention of enzymatic reaction or activation of downstream pathway', 'parent_type': 'NEGATIVE MODULATOR'}",,25528459,[],Binding affinity to CRBN (unknown origin) assessed as inhibition constant by FRET assay,B,,,BAO_0000192,BAO_0000357,single protein format,,,CHEMBL5338729,J Med Chem,2023,"{'bei': '57.87', 'le': '1.12', 'lle': '4.60', 'sei': '14.14'}",CHEMBL344042,,CHEMBL344042,4.11,0,http://www.openphacts.org/units/Nanomolar,3972870,=,1,1,=,,Ki,nM,,CHEMBL3763008,Homo sapiens,Protein cereblon,9606,,,Ki,uM,UO_0000065,,False,4.113509274827518,4.113509274827518,False,low
ligand_0124,O=C1CCNC(=O)N1,CHEMBL5340015,88000.0,88.0,"{'action_type': 'INHIBITOR', 'description': 'Negatively effects (inhibits) the normal functioning of the protein e.g., prevention of enzymatic reaction or activation of downstream pathway', 'parent_type': 'NEGATIVE MODULATOR'}",,25528458,[],Binding affinity to CRBN (unknown origin) assessed as inhibition constant by FRET assay,B,,,BAO_0000192,BAO_0000357,single protein format,,,CHEMBL5338729,J Med Chem,2023,"{'bei': '35.54', 'le': '0.69', 'lle': '4.84', 'sei': '6.97'}",CHEMBL1232394,,CHEMBL1232394,4.06,0,http://www.openphacts.org/units/Nanomolar,3972869,=,1,1,=,,Ki,nM,,CHEMBL3763008,Homo sapiens,Protein cereblon,9606,,,Ki,uM,UO_0000065,,False,4.055517327849832,4.055517327849832,False,low
ligand_0125,O=C1CC[C@H](N2Cc3c(OCc4ccc(CN5CCOCC5)cc4)cccc3C2=O)C(=O)N1,CHEMBL4679656,4940.0,4.94,"{'action_type': 'BINDING AGENT', 'description': 'Binds to a substance such as a cell surface antigen, targeting a drug to that location, but not necessarily affecting the functioning of the substance itself', 'parent_type': 'OTHER'}",,22446531,[],Binding affinity to human CRBN-thalidomide binding domain expressed in Escherichia coli by measuring baseline corrected normalized fluorescence by MST based assay,B,,,BAO_0000192,BAO_0000019,assay format,,,CHEMBL4673389,ACS Med Chem Lett,2021,"{'bei': '11.80', 'le': '0.22', 'lle': '3.45', 'sei': '6.02'}",CHEMBL3989927,IBERDOMIDE,CHEMBL3989927,5.31,0,http://www.openphacts.org/units/Nanomolar,3518001,=,1,1,=,,Ki,nM,,CHEMBL3763008,Homo sapiens,Protein cereblon,9606,,,Ki,uM,UO_0000065,,False,5.306273051076353,5.306273051076353,False,low
ligand_0126,O=C1CNC(=O)N1,CHEMBL5340015,43000.0,43.0,"{'action_type': 'INHIBITOR', 'description': 'Negatively effects (inhibits) the normal functioning of the protein e.g., prevention of enzymatic reaction or activation of downstream pathway', 'parent_type': 'NEGATIVE MODULATOR'}",,25528461,[],Binding affinity to CRBN (unknown origin) assessed as inhibition constant by FRET assay,B,,,BAO_0000192,BAO_0000357,single protein format,,,CHEMBL5338729,J Med Chem,2023,"{'bei': '43.63', 'le': '0.85', 'lle': '5.54', 'sei': '7.50'}",CHEMBL122334,HYDANTOIN,CHEMBL122334,4.37,0,http://www.openphacts.org/units/Nanomolar,3972872,=,1,1,=,,Ki,nM,,CHEMBL3763008,Homo sapiens,Protein cereblon,9606,,,Ki,uM,UO_0000065,,False,4.366531544420414,4.366531544420414,False,low
ligand_0127,O=c1cc[nH]c(=O)[nH]1,CHEMBL5340015,35000.0,35.0,"{'action_type': 'INHIBITOR', 'description': 'Negatively effects (inhibits) the normal functioning of the protein e.g., prevention of enzymatic reaction or activation of downstream pathway', 'parent_type': 'NEGATIVE MODULATOR'}",,25528462,[],Binding affinity to CRBN (unknown origin) assessed as inhibition constant by FRET assay,B,,,BAO_0000192,BAO_0000357,single protein format,,,CHEMBL5338729,J Med Chem,2023,"{'bei': '39.75', 'le': '0.76', 'lle': '5.40', 'sei': '6.78'}",CHEMBL566,URACIL,CHEMBL566,4.46,0,http://www.openphacts.org/units/Nanomolar,3972873,=,1,1,=,,Ki,nM,,CHEMBL3763008,Homo sapiens,Protein cereblon,9606,,,Ki,uM,UO_0000065,,False,4.455931955649724,4.455931955649724,False,low
