target,method_id,metric,n_points,pearson_r,pearson_p,spearman_rho,spearman_p,kendall_tau,kendall_p,method_label,pearson_p_bh,spearman_p_bh,kendall_p_bh,pearson_ci_low,pearson_ci_high,pearson_perm_p,spearman_ci_low,spearman_ci_high,spearman_perm_p,kendall_ci_low,kendall_ci_high,kendall_perm_p,calibrated_rmse,calibrated_rmse_ci_low,calibrated_rmse_ci_high,calibrated_rmse_boot_mean,calibrated_mae,calibrated_mae_ci_low,calibrated_mae_ci_high,calibrated_mae_boot_mean
1g5m,boltz2,boltz2_affinity_pred_value,244,0.49364950832661925,2.1552484735477735e-16,0.5376209336933547,1.1178273602602654e-19,0.38536211550695026,3.3140595589843424e-19,Boltz-2,5.945513030476617e-16,3.888095166122662e-19,1.15271636834238e-18,0.35221810179627905,0.613028858872195,9.999000099990002e-05,0.4284376012792491,0.6333437923678114,9.999000099990002e-05,0.3049674425625519,0.46042625574577434,9.999000099990002e-05,0.6924034486710198,0.5895078058085154,0.7930072198693826,0.6858916361119712,0.5154390764151386,0.4548091489480097,0.5771885995513522,0.5132720226161231
1g5m,dynamicbind,dynamicbind_affinity_bestpose,244,0.16312311076145725,0.010707676597697854,0.19662428715658037,0.002030213123643879,0.13513837480283153,0.0016820533632796787,DynamicBind,0.014042854554357841,0.0028494219279212338,0.0024029333761138266,0.039263613069643544,0.2816068446300502,0.0105989401059894,0.07164045184738096,0.3179541424004745,0.0011998800119988001,0.04763412746911162,0.22166884005747547,0.0015998400159984002,0.7855121086896953,0.6810122884314869,0.8863405360340181,0.7805387434795608,0.5819658092827849,0.5117555215922981,0.6551714222133564,0.5800253832973327
1g5m,gnina,gnina_cnn_affinity_bestpose,242,0.09202258400645486,0.15353568318920546,0.08155248514898475,0.20615928558554997,0.05673979437231344,0.18909879805422058,GNINA 1.3,0.17299795288924558,0.2259279842033424,0.2130690682301077,-0.0367656192677256,0.2138117675480868,0.16058394160583941,-0.039152425674441334,0.1998744994346928,0.20427957204279573,-0.022384075356559664,0.13445518765139644,0.19668033196680332,0.79598494419633,0.6895975270410886,0.8990371704822703,0.7917653917026738,0.5862660930458238,0.5143979749909735,0.6624296418601966,0.5861570619910532
1g5m,plapt,plapt_affinity,244,-0.05782335593660424,0.3684693060751077,-0.03864424617808554,0.5479950921979184,-0.02791891980063494,0.5163545388314047,PLAPT,0.3878624274474818,0.5768369391557036,0.5435310935067418,-0.1651908647519262,0.048782678031935076,0.37776222377762225,-0.163712007276742,0.08636707970673009,0.5480451954804519,-0.10849842064009677,0.0547415398638433,0.5216478352164784,0.7948441772546191,0.6899183368891647,0.9013066224867728,0.7904902100861788,0.5797089332749279,0.5100750354199677,0.6508323347591122,0.5781114460662181
1g5m,qvina,qvina_affinity_bestpose,244,0.10212629705026352,0.1115566663178966,0.11380457376032835,0.07600947297583543,0.07769532201889823,0.07536399730233953,QVina2,0.12934106239756127,0.09355012058564362,0.09275568898749481,-0.02566028472014837,0.22440873780544368,0.1040895910408959,-0.016788537145536814,0.24165479492004488,0.07649235076492351,-0.013403126255474433,0.1664878507529774,0.0680931906809319,0.7920134605845848,0.6859861467583824,0.8959100066690828,0.7872570255686171,0.576480522091155,0.5038284052707414,0.6499406403331375,0.5745330542379455
2v5z,boltz2,boltz2_affinity_pred_value,208,0.2940283585266182,1.6277344466808132e-05,0.23583108556303325,0.0006053533279777654,0.15835672186883673,0.0007503992752174591,Boltz-2,2.712890744468022e-05,0.0009137408724192686,0.0011326781512716363,0.14389276813080595,0.4255460187100195,0.00019998000199980003,0.09415460554776726,0.36731562253583144,0.0008999100089991,0.057494885220792685,0.25444648409095505,0.0007999200079992001,1.2558230537971242,1.1415772352518705,1.353366968683213,1.2482320310966304,1.0532642639292402,0.9466677259815734,1.1473746218890597,1.0459281596511445
2v5z,dynamicbind,dynamicbind_affinity_bestpose,212,-0.15363266000482154,0.025286522605951083,-0.1457031098268225,0.03398459220402542,-0.10295993773495224,0.026924356977273568,DynamicBind,0.032109869975810904,0.04531278960536723,0.035899142636364754,-0.2939291916638115,-0.012515213275444434,0.026697330266973303,-0.28300340700870047,-0.009529782992850296,0.032996700329967,-0.1969586090823269,-0.009177765196426806,0.028397160283971604,1.309415546278481,1.1853004798186368,1.4172476928731506,1.300179968983702,1.1070547843152931,0.9982845501604052,1.1985536337850686,1.0977295616683782
2v5z,gnina,gnina_cnn_affinity_bestpose,212,-0.08773293954870162,0.2032618552108955,-0.15930076732278267,0.020309553412225533,-0.1144261052504243,0.01390799284237613,GNINA 1.3,0.22584650578988386,0.02753837750810242,0.018858295379493056,-0.22147454790547702,0.042508862108061,0.20027997200279973,-0.2946981303141485,-0.025284584649249018,0.022097790220977902,-0.2063323312816207,-0.023753829966945094,0.013798620137986202,1.3195932041979637,1.1933657722698001,1.4290415446374611,1.3108682054564833,1.1101882126524292,0.9936763271106326,1.207552609619036,1.1011106452199684
2v5z,plapt,plapt_affinity,213,-0.13458733338695744,0.04980756397218607,-0.1387038837661757,0.04315676364027597,-0.09926211610494756,0.03248747581079466,PLAPT,0.062204366148803834,0.05568614663261416,0.0426065256535012,-0.26062248178869624,-0.011415929256059632,0.04989501049895011,-0.269800835844761,-0.004852958494953238,0.043695630436956304,-0.18671193149144444,-0.01011837272039905,0.0336966303369663,1.312164833154263,1.185911889557827,1.4208528960718805,1.3040139504508617,1.1008060291897015,0.9902864176894308,1.1958516226299192,1.0930403955888475
2v5z,qvina,qvina_affinity_bestpose,212,0.18631112176403472,0.006517256472652765,0.2102955854248455,0.0020815409944098424,0.14413636378526484,0.0021118755589884623,QVina2,0.008836957929020698,0.0028710910267721965,0.0029640358722645087,0.055434194960780815,0.3176224032351913,0.0066993300669933005,0.06756950406344449,0.34005107986525207,0.0025997400259974,0.04901658555849043,0.23693286413084685,0.0017998200179982,1.3015067478549565,1.1890838005603677,1.3984124062174614,1.2923765721155207,1.1082487194951127,1.0039285561126658,1.1981426461374525,1.100354785551424
3eyg,boltz2,boltz2_affinity_pred_value,2232,0.6953137432334764,3.16e-322,0.5985793883630399,4.24172603348341e-217,0.445454077340224,5.927958885306878e-214,Boltz-2,1.265e-320,1.6966904133933638e-215,2.3711835541227512e-212,0.6620761628948035,0.7252922570963417,9.999000099990002e-05,0.5652314646861789,0.6308148919430442,9.999000099990002e-05,0.4195273194893959,0.4706066463413704,9.999000099990002e-05,0.5466470752416623,0.5235703833956333,0.5694659490799315,0.5462338934229628,0.3786754387852965,0.3616612592645241,0.39566320291875,0.37845914885269405
3eyg,dynamicbind,dynamicbind_affinity_bestpose,2233,0.19263606558538507,4.1538994613038495e-20,0.03883010777364444,0.06656990213303049,0.027808005419597673,0.05125685023458883,DynamicBind,1.3292478276172317e-19,0.08321237766628811,0.06407106279323603,0.13207979982254134,0.25183369860245985,9.999000099990002e-05,-0.004426100908139532,0.08193715636497809,0.0674932506749325,-0.003042095972864738,0.05807162111344369,0.050294970502949704,0.7497364877411062,0.7159182058576837,0.7826322089893001,0.7491396453013808,0.5405781982569795,0.5151139232681142,0.5663048392179327,0.5403310165661719
3eyg,gnina,gnina_cnn_affinity_bestpose,2195,0.04093694856025912,0.05515651802577262,0.020896026899358898,0.32780468863315015,0.023571284253973538,0.1015808905944101,GNINA 1.3,0.06676422649232591,0.35438344717097314,0.11950693011107069,-0.012186869982441555,0.09455359955674256,0.054594540545945404,-0.024008105884587457,0.06630670739714511,0.32226777322267774,-0.007308852224522564,0.054807961323908944,0.100989901009899,0.7635240328871186,0.7266008299471652,0.7987627045041957,0.7629507843754589,0.5430959803929465,0.5163784199655033,0.5700238478206956,0.5428856308221455
3eyg,plapt,plapt_affinity,2234,0.21135991539515092,5.599414986329571e-24,0.13429710488394356,1.8546640389349713e-10,0.0906650142802627,2.0569555155461583e-10,PLAPT,2.0361509041198442e-23,4.363915385729344e-10,5.142388788865396e-10,0.165674064282972,0.2566672362782072,9.999000099990002e-05,0.09208814294544684,0.1778492134512955,9.999000099990002e-05,0.061102174341763536,0.11996457391084718,9.999000099990002e-05,0.7466481550508742,0.7124422794338102,0.7799885283040843,0.746308610778882,0.5342141208692198,0.5090103608672599,0.559359273672344,0.5341091503956964
3eyg,qvina,qvina_affinity_bestpose,2201,-0.04075448465528317,0.055915039687322955,-0.12603258984006926,2.972520850787388e-09,-0.08777210390520784,1.7010761632851428e-09,QVina2,0.06676422649232591,6.427072109810569e-09,3.780169251744762e-09,-0.08395760215537032,0.001954820790721758,0.05219478052194781,-0.1669832951040026,-0.08488474371681749,9.999000099990002e-05,-0.11566542938523947,-0.06058695858492544,9.999000099990002e-05,0.7625446935011219,0.725394405977746,0.7994063851236047,0.7622594037144803,0.5386311484625204,0.5106785902778225,0.5671348907579192,0.5383860555647935
3jy9,boltz2,boltz2_affinity_pred_value,2009,0.7503734740849952,0.0,0.6513671990686001,6.44368436317999e-243,0.47306666601872144,9.056659976892504e-218,Boltz-2,0.0,5.154947490543992e-241,7.245327981514003e-216,0.7258071724146546,0.7735911408165607,9.999000099990002e-05,0.6212984397845486,0.6795400261995014,9.999000099990002e-05,0.4471447173493959,0.4974464789760961,9.999000099990002e-05,0.7231680406810992,0.6922741628858856,0.7520642495523044,0.7223972192603062,0.5296820514761571,0.5077030380032143,0.5512207096520153,0.5294608866407096
3jy9,dynamicbind,dynamicbind_affinity_bestpose,2013,0.30817743829991173,1.5218101040743553e-45,0.21917123947811526,2.5594374987661308e-23,0.15015791014838567,1.4000786307820357e-23,DynamicBind,1.1067709847813495e-44,9.75023809053764e-23,5.33363287916966e-23,0.25359468896415027,0.35865312352773987,9.999000099990002e-05,0.17482640068640806,0.26299243359678137,9.999000099990002e-05,0.1185940314762387,0.1814612028190729,9.999000099990002e-05,1.0434849176477476,1.009807283980507,1.0745731337767825,1.0422206608655173,0.840643341934102,0.8040014854182003,0.8759812973422885,0.8401070145394882
3jy9,gnina,gnina_cnn_affinity_bestpose,1986,0.1228919753513684,3.928970382715896e-08,0.13593190947174053,1.1855801710324007e-09,0.09119701501501705,1.5758886299985414e-09,GNINA 1.3,7.857940765431792e-08,2.7098975337883444e-09,3.60203115428238e-09,0.07836283293675836,0.1664416397698314,9.999000099990002e-05,0.0938638369806767,0.1771731063686313,9.999000099990002e-05,0.062241212865738894,0.12008736426015881,9.999000099990002e-05,1.0887555666097204,1.0520564114183704,1.121917707994631,1.0877105284581425,0.8742643681801537,0.8368112007473139,0.9109374567767281,0.8739358983900771
3jy9,plapt,plapt_affinity,2014,0.2695316222225098,7.331023035551296e-35,0.2263356973973397,8.247335951410021e-25,0.1552486128784043,4.16970395716521e-25,PLAPT,4.5113987911084905e-34,3.472562505856851e-24,1.667881582866084e-24,0.2224305357772141,0.31460167931615335,9.999000099990002e-05,0.18206189627200325,0.2700978836686938,9.999000099990002e-05,0.12400850279540486,0.18536191421276166,9.999000099990002e-05,1.0560531529030455,1.021816809953931,1.0870854598203916,1.0548361721003807,0.8462407685858774,0.8124333162369106,0.879368598638144,0.8458704871583362
3jy9,qvina,qvina_affinity_bestpose,1985,0.06727562002418988,0.0027098886447089825,0.028550673140386375,0.20355589759337303,0.019213507175949024,0.21167056942771634,QVina2,0.003941656210485793,0.2259279842033424,0.23518952158635148,0.014855756063635853,0.11831157490755594,0.0030996900309969004,-0.01738263020204128,0.07427250555822561,0.19928007199280073,-0.01319053087575726,0.05127566114411989,0.21337866213378662,1.0947488822363243,1.0580394060321676,1.1285498560083953,1.0936078610143818,0.8799613182691076,0.8410281762535238,0.9176153504246487,0.8792961688132175
3lxk,boltz2,boltz2_affinity_pred_value,755,-0.30278283213437507,1.795315076607957e-17,-0.3594003951777526,1.9462447320670266e-24,-0.27749958296222416,1.0233371966295011e-25,Boltz-2,5.1294716474513054e-17,7.784978928268106e-24,4.308788196334742e-25,-0.387208813662238,-0.21409506218127297,9.999000099990002e-05,-0.4309646468557955,-0.28532204580444975,9.999000099990002e-05,-0.33337299849864466,-0.22056414371612387,9.999000099990002e-05,1.1323830519004867,1.0799878774836824,1.1786959768376835,1.1302293289004386,1.016092556061879,0.9651233831297391,1.0596366543693094,1.0136165179224337
3lxk,dynamicbind,dynamicbind_affinity_bestpose,757,0.004697129680385458,0.8973400418941643,-0.06280054576063421,0.08421787232995773,-0.045810914210104976,0.08305587679032463,DynamicBind,0.9086987766016853,0.10208226949085784,0.10067379004887833,-0.071195322835463,0.08413168233640443,0.8989101089891011,-0.1365918094676949,0.011738399440787643,0.08249175082491751,-0.10030171638498087,0.007895663511184993,0.0826917308269173,1.1893487367648472,1.146765548672842,1.2279927668172144,1.1877484076331641,1.0882827311138754,1.0473158215050402,1.1231843871956502,1.0854934811900854
3lxk,gnina,gnina_cnn_affinity_bestpose,751,-0.19118656750151566,1.2961079077023624e-07,-0.23099390924796068,1.4885942983824458e-10,-0.16699052436605394,3.3218100059567767e-10,GNINA 1.3,2.4113635492136973e-07,3.608713450624111e-10,8.052872741713398e-10,-0.25747567477672295,-0.12334289975911857,9.999000099990002e-05,-0.29820698208821517,-0.16235061493204492,9.999000099990002e-05,-0.2177001003595315,-0.11724059251107348,9.999000099990002e-05,1.161820375883389,1.114985817793486,1.2067755042655122,1.1601296316748082,1.0428942769190626,0.9971799146451308,1.0830143181407568,1.0407404096812816
3lxk,plapt,plapt_affinity,758,0.025352222049665557,0.48583257878882125,0.06951100568545908,0.055758426132391715,0.05189811667770582,0.04938668532457924,PLAPT,0.5047611208195545,0.07080435064430694,0.0627132512058149,-0.045292083836617,0.09751590075961644,0.48385161483851613,-0.0037339692238058777,0.14201530452259364,0.0560943905609439,-0.0025998660993267184,0.10425473222312415,0.04789521047895211,1.1888912541496617,1.1460659325210736,1.2275924579297348,1.1873160156938867,1.0884230728074586,1.0495765710384841,1.1213308647368927,1.0856127668478017
3lxk,qvina,qvina_affinity_bestpose,751,-0.27363943574042204,2.3011038424801648e-14,-0.3007768907916067,3.6160839674292664e-17,-0.22632907174719685,7.610419310211938e-17,QVina2,6.13627691328044e-14,1.2053613224764223e-16,2.5368064367373125e-16,-0.33900898947430047,-0.20564631522040178,9.999000099990002e-05,-0.3689287424856498,-0.22844732128783263,9.999000099990002e-05,-0.2787446680931564,-0.17167269001644758,9.999000099990002e-05,1.138477088467102,1.0903247305257713,1.1846921361178504,1.1369358743896647,0.9974199321667027,0.9431075194718297,1.0453818360357594,0.9950866480035687
11ue,boltz2,boltz2_affinity_pred_value,274,0.8096577561886612,6.6838723844938395e-65,0.7418641556553447,3.9990761435456405e-49,0.570313300326498,1.2273736446812715e-44,Boltz-2,6.68387238449384e-64,3.554734349818347e-48,1.0909987952722415e-43,0.7516820277605283,0.8558529982262102,9.999000099990002e-05,0.6639428982957273,0.8051519789355911,9.999000099990002e-05,0.502414835281809,0.6326900298816566,9.999000099990002e-05,0.6974998852355029,0.6146121291494318,0.7707064613862731,0.6934973093414838,0.4944660119883771,0.43147949770743776,0.5582160431213514,0.49350264893823603
11ue,dynamicbind,dynamicbind_affinity_bestpose,275,0.5618308017355021,2.7902729036185197e-24,0.3085295705969491,1.7795692377853013e-07,0.20686599975141584,3.5105950285573697e-07,DynamicBind,1.116109161447408e-23,3.6503984364826693e-07,7.177911825392119e-07,0.4500895913459675,0.6489746092395535,9.999000099990002e-05,0.17204945498318286,0.4304332548152859,9.999000099990002e-05,0.1101692103395795,0.29743555090693524,9.999000099990002e-05,0.9851485514585997,0.913179340854866,1.0450605340259995,0.9807745188509128,0.8580469347700064,0.7854822755571925,0.9195682660958393,0.8531624306727706
11ue,gnina,gnina_cnn_affinity_bestpose,268,0.7364658151760668,4.650577391476713e-47,0.6822390084088958,4.739736900588327e-38,0.500277322614526,5.4760615216116546e-34,GNINA 1.3,3.72046191318137e-46,3.447081382246056e-37,3.650707681074437e-33,0.6511673424238217,0.809146902574186,9.999000099990002e-05,0.5918512047191847,0.7573933867695166,9.999000099990002e-05,0.4303939565742957,0.5685758335150537,9.999000099990002e-05,0.8040848297647027,0.700400906841316,0.8938424890912893,0.7982403293581263,0.5846971628717039,0.5089046687932319,0.6654349455842374,0.5833951524098158
11ue,plapt,plapt_affinity,275,0.2625954786664345,1.0218464165442718e-05,0.25149630965799724,2.4471910956153413e-05,0.17254377797119896,2.1509641233498164e-05,PLAPT,1.7393130494370583e-05,4.255984514113637e-05,3.8239362192885626e-05,0.13584671497886988,0.3830388422325583,9.999000099990002e-05,0.12996821165745406,0.36330823141853813,9.999000099990002e-05,0.0904008124028409,0.2554445988127796,9.999000099990002e-05,1.149076179646298,1.0516043272061077,1.2268002616659506,1.142693744189163,0.9775655832029336,0.8806748054268281,1.05633860150496,0.9707507813396374
11ue,qvina,qvina_affinity_bestpose,268,0.22113696487025772,0.00026375659623159933,0.09373347025256455,0.1258479140058564,0.06616790710205649,0.11186098518522461,QVina2,0.0004220105539705589,0.14805636941865458,0.1296938958669271,0.09425395745966084,0.3358763515621134,0.00029997000299970003,-0.03035788638942928,0.21390744539944007,0.11708829117088292,-0.01775500371843893,0.1482910866625621,0.10998900109989002,1.1592123667110237,1.0719988877761604,1.2330307503503781,1.153880165522027,0.9971913786483112,0.9079807569015671,1.0711617413232593,0.9908350122590418
4ase,boltz2,boltz2_affinity_pred_value,850,0.6940286894398445,3.861099090358743e-123,0.7046910340398457,1.6001412175569597e-128,0.5128352805714016,5.0095814419072134e-110,Boltz-2,7.722198180717486e-122,3.2002824351139193e-127,1.0019162883814428e-108,0.6541915904497977,0.7318874589055249,9.999000099990002e-05,0.6669937889352422,0.7387676438847937,9.999000099990002e-05,0.48121332858437327,0.5434799033991019,9.999000099990002e-05,0.8614028085588155,0.8085058499854489,0.9123926385210909,0.8600871167026356,0.6662450664335479,0.6272668365881859,0.7050066861726777,0.6657505068125571
4ase,dynamicbind,dynamicbind_affinity_bestpose,851,0.3078048630315267,3.9249532403238097e-20,0.2471788985322822,2.5956617776590657e-13,0.17015713991814385,1.3748925811589583e-13,DynamicBind,1.3083177467746032e-19,7.160446283197423e-13,3.928264517597024e-13,0.23645068608943462,0.3766649992103741,9.999000099990002e-05,0.17940774221400202,0.313641783003678,9.999000099990002e-05,0.12185156818070556,0.2175610047017032,9.999000099990002e-05,1.1381130463987468,1.0899344402596056,1.1837068370299466,1.1362339306356763,0.9658025298557712,0.9229962822092734,1.005979661275657,0.9639705382059554
4ase,gnina,gnina_cnn_affinity_bestpose,838,0.5586688713053716,5.958247583321817e-70,0.5485530582326361,5.1880638975083415e-67,0.3926883748251738,2.2633330652043508e-64,GNINA 1.3,7.944330111095756e-69,6.917418530011122e-66,3.6213329043269613e-63,0.5038304200901236,0.6086725377057332,9.999000099990002e-05,0.4941984839095619,0.5993554483041176,9.999000099990002e-05,0.3495475811874321,0.43286942627336417,9.999000099990002e-05,0.9933529366839173,0.9415718601080758,1.0414883162268347,0.9919220184350125,0.8000395654996848,0.7573377190934821,0.8426129764953164,0.7994202468827687
4ase,plapt,plapt_affinity,851,0.25511287786448544,4.1383375152446506e-14,0.2506053193212105,1.183770059573977e-13,0.17285086187921317,5.653738324223685e-14,PLAPT,1.0679580684502324e-13,3.382200170211363e-13,1.6751817256959067e-13,0.18823602227817607,0.3192870237342462,9.999000099990002e-05,0.18517799677969604,0.31481177096064616,9.999000099990002e-05,0.12524455251159908,0.21802529567532755,9.999000099990002e-05,1.1566082392713692,1.1074775076787213,1.2031141990071965,1.154743086830859,0.9726408472151818,0.9271207010268585,1.0142582768574941,0.9709587994388196
4ase,qvina,qvina_affinity_bestpose,838,0.4033183172259434,4.0194921039789884e-34,0.36570931443890614,6.464838506949677e-28,0.2554519802016402,1.0430486162621941e-27,QVina2,2.1437291221221275e-33,3.0422769444469066e-27,5.2152430813109706e-27,0.33823341008114605,0.4619165388289806,9.999000099990002e-05,0.3020580845823104,0.42779150232651997,9.999000099990002e-05,0.20947560651459338,0.30003618027276385,9.999000099990002e-05,1.0959577661605668,1.047547186182853,1.1420774570676067,1.094434555263297,0.9138000825847393,0.8694787582318835,0.9572027370420918,0.9125690276796691
4f65,boltz2,boltz2_affinity_pred_value,133,0.48377488154720494,3.6584234455564918e-09,0.624905312066377,9.06090960719311e-16,0.46502891409233477,2.1183741648716024e-15,Boltz-2,7.994144089159042e-09,2.7879721868286492e-15,6.518074353451084e-15,0.22057255703564738,0.7439629071973878,9.999000099990002e-05,0.482952476875166,0.740314028174168,9.999000099990002e-05,0.3555898228002699,0.5671469158408641,9.999000099990002e-05,0.4043039065116411,0.29356986805915986,0.4842452814608978,0.3913527769060075,0.27970804202452115,0.2200229711989547,0.3410463023611425,0.2775512336638956
4f65,dynamicbind,dynamicbind_affinity_bestpose,133,0.36062384510713363,2.0075942058398856e-05,0.13603450344830345,0.11845660925381687,0.09679076932198878,0.0986526890238834,DynamicBind,3.277704825861038e-05,0.141440727467244,0.11779425555090556,0.04059931169884287,0.5653204647524216,0.00019998000199980003,-0.04622039041641303,0.31094695567879393,0.12118788121187882,-0.03310925640503915,0.2253135756816226,0.0963903609639036,0.4308753216400525,0.36417265181595476,0.491570087380978,0.4259476572032223,0.33855363882533346,0.2904649603034865,0.3805528106438665,0.334098063746999
4f65,gnina,gnina_cnn_affinity_bestpose,126,0.04677427528391657,0.6029993953121789,0.18680425360935574,0.03622005796886062,0.12128918625007667,0.04423517929420488,GNINA 1.3,0.6184609182689015,0.047501715368997534,0.057077650702199854,-0.09517037956402,0.193826348743406,0.5921407859214078,0.016897967889031612,0.3502507137953681,0.038696130386961305,0.009753161810686408,0.2359277498869172,0.0461953804619538,0.46582160617872376,0.3863701253998107,0.5350386338617596,0.46048952981971014,0.34846816393936875,0.29427137776893814,0.4050975687132098,0.34739750000796166
4f65,plapt,plapt_affinity,133,0.10311509644637518,0.23756002481621316,0.06314575964401338,0.4702456528587232,0.0475403425291747,0.4172956953858187,PLAPT,0.2533973598039607,0.5015953630493047,0.44511540841153985,-0.11423451290110638,0.31364641219214995,0.23797620237976203,-0.12149976773128873,0.24191992887671987,0.47265273472652736,-0.07842858724785269,0.17767818875521427,0.43445655434456554,0.4594974811188449,0.38246269028737095,0.5265665272200672,0.4531396444616239,0.34451727529274456,0.29259965140603955,0.3949153081483005,0.3421213393196699
4f65,qvina,qvina_affinity_bestpose,126,-0.0100730266119988,0.910866696447665,-0.018819391137672715,0.8343230819004213,-0.004636247499871572,0.9394343101812681,QVina2,0.910866696447665,0.8343230819004213,0.939434310181268,-0.19336594676376936,0.17246328826636376,0.914008599140086,-0.19141431924279567,0.16102446453025676,0.8368163183681632,-0.12980284024561475,0.1186652294918637,0.9392060793920608,0.46630835475671967,0.38463961165152977,0.5355088850685508,0.4602929913948144,0.3495598447544145,0.293627950826332,0.4045513217161978,0.3466620863000882
4tz4,boltz2,boltz2_affinity_pred_value,113,0.5104934906080162,7.633068202398829e-09,0.46265559370760695,2.479259431840256e-07,0.32465418802644397,3.5889559126960594e-07,Boltz-2,1.606961726820806e-08,4.958518863680512e-07,7.177911825392119e-07,0.3694457327176137,0.6250770226514681,9.999000099990002e-05,0.2918309218279401,0.6075843289878226,9.999000099990002e-05,0.20438510123999218,0.43817979818792285,9.999000099990002e-05,0.5133009707615974,0.4385066389716604,0.574990336756811,0.5073128728412889,0.40648343949404553,0.34586232055157934,0.46402238771191934,0.4032572068347944
4tz4,dynamicbind,dynamicbind_affinity_bestpose,113,0.41758510610088834,4.190942411568981e-06,0.3247813488575037,0.00044855802011014244,0.21606678042715552,0.0007059709633464482,DynamicBind,7.288595498380836e-06,0.0007036204237021843,0.0011074054327003108,0.21725254081872408,0.5728601140720465,9.999000099990002e-05,0.13704719593117254,0.488338873985557,0.00029997000299970003,0.08707491496353616,0.3366654827455659,0.000999900009999,0.5424056790240757,0.4668302089338107,0.6066483487288493,0.5366290527217277,0.44227517053297083,0.38096370587637307,0.4961493283932464,0.43672731756184374
4tz4,gnina,gnina_cnn_affinity_bestpose,112,0.4529549492190129,5.313966904803472e-07,0.40362589550739936,1.0199336083777805e-05,0.2788525851566415,1.3587429423689637e-05,GNINA 1.3,9.661758008733584e-07,1.813215303782721e-05,2.4704417133981158e-05,0.27741336008020623,0.6063304344720107,9.999000099990002e-05,0.22696759254897805,0.5596866054306963,9.999000099990002e-05,0.15438356822296959,0.400199801359782,9.999000099990002e-05,0.534434240877177,0.44100574577640833,0.6204519939871496,0.5278680912983619,0.4050408366698089,0.33914930698266044,0.46957497446936225,0.40143010134841023
4tz4,plapt,plapt_affinity,113,0.21141308728615754,0.02458665658665379,0.13487987177179503,0.1543398074343167,0.09449953693407462,0.13848497569914114,PLAPT,0.03172471817632747,0.17894470427167153,0.1582685436561613,0.0006463240086088145,0.40161147308159456,0.0231976802319768,-0.06334274124900068,0.3219422789505532,0.15028497150284972,-0.042169700918469014,0.229055244026585,0.134986501349865,0.5834509269228123,0.49772213919839314,0.6539268395025438,0.5752712423769062,0.4633599100501597,0.3952443263952254,0.5259052953584027,0.45924972565888567
4tz4,qvina,qvina_affinity_bestpose,112,0.4743897185222098,1.264267970887465e-07,0.36857594512706604,6.371811891431031e-05,0.25945803845359716,6.589342092337432e-05,QVina2,2.4081294683570763e-07,0.00010402958190091479,0.00010758109538510093,0.3197131657131373,0.6048477211328073,9.999000099990002e-05,0.19506589296970914,0.5227775057312968,9.999000099990002e-05,0.13753985187168405,0.37373807577182766,9.999000099990002e-05,0.5277092747764243,0.44972086099187414,0.5953710913544775,0.5219415057111133,0.41510786133815814,0.35179757545788204,0.47684814908683765,0.41232699590066124
4zau,boltz2,boltz2_affinity_pred_value,219,0.5362273373256444,1.0558606489021633e-17,0.47863715869655676,6.115757590013387e-14,0.3287910902577807,5.704084014096388e-13,Boltz-2,3.1284759967471505e-17,1.8120763229669295e-13,1.573540417681762e-12,0.4419530010643367,0.6223170736910723,9.999000099990002e-05,0.36111106826621253,0.5847359274014371,9.999000099990002e-05,0.24324001679647608,0.4075938231334611,9.999000099990002e-05,0.7326418030648136,0.6527855447726014,0.8021860069172806,0.7278871734166498,0.577248844160352,0.5116429074149161,0.6383077216694873,0.5740087735610971
4zau,dynamicbind,dynamicbind_affinity_bestpose,235,0.37272662718492017,3.6972916412360573e-09,0.30556955189520235,1.8060893898964047e-06,0.2066944516354073,2.7125762249224674e-06,DynamicBind,7.994144089159042e-09,3.440170266469342e-06,5.2928316583853016e-06,0.2530425663834606,0.4825681630025937,9.999000099990002e-05,0.17765380025353533,0.4248335533344088,9.999000099990002e-05,0.11841771281487044,0.2918209111247815,9.999000099990002e-05,0.7844361249974814,0.7039212410734406,0.8551133462322427,0.779674261035576,0.6279629869531203,0.5596456847954325,0.6906569619765754,0.6247659804208775
4zau,gnina,gnina_cnn_affinity_bestpose,233,0.33953976872375297,1.0743520081936583e-07,0.3148331726832677,9.334014313432823e-07,0.20380068883706143,4.146398287275307e-06,GNINA 1.3,2.0962966013534794e-07,1.821271085547868e-06,7.897901499572013e-06,0.21993939335864446,0.4538127073875413,9.999000099990002e-05,0.1897544479399765,0.43102266283497076,9.999000099990002e-05,0.11743310194306691,0.2846514651901533,9.999000099990002e-05,0.7912136654459354,0.700535542193606,0.8760107760273685,0.7860815142455964,0.6147866152954169,0.5418189634168261,0.685893943480131,0.6120849729330261
4zau,plapt,plapt_affinity,235,0.194005533746751,0.0028208197550222444,0.0870717913450837,0.18345382132387447,0.053338143448570595,0.22603083943296676,PLAPT,0.004029742507174635,0.20670853106915432,0.24435766425185598,0.05113950966711813,0.3245646143211681,0.0026997300269973002,-0.05071472088220834,0.22469311690369845,0.18808119188081193,-0.042458515990811206,0.14687331941900175,0.2253774622537746,0.829289812497619,0.7397915578165885,0.9096798272925449,0.8244055351189432,0.643413006183143,0.5663500826920979,0.7190210128771108,0.6412622367329587
4zau,qvina,qvina_affinity_bestpose,233,0.07826254972159984,0.23403565694816564,0.02154687707111001,0.7435408648055205,0.010179950516633712,0.8214434258740078,QVina2,0.25301152102504393,0.7626060151851493,0.842506077819495,-0.06407235983314115,0.2151405550359312,0.23017698230176983,-0.11240883626852598,0.15632095042975497,0.7489251074892511,-0.08528948544802498,0.10423348519520226,0.816018398160184,0.838607061416904,0.7409748368233667,0.9270717475603926,0.8333580269624321,0.6466312393349344,0.5631284797351616,0.7270869978523327,0.6437370443572277
5jkv,boltz2,boltz2_affinity_pred_value,486,0.5685751462155247,5.780864493278286e-43,0.5776839424695622,1.3212217908776147e-44,0.4064971256294514,1.151429457420071e-40,Boltz-2,3.8539096621855244e-42,1.0569774327020918e-43,9.211435659360569e-40,0.5017398228294291,0.6329024157907829,9.999000099990002e-05,0.5096360942329361,0.6389391433557143,9.999000099990002e-05,0.3559457172707111,0.45492338973673757,9.999000099990002e-05,0.9140644005608176,0.8388445633483339,0.9873839793895595,0.911915394698609,0.6939365213585443,0.6403948894248235,0.7470381129359068,0.6928749489412664
5jkv,dynamicbind,dynamicbind_affinity_bestpose,487,0.24630596564928414,3.658512738364575e-08,0.3018191815835899,1.0265258100845761e-11,0.20167872946231127,3.325023066703572e-11,DynamicBind,7.504641514594e-08,2.7374021602255363e-11,8.580704688267281e-11,0.16271037804227895,0.32769173726494805,9.999000099990002e-05,0.21834593985966363,0.38154113241684706,9.999000099990002e-05,0.14553099648710816,0.25769593765440246,9.999000099990002e-05,1.0785112050857755,0.9976107889651885,1.1545417505865037,1.076004881355894,0.8212868702765826,0.752633686058312,0.888180378492549,0.8198696358820012
5jkv,gnina,gnina_cnn_affinity_bestpose,487,0.1436491040472469,0.0014808395932424208,0.184198051678143,4.323142415125593e-05,0.12210429123450887,5.97044880502039e-05,GNINA 1.3,0.0022352295747055406,7.205237358542654e-05,9.950748008367317e-05,0.055438168040436546,0.22964935239352247,0.0022997700229977,0.09668444538668315,0.2711774815598991,9.999000099990002e-05,0.06359456310710164,0.18131922861663569,9.999000099990002e-05,1.1012528896144014,1.0245112558672227,1.1730141072373894,1.0987663397811889,0.8550041178619494,0.7885716128607047,0.9191149631562932,0.8540233157285162
5jkv,plapt,plapt_affinity,488,0.11872000592520619,0.008660445105597301,0.1461857225628629,0.001201682877136537,0.10260468628901302,0.000732218839633204,PLAPT,0.0115472601407964,0.0017802709290911658,0.0011264905225126215,0.022366659071853853,0.21541470076003458,0.006799320067993201,0.05479102900851273,0.23723937385400787,0.0014998500149985001,0.03875026112341411,0.16491467749126199,0.0008999100089991,1.107767266813455,1.0334959131013546,1.1779627034688054,1.104820477379012,0.8646499169403051,0.7998672036469473,0.9283198646662878,0.863318488254317
5jkv,qvina,qvina_affinity_bestpose,487,0.13000453028677667,0.004055882331969885,0.15576677855343898,0.0005611709665092136,0.10185576847709822,0.0009339042997206256,QVina2,0.005613334297598243,0.0008633399484757133,0.001383561925512038,0.04297144671718733,0.21514855124890273,0.0047995200479952005,0.07078767186460898,0.2389135247125458,0.00039996000399960006,0.044807205934667194,0.1584766529916505,0.0008999100089991,1.10335018864277,1.0251624852667653,1.1750623228482264,1.1007504917821067,0.8522581018971014,0.7867463230912648,0.9164426457054834,0.8512129404106238
5mo4,boltz2,boltz2_affinity_pred_value,679,0.4191433596279647,2.880091663492931e-30,0.4352077452705411,9.442315274137458e-33,0.2895624821991895,3.1244330434946864e-29,Boltz-2,1.4400458317464654e-29,5.810655553315359e-32,1.7853903105683922e-28,0.3610014526829893,0.47583876966966304,9.999000099990002e-05,0.37351865050674565,0.4929899894622041,9.999000099990002e-05,0.2452639089229182,0.33113174087790087,9.999000099990002e-05,1.22623088957567,1.1695807664034887,1.2799897917040142,1.2246275320393376,1.014781617757323,0.9604993696200054,1.0662086289446873,1.0130080966781625
5mo4,dynamicbind,dynamicbind_affinity_bestpose,682,0.5960052180784287,8.10119090124656e-67,0.6076320875181561,4.571460400287273e-70,0.42933747134881356,1.8640296787879001e-62,DynamicBind,9.258503887138925e-66,7.314336640459637e-69,2.4853729050505334e-61,0.5440010940540569,0.6464619278834272,9.999000099990002e-05,0.5543637599602381,0.6570764843899132,9.999000099990002e-05,0.38940209717206553,0.4685582465864161,9.999000099990002e-05,1.0847692309924832,1.0232175814484898,1.1410672964586095,1.0824820108472815,0.8590761838117134,0.8044337191819938,0.9124226203970565,0.8578163897322214
5mo4,gnina,gnina_cnn_affinity_bestpose,682,0.37337098611189146,5.507876893918769e-24,0.41525484234363114,8.253598333164274e-30,0.28035006550265246,1.3134663113378698e-27,GNINA 1.3,2.0361509041198442e-23,4.1267991665821367e-29,6.181017935707623e-27,0.3057424161047296,0.437868879127391,9.999000099990002e-05,0.3511746660858786,0.47641024901307577,9.999000099990002e-05,0.2371616168752717,0.32313351887398883,9.999000099990002e-05,1.2532321011744665,1.1917448194244886,1.307969001285857,1.2507402180145095,1.0343273075077353,0.9784472567526569,1.0882098680881074,1.0327054017738857
5mo4,plapt,plapt_affinity,682,0.23539770093887352,4.851608047764232e-10,0.2556045434923288,1.2374338043035779e-11,0.174129727149543,1.3366002235948307e-11,PLAPT,1.1089389823461101e-09,3.1933775594931045e-11,3.564267262919549e-11,0.15295327879987744,0.3145508925528119,9.999000099990002e-05,0.18055537495922108,0.3284820032505356,9.999000099990002e-05,0.12013311436021479,0.22423962713903955,9.999000099990002e-05,1.3129661240754547,1.253911977242892,1.3674282944784653,1.3104315786243497,1.096370048088054,1.0350463430748262,1.1550482592389546,1.0947066104447172
5mo4,qvina,qvina_affinity_bestpose,682,0.4102481197204603,4.5440281485757694e-29,0.41829974152923316,2.8837738518549108e-30,0.2874693765965365,2.263444222355724e-28,QVina2,2.138366187565068e-28,1.6478707724885203e-29,1.2071702519230527e-27,0.347715432170634,0.470930411453417,9.999000099990002e-05,0.35242769001466323,0.4787928804371783,9.999000099990002e-05,0.24061464002658714,0.33195262868868325,9.999000099990002e-05,1.2320114911717477,1.1720955445831878,1.287570939327541,1.2299574579175914,1.0222431610744844,0.965536444619681,1.074967133921805,1.020351186087455
6gqj,boltz2,boltz2_affinity_pred_value,1089,0.3605885586097467,8.836039840527345e-35,0.3579439862891114,2.9134485897115917e-34,0.2677174607530774,5.24314587395114e-34,Boltz-2,5.049165623158483e-34,1.9422990598077278e-33,3.650707681074437e-33,0.3054967019170775,0.413884530755305,9.999000099990002e-05,0.301890937180057,0.41338072729568176,9.999000099990002e-05,0.22491155861239,0.31078426614414373,9.999000099990002e-05,0.8219106738974554,0.7764673569407902,0.8639355430416126,0.8204583936190073,0.6217024379832649,0.5842097792618107,0.6586565298936399,0.6210131949626883
6gqj,dynamicbind,dynamicbind_affinity_bestpose,1089,0.05457282327051171,0.07183277162034751,0.17925764851492318,2.5687323092924117e-09,0.12767370104302936,6.718797514898607e-09,DynamicBind,0.08450914308276178,5.708294020649804e-09,1.4527129761942935e-08,-0.0015607741612388834,0.1106731677124516,0.0694930506949305,0.12149498253893379,0.23755059078811716,9.999000099990002e-05,0.08714083490907104,0.1700011752081256,9.999000099990002e-05,0.8798797856829056,0.8278339589690152,0.929225844193865,0.8784030426716488,0.6440311511813082,0.6102271732401885,0.6777843491719722,0.6436375204184688
6gqj,gnina,gnina_cnn_affinity_bestpose,1085,0.26280583096041343,1.3458750366604168e-18,0.3350068999348631,7.263782940020666e-30,0.24818596150582495,2.5973432060639655e-29,GNINA 1.3,4.141153958955129e-18,3.874017568011022e-29,1.598365049885517e-28,0.20679139312973677,0.3200891442553818,9.999000099990002e-05,0.2807030746312973,0.3887742204114064,9.999000099990002e-05,0.20738594355952975,0.2883912236890729,9.999000099990002e-05,0.8474557477112852,0.7958953121604908,0.8982870006811184,0.84608133775425,0.6309893698506982,0.5951176598205236,0.6669036043659037,0.630407181318195
6gqj,plapt,plapt_affinity,1089,0.08698668495448333,0.004069667365758726,0.13881141870822714,4.269924150607165e-06,0.09949451044822862,6.238004608717773e-06,PLAPT,0.005613334297598243,7.944044931362168e-06,1.1605589969707485e-05,0.0319656051113249,0.14067091301658474,0.004299570042995701,0.08050398219768443,0.19668398241697846,9.999000099990002e-05,0.057413302834680276,0.14141970818607158,9.999000099990002e-05,0.8778527609450762,0.8259778170584607,0.9266163030719871,0.8764223478593957,0.6415921056861239,0.608973246193598,0.6758512621347662,0.6418238831966386
6gqj,qvina,qvina_affinity_bestpose,1085,0.036679174493986846,0.2273546320159779,0.008628629049930834,0.7764877847534558,0.009365930685763104,0.674832704380077,QVina2,0.2491557611134004,0.7863167440541325,0.7011248876676125,-0.024042823054093193,0.0953273395506462,0.23307669233076692,-0.05287568479928538,0.07098399633730137,0.7814218578142186,-0.03472940966819052,0.054496405499230356,0.6755324467553244,0.8777391227692274,0.8274751895950699,0.9261783873224981,0.8764458742322763,0.648719934456095,0.6158892878924708,0.6807718819962969,0.6480092380052921
6jok,boltz2,boltz2_affinity_pred_value,249,0.8518773732046081,2.488693980373899e-71,0.7973858528844271,4.211231474408782e-56,0.6001876814138286,7.855130890832703e-45,Boltz-2,3.981910368598238e-70,4.211231474408782e-55,7.855130890832704e-44,0.8071942611852955,0.8895023810309358,9.999000099990002e-05,0.73651876106192,0.8443465500592781,9.999000099990002e-05,0.5426197479469346,0.6546494110705495,9.999000099990002e-05,0.6623059640045822,0.5751043604714788,0.7424076353386279,0.657351799487459,0.4667162023903809,0.40812673920760284,0.5270036626377377,0.4657392713526644
6jok,dynamicbind,dynamicbind_affinity_bestpose,250,0.5602952864536721,4.58948221312895e-22,0.3242433954366493,1.5765359693221554e-07,0.2204424437217603,2.3348335705537634e-07,DynamicBind,1.5963416393492e-21,3.319023093309801e-07,4.91543909590266e-07,0.4479875745211144,0.6490877457664798,9.999000099990002e-05,0.1851585783518936,0.4525604284110921,9.999000099990002e-05,0.1212329434371379,0.3156668350990077,9.999000099990002e-05,1.046790973332982,0.973417196549169,1.1078583336528487,1.0412555550954745,0.9287631340308954,0.845018802309931,0.9945952812202797,0.9223060726278889
6jok,gnina,gnina_cnn_affinity_bestpose,242,0.6243805884873553,1.4637464068733977e-27,0.565526786092749,7.41332435185231e-22,0.402367189398292,1.6972858356971805e-20,GNINA 1.3,6.50553958610399e-27,2.6957543097644762e-21,6.171948493444293e-20,0.5366636055570355,0.7040185903775659,9.999000099990002e-05,0.46376087104166724,0.6562763048166144,9.999000099990002e-05,0.3261864703155185,0.47463560203088206,9.999000099990002e-05,0.9814767110578894,0.8739921278857161,1.0770131349322425,0.9759778263025559,0.7250686491862289,0.6355916186640082,0.8125333888719402,0.7223281577131134
6jok,plapt,plapt_affinity,250,0.30042909260872624,1.3073338439844012e-06,0.2622627416214091,2.672669970533845e-05,0.17662499076886942,3.431695136060248e-05,PLAPT,2.324149055972269e-06,4.5492254817597365e-05,5.8411832103153166e-05,0.16668149034256852,0.4227146462558172,9.999000099990002e-05,0.13291102413993386,0.3868585551253511,0.00019998000199980003,0.08357618939961396,0.2669721130558213,9.999000099990002e-05,1.2054111899238262,1.1053038300640654,1.2922655579123983,1.1983365912163308,1.0283733168697882,0.9280355338164775,1.1132721131196401,1.0209001643963627
6jok,qvina,qvina_affinity_bestpose,242,0.4070369745548853,4.498939652690064e-11,0.2824483355641978,8.108137593508318e-06,0.18685058194627868,2.3591099928959325e-05,QVina2,1.0585740359270739e-10,1.4742068351833307e-05,4.1027999876451e-05,0.27611029605058957,0.5247640825138085,9.999000099990002e-05,0.15278408493036752,0.4045632334744176,9.999000099990002e-05,0.09188722608620097,0.28084492742318273,0.00019998000199980003,1.147700712541229,1.0494203428821836,1.2338245091784035,1.1411185021223715,0.9529263963809247,0.8548611166272804,1.0385809969873225,0.9461859746959661
5lf3,boltz2,boltz2_affinity_pred_value,83,0.6690814738944671,4.717205314570619e-12,0.6359156816470823,1.0508854856572712e-10,0.4581680403024464,8.932481297445303e-10,Boltz-2,1.1435649247443925e-11,2.627213714143178e-10,2.1017603052812476e-09,0.5513685740361173,0.7635094413309073,9.999000099990002e-05,0.4682479357244853,0.7562403894737255,9.999000099990002e-05,0.329370477932321,0.5714323761000805,9.999000099990002e-05,0.9639904363341665,0.8120825854390993,1.0870140331394915,0.9493293573334753,0.7805875093110962,0.6414139005213669,0.8954185104156139,0.7671542489635216
5lf3,dynamicbind,dynamicbind_affinity_bestpose,83,0.3480890283406597,0.0012613736203618067,0.3867277489615899,0.00030453345267122305,0.2558447978582339,0.0006225557082032775,DynamicBind,0.0019405748005566258,0.00048725352427395687,0.000996089133125244,0.20526237112627355,0.4874764735435608,0.0011998800119988001,0.19693325878226978,0.5502568555895135,0.00039996000399960006,0.13110408293272305,0.37146425683150347,0.0006999300069993001,1.2159811665653448,0.9897784474642801,1.3936011875935108,1.19902004311286,0.9214388026584196,0.7111280751832545,1.1267192501872043,0.9151427448223114
5lf3,gnina,gnina_cnn_affinity_bestpose,83,0.3535273034409142,0.0010436218907024833,0.34637364033270057,0.0013381466197455942,0.22937809463152004,0.0021576030304221493,GNINA 1.3,0.001637053946199974,0.0019463950832663188,0.0029760041798926194,0.188384846010446,0.4985250680025104,0.0011998800119988001,0.1388575874221594,0.5209289778996018,0.0018998100189981002,0.09058236952391048,0.3566551980848645,0.0018998100189981002,1.213338617813453,0.9862030898136712,1.3958789594953376,1.196650275357213,0.9431302527337951,0.7314729270206319,1.120903566972034,0.9276815771258216
5lf3,plapt,plapt_affinity,83,0.326531826473861,0.002588712097317659,0.33998205329629133,0.0016628797958388492,0.23820032904042465,0.0014444393900482101,PLAPT,0.0038351290330631985,0.00237554256548407,0.002101002749161033,0.12698762559444088,0.5069170055956101,0.0020997900209979003,0.12130740255687562,0.5302543362378142,0.0024997500249975004,0.0885322523263119,0.38391194034430937,0.0018998100189981002,1.2260009079465215,0.9912268031066106,1.4021047295264373,1.2067994711723218,0.9624639014146474,0.7384992941868315,1.1539338440724776,0.9455458459662357
5lf3,qvina,qvina_affinity_bestpose,83,-0.1619315454037236,0.14358644474453414,-0.14905320934048524,0.17866674411008798,-0.09395838778387128,0.21864071062189727,QVina2,0.1640987939937533,0.20419056469724342,0.23960625821577783,-0.355742476681597,0.03966480126708149,0.13858614138586142,-0.3573360484186707,0.07264095188368896,0.17548245175482452,-0.24448550853051548,0.060329161013998184,0.22187781221877811,1.2799807391468596,1.0332851749482808,1.4711113993633875,1.2607031669236086,0.9809403780706886,0.748830191991457,1.2003711706377347,0.9680931027404295
7kk3,boltz2,boltz2_affinity_pred_value,1047,0.737409919941985,2.793133633954634e-180,0.7248448398310735,2.5874980423316106e-171,0.5385099360902865,4.5260200021086715e-149,Boltz-2,7.448356357212357e-179,6.899994779550962e-170,1.206938667228979e-147,0.7086711339411376,0.7637223095951404,9.999000099990002e-05,0.6900656047291889,0.7560199303427088,9.999000099990002e-05,0.5095019552378396,0.5671966483517302,9.999000099990002e-05,0.6334568415653948,0.607864435219101,0.6580453037260875,0.6328786480223857,0.5076016207150952,0.48343064889311144,0.5315773076627273,0.5072615111101783
7kk3,dynamicbind,dynamicbind_affinity_bestpose,1047,0.060446934194125834,0.050541047495903116,-0.010428674025075217,0.7360787299525573,-0.00267387226750822,0.8972662554855069,DynamicBind,0.062204366148803834,0.7626060151851493,0.908624056187855,-0.00491371835819613,0.12550276499033375,0.050294970502949704,-0.07062924144553842,0.05004271102507204,0.7388261173882612,-0.04263892275812698,0.037137004978978816,0.8992100789921008,0.9361207076983594,0.9032264527223296,0.9678772425209661,0.9350133311746384,0.7921874005626747,0.7605744527606327,0.821141716159144,0.7912560238633095
7kk3,gnina,gnina_cnn_affinity_bestpose,929,0.3386034808599486,2.356814563541681e-26,0.34179289402982277,7.487347038880662e-27,0.23291380047586835,3.408602317793959e-26,GNINA 1.3,9.92342974122813e-26,3.327709795058072e-26,1.5149343634639817e-25,0.27995216137262185,0.3947183578455592,9.999000099990002e-05,0.280897556858033,0.3981105233902855,9.999000099990002e-05,0.19205013092431475,0.2727662480142463,9.999000099990002e-05,0.8986383075563422,0.863688998544295,0.9317266473645957,0.8974084509485254,0.7429681145379207,0.7080783066479832,0.7756658030717839,0.7420771504185295
7kk3,plapt,plapt_affinity,1049,0.4510344863546688,1.0621386336778888e-53,0.46119121905464516,2.273277278890621e-56,0.31174434719676036,2.638936928156676e-51,PLAPT,9.441232299359011e-53,2.5980311758749954e-55,3.015927917893344e-50,0.4047564158763772,0.4966029046785596,9.999000099990002e-05,0.41420855368139137,0.5074720861188639,9.999000099990002e-05,0.27838167403197056,0.3451320657655465,9.999000099990002e-05,0.8375327038072554,0.801810904716191,0.8721685768632745,0.8368167633972081,0.6815602428238297,0.6510419477619503,0.7115959591810993,0.6808802908372166
7kk3,qvina,qvina_affinity_bestpose,928,0.2428011065671541,6.430786835354137e-14,0.26365992272812505,3.188050494028444e-16,0.177242682353482,1.9096785679641395e-15,QVina2,1.6076967088385342e-13,1.020176158089102e-15,6.110971417485247e-15,0.1843607556251135,0.3007025566824717,9.999000099990002e-05,0.20232376279427366,0.3228089453092169,9.999000099990002e-05,0.13511696520020147,0.21867270494191915,9.999000099990002e-05,0.926802842281715,0.8918467617303129,0.9590636775343543,0.9256163291138307,0.7911832692780023,0.7579772595696269,0.822328538874473,0.7903442686484312
