method_id,method_label,summary,pearson_r,spearman_rho,kendall_tau
boltz2,Boltz-2,median_across_targets,0.5524012417705846,0.5881316654163011,0.4259756014848377
boltz2,Boltz-2,pooled_all_ligands,0.6518045845529435,0.6626877618574746,0.4862190515505879
dynamicbind,DynamicBind,median_across_targets,0.3079911506657192,0.2331750690051987,0.1601575250332647
dynamicbind,DynamicBind,pooled_all_ligands,0.4787885249168633,0.4428786153298253,0.3038100895093167
gnina,GNINA 1.3,median_across_targets,0.30070465591018103,0.3249200363090654,0.2165893917342907
gnina,GNINA 1.3,pooled_all_ligands,0.22879797105242872,0.21936723398143387,0.15081117675687014
plapt,PLAPT,median_across_targets,0.21138650134065418,0.142498570635545,0.10104959836862079
plapt,PLAPT,pooled_all_ligands,0.31633756051204104,0.31223998599998265,0.21345833872222242
qvina,QVina2,median_across_targets,0.11606541366852005,0.1037690220064464,0.07193161456047731
qvina,QVina2,pooled_all_ligands,-0.010189321843118479,-0.043400143165073415,-0.032754406026807764
