target,n_scaffolds_murcko,n_pki,pki_min,pki_max,pki_range,pki_sd,pki_iqr,pki_mean,pki_median,n_points_boltz2,pearson_r_boltz2,pearson_r_Boltz-2,n_points_dynamicbind,pearson_r_dynamicbind,pearson_r_DynamicBind,n_points_gnina,pearson_r_gnina,pearson_r_GNINA 1.3,n_points_plapt,pearson_r_plapt,pearson_r_PLAPT,n_points_qvina,pearson_r_qvina,pearson_r_QVina2
1g5m,135,244,4.080921907623926,9.853871964321762,5.772950056697836,0.7978128564925296,0.8568245799820415,6.173836337943154,6.119186407719209,244,0.4936495083266192,0.4936495083266192,244,0.1631231107614572,0.1631231107614572,242,0.0920225840064548,0.0920225840064548,244,-0.0578233559366042,-0.0578233559366042,244,0.1021262970502635,0.1021262970502635
2v5z,113,213,4.0,9.88941028970075,5.88941028970075,1.3273323412080007,2.010723865391773,5.901653937304151,5.619788758288394,208,0.2940283585266182,0.2940283585266182,212,-0.1536326600048215,-0.1536326600048215,212,-0.0877329395487016,-0.0877329395487016,213,-0.1345873333869574,-0.1345873333869574,212,0.1863111217640347,0.1863111217640347
3eyg,885,2234,5.337242168318426,10.494850021680094,5.157607853361668,0.7640771219505557,0.6873662213684923,8.846313860851353,9.036212172654444,2232,0.6953137432334764,0.6953137432334764,2233,0.192636065585385,0.192636065585385,2195,0.0409369485602591,0.0409369485602591,2234,0.2113599153951509,0.2113599153951509,2201,-0.0407544846552831,-0.0407544846552831
3jy9,821,2014,5.346787486224656,10.886056647693165,5.539269161468509,1.0969103939033846,1.337909985389608,8.586492835638753,8.989281301766454,2009,0.7503734740849952,0.7503734740849952,2013,0.3081774382999117,0.3081774382999117,1986,0.1228919753513684,0.1228919753513684,2014,0.2695316222225098,0.2695316222225098,1985,0.0672756200241898,0.0672756200241898
3lxk,254,758,5.0,10.980468315468745,5.980468315468745,1.1900587677960615,1.9586073148417746,8.50013075010096,9.259637310505756,755,-0.302782832134375,-0.302782832134375,757,0.0046971296803854,0.0046971296803854,751,-0.1911865675015156,-0.1911865675015156,758,0.0253522220496655,0.0253522220496655,751,-0.273639435740422,-0.273639435740422
11ue,163,275,4.200000030616179,9.899974269892136,5.6999742392759565,1.1930396415463758,1.711016284718835,7.171223010524489,7.67778070526608,274,0.8096577561886612,0.8096577561886612,275,0.5618308017355021,0.5618308017355021,268,0.7364658151760668,0.7364658151760668,275,0.2625954786664345,0.2625954786664345,268,0.2211369648702577,0.2211369648702577
4ase,472,851,4.0,10.455931955649724,6.455931955649724,1.196892024520006,1.8088562414418545,6.814673374776573,6.809668301829708,850,0.6940286894398445,0.6940286894398445,851,0.3078048630315267,0.3078048630315267,838,0.5586688713053716,0.5586688713053716,851,0.2551128778644854,0.2551128778644854,838,0.4033183172259434,0.4033183172259434
4f65,50,133,5.801342913045577,8.795880017344075,2.994537104298498,0.46370653758073827,0.5322187715344802,7.291008910982007,7.29413628771608,133,0.4837748815472049,0.4837748815472049,133,0.3606238451071336,0.3606238451071336,126,0.0467742752839165,0.0467742752839165,133,0.1031150964463751,0.1031150964463751,126,-0.0100730266119988,-0.0100730266119988
4tz4,48,113,3.282329496997738,6.886056647693163,3.603727150695425,0.5996027711097969,0.8465384873775639,4.996474304206062,5.080921907623926,113,0.5104934906080162,0.5104934906080162,113,0.4175851061008883,0.4175851061008883,112,0.4529549492190129,0.4529549492190129,113,0.2114130872861575,0.2114130872861575,112,0.4743897185222098,0.4743897185222098
4zau,147,235,4.619788758288394,9.853871964321762,5.234083206033368,0.8471554963370883,0.9969109781615257,6.651158369504766,6.499996931948306,219,0.5362273373256444,0.5362273373256444,235,0.3727266271849201,0.3727266271849201,233,0.3395397687237529,0.3395397687237529,235,0.194005533746751,0.194005533746751,233,0.0782625497215998,0.0782625497215998
5jkv,143,488,4.0,10.346787486224656,6.346787486224656,1.1168023022530935,1.500187060918761,7.084063568787325,7.209190126617205,486,0.5685751462155247,0.5685751462155247,487,0.2463059656492841,0.2463059656492841,487,0.1436491040472469,0.1436491040472469,488,0.1187200059252061,0.1187200059252061,487,0.1300045302867766,0.1300045302867766
5mo4,209,682,4.236572006437063,10.730487055782085,6.493915049345022,1.3519198917629012,2.209705932170019,8.119700782670856,8.301029995663981,679,0.4191433596279647,0.4191433596279647,682,0.5960052180784287,0.5960052180784287,682,0.3733709861118914,0.3733709861118914,682,0.2353977009388735,0.2353977009388735,682,0.4102481197204603,0.4102481197204603
6gqj,352,1089,5.236572006437063,9.79997073344623,4.563398727009167,0.881597812455796,0.7781512503836439,6.17985884849909,6.301029995663981,1089,0.3605885586097467,0.3605885586097467,1089,0.0545728232705117,0.0545728232705117,1085,0.2628058309604134,0.2628058309604134,1089,0.0869866849544833,0.0869866849544833,1085,0.0366791744939868,0.0366791744939868
6jok,149,250,4.0,10.100015437450608,6.100015437450608,1.2663283824773255,1.904927303601358,6.948544159305433,7.474311816158548,249,0.8518773732046081,0.8518773732046081,250,0.5602952864536721,0.5602952864536721,242,0.6243805884873553,0.6243805884873553,250,0.3004290926087262,0.3004290926087262,242,0.4070369745548853,0.4070369745548853
5lf3,42,83,4.221848749616356,9.886056647693165,5.664207898076809,1.304985049763212,1.3299944326128275,6.269851286234214,5.958607314841775,83,0.6690814738944671,0.6690814738944671,83,0.3480890283406597,0.3480890283406597,83,0.3535273034409142,0.3535273034409142,83,0.326531826473861,0.326531826473861,83,-0.1619315454037236,-0.1619315454037236
7kk3,489,1049,4.0,10.0,6.0,0.938852741049373,1.4771212547196626,7.655022001793796,7.698970004336019,1047,0.737409919941985,0.737409919941985,1047,0.0604469341941258,0.0604469341941258,929,0.3386034808599486,0.3386034808599486,1049,0.4510344863546688,0.4510344863546688,928,0.2428011065671541,0.2428011065671541
